nohup: ignoring input
2025-12-15 05:49:31,315 | INFO |Entry CalA_1_Napthyl_acetate_0_chai: Single ligand detected. Running standard mode...
2025-12-15 05:52:48,063 | INFO |Entry CalA_Ethyl_3_oxohexanoate_0_chai: Single ligand detected. Running standard mode...
2025-12-15 05:53:07,209 | ERROR |PLACER failed for CalA_Ethyl_3_oxohexanoate_0_chai: Traceback (most recent call last):
  File "/nvme2/helen/EnzymeStructuralFiltering/filterzyme/PLACER/run_PLACER.py", line 282, in <module>
    main(args)
  File "/nvme2/helen/EnzymeStructuralFiltering/filterzyme/PLACER/run_PLACER.py", line 196, in main
    outputs = placer.run(placer_input_iter, args.nsamples)
  File "/nvme2/helen/EnzymeStructuralFiltering/filterzyme/PLACER/PLACER.py", line 405, in run
    Xs,Ds,plDDTs,pDEVs = self.net()(**{k:item[k] for k in input_keys}, recycles=recycles, save_recycling_data=save_recycling_data)
  File "/home/helen/miniconda3/envs/placer_env/lib/python3.10/site-packages/torch/nn/modules/module.py", line 1532, in _wrapped_call_impl
    return self._call_impl(*args, **kwargs)
  File "/home/helen/miniconda3/envs/placer_env/lib/python3.10/site-packages/torch/nn/modules/module.py", line 1541, in _call_impl
    return forward_call(*args, **kwargs)
  File "/nvme2/helen/EnzymeStructuralFiltering/filterzyme/PLACER/modules/model.py", line 281, in forward
    single = self.init_single(f1d)
  File "/home/helen/miniconda3/envs/placer_env/lib/python3.10/site-packages/torch/nn/modules/module.py", line 1532, in _wrapped_call_impl
    return self._call_impl(*args, **kwargs)
  File "/home/helen/miniconda3/envs/placer_env/lib/python3.10/site-packages/torch/nn/modules/module.py", line 1541, in _call_impl
    return forward_call(*args, **kwargs)
  File "/nvme2/helen/EnzymeStructuralFiltering/filterzyme/PLACER/modules/model.py", line 155, in forward
    return self.net(f1d)
  File "/home/helen/miniconda3/envs/placer_env/lib/python3.10/site-packages/torch/nn/modules/module.py", line 1532, in _wrapped_call_impl
    return self._call_impl(*args, **kwargs)
  File "/home/helen/miniconda3/envs/placer_env/lib/python3.10/site-packages/torch/nn/modules/module.py", line 1541, in _call_impl
    return forward_call(*args, **kwargs)
  File "/home/helen/miniconda3/envs/placer_env/lib/python3.10/site-packages/torch/nn/modules/container.py", line 217, in forward
    input = module(input)
  File "/home/helen/miniconda3/envs/placer_env/lib/python3.10/site-packages/torch/nn/modules/module.py", line 1532, in _wrapped_call_impl
    return self._call_impl(*args, **kwargs)
  File "/home/helen/miniconda3/envs/placer_env/lib/python3.10/site-packages/torch/nn/modules/module.py", line 1541, in _call_impl
    return forward_call(*args, **kwargs)
  File "/home/helen/miniconda3/envs/placer_env/lib/python3.10/site-packages/torch/nn/modules/linear.py", line 116, in forward
    return F.linear(input, self.weight, self.bias)
RuntimeError: CUDA error: CUBLAS_STATUS_NOT_INITIALIZED when calling `cublasCreate(handle)`

2025-12-15 05:53:07,213 | INFO |Entry CalA_Geranyl_acetate_0_chai: Single ligand detected. Running standard mode...
2025-12-15 05:56:22,980 | INFO |Entry CalA_L_Pantolactone_0_chai: Single ligand detected. Running standard mode...
2025-12-15 05:59:30,134 | INFO |Entry CalA_Vinyl_propionate_0_chai: Single ligand detected. Running standard mode...
2025-12-15 06:02:50,959 | INFO |Entry CalB_1_Napthyl_acetate_0_chai: Single ligand detected. Running standard mode...
2025-12-15 06:03:12,178 | ERROR |CUDA OOM on CalB_1_Napthyl_acetate_0_chai.
2025-12-15 06:03:12,180 | INFO |Entry CalB_Ethyl_3_oxohexanoate_0_chai: Single ligand detected. Running standard mode...
2025-12-15 06:03:37,921 | ERROR |CUDA OOM on CalB_Ethyl_3_oxohexanoate_0_chai.
2025-12-15 06:03:37,924 | INFO |Entry CalB_Geranyl_acetate_0_chai: Single ligand detected. Running standard mode...
2025-12-15 06:04:03,682 | ERROR |CUDA OOM on CalB_Geranyl_acetate_0_chai.
2025-12-15 06:04:03,685 | INFO |Entry CalB_L_Pantolactone_0_chai: Single ligand detected. Running standard mode...
2025-12-15 06:04:29,856 | ERROR |CUDA OOM on CalB_L_Pantolactone_0_chai.
2025-12-15 06:04:29,859 | INFO |Entry CalB_Vinyl_propionate_0_chai: Single ligand detected. Running standard mode...
2025-12-15 06:04:56,146 | ERROR |CUDA OOM on CalB_Vinyl_propionate_0_chai.
2025-12-15 06:04:56,149 | INFO |Entry EH100_1_Napthyl_acetate_0_chai: Single ligand detected. Running standard mode...
2025-12-15 06:05:20,986 | ERROR |CUDA OOM on EH100_1_Napthyl_acetate_0_chai.
2025-12-15 06:05:20,989 | INFO |Entry EH100_Ethyl_3_oxohexanoate_0_chai: Single ligand detected. Running standard mode...
2025-12-15 06:07:55,888 | INFO |Entry EH100_Geranyl_acetate_0_chai: Single ligand detected. Running standard mode...
2025-12-15 06:11:17,675 | INFO |Entry EH100_L_Pantolactone_0_chai: Single ligand detected. Running standard mode...
2025-12-15 06:11:38,821 | ERROR |PLACER failed for EH100_L_Pantolactone_0_chai: Traceback (most recent call last):
  File "/nvme2/helen/EnzymeStructuralFiltering/filterzyme/PLACER/run_PLACER.py", line 282, in <module>
    main(args)
  File "/nvme2/helen/EnzymeStructuralFiltering/filterzyme/PLACER/run_PLACER.py", line 196, in main
    outputs = placer.run(placer_input_iter, args.nsamples)
  File "/nvme2/helen/EnzymeStructuralFiltering/filterzyme/PLACER/PLACER.py", line 405, in run
    Xs,Ds,plDDTs,pDEVs = self.net()(**{k:item[k] for k in input_keys}, recycles=recycles, save_recycling_data=save_recycling_data)
  File "/home/helen/miniconda3/envs/placer_env/lib/python3.10/site-packages/torch/nn/modules/module.py", line 1532, in _wrapped_call_impl
    return self._call_impl(*args, **kwargs)
  File "/home/helen/miniconda3/envs/placer_env/lib/python3.10/site-packages/torch/nn/modules/module.py", line 1541, in _call_impl
    return forward_call(*args, **kwargs)
  File "/nvme2/helen/EnzymeStructuralFiltering/filterzyme/PLACER/modules/model.py", line 281, in forward
    single = self.init_single(f1d)
  File "/home/helen/miniconda3/envs/placer_env/lib/python3.10/site-packages/torch/nn/modules/module.py", line 1532, in _wrapped_call_impl
    return self._call_impl(*args, **kwargs)
  File "/home/helen/miniconda3/envs/placer_env/lib/python3.10/site-packages/torch/nn/modules/module.py", line 1541, in _call_impl
    return forward_call(*args, **kwargs)
  File "/nvme2/helen/EnzymeStructuralFiltering/filterzyme/PLACER/modules/model.py", line 155, in forward
    return self.net(f1d)
  File "/home/helen/miniconda3/envs/placer_env/lib/python3.10/site-packages/torch/nn/modules/module.py", line 1532, in _wrapped_call_impl
    return self._call_impl(*args, **kwargs)
  File "/home/helen/miniconda3/envs/placer_env/lib/python3.10/site-packages/torch/nn/modules/module.py", line 1541, in _call_impl
    return forward_call(*args, **kwargs)
  File "/home/helen/miniconda3/envs/placer_env/lib/python3.10/site-packages/torch/nn/modules/container.py", line 217, in forward
    input = module(input)
  File "/home/helen/miniconda3/envs/placer_env/lib/python3.10/site-packages/torch/nn/modules/module.py", line 1532, in _wrapped_call_impl
    return self._call_impl(*args, **kwargs)
  File "/home/helen/miniconda3/envs/placer_env/lib/python3.10/site-packages/torch/nn/modules/module.py", line 1541, in _call_impl
    return forward_call(*args, **kwargs)
  File "/home/helen/miniconda3/envs/placer_env/lib/python3.10/site-packages/torch/nn/modules/linear.py", line 116, in forward
    return F.linear(input, self.weight, self.bias)
RuntimeError: CUDA error: CUBLAS_STATUS_NOT_INITIALIZED when calling `cublasCreate(handle)`

2025-12-15 06:11:38,823 | INFO |Entry EH100_Vinyl_propionate_0_chai: Single ligand detected. Running standard mode...
2025-12-15 06:12:00,449 | ERROR |PLACER failed for EH100_Vinyl_propionate_0_chai: Traceback (most recent call last):
  File "/nvme2/helen/EnzymeStructuralFiltering/filterzyme/PLACER/run_PLACER.py", line 282, in <module>
    main(args)
  File "/nvme2/helen/EnzymeStructuralFiltering/filterzyme/PLACER/run_PLACER.py", line 196, in main
    outputs = placer.run(placer_input_iter, args.nsamples)
  File "/nvme2/helen/EnzymeStructuralFiltering/filterzyme/PLACER/PLACER.py", line 405, in run
    Xs,Ds,plDDTs,pDEVs = self.net()(**{k:item[k] for k in input_keys}, recycles=recycles, save_recycling_data=save_recycling_data)
  File "/home/helen/miniconda3/envs/placer_env/lib/python3.10/site-packages/torch/nn/modules/module.py", line 1532, in _wrapped_call_impl
    return self._call_impl(*args, **kwargs)
  File "/home/helen/miniconda3/envs/placer_env/lib/python3.10/site-packages/torch/nn/modules/module.py", line 1541, in _call_impl
    return forward_call(*args, **kwargs)
  File "/nvme2/helen/EnzymeStructuralFiltering/filterzyme/PLACER/modules/model.py", line 281, in forward
    single = self.init_single(f1d)
  File "/home/helen/miniconda3/envs/placer_env/lib/python3.10/site-packages/torch/nn/modules/module.py", line 1532, in _wrapped_call_impl
    return self._call_impl(*args, **kwargs)
  File "/home/helen/miniconda3/envs/placer_env/lib/python3.10/site-packages/torch/nn/modules/module.py", line 1541, in _call_impl
    return forward_call(*args, **kwargs)
  File "/nvme2/helen/EnzymeStructuralFiltering/filterzyme/PLACER/modules/model.py", line 155, in forward
    return self.net(f1d)
  File "/home/helen/miniconda3/envs/placer_env/lib/python3.10/site-packages/torch/nn/modules/module.py", line 1532, in _wrapped_call_impl
    return self._call_impl(*args, **kwargs)
  File "/home/helen/miniconda3/envs/placer_env/lib/python3.10/site-packages/torch/nn/modules/module.py", line 1541, in _call_impl
    return forward_call(*args, **kwargs)
  File "/home/helen/miniconda3/envs/placer_env/lib/python3.10/site-packages/torch/nn/modules/container.py", line 217, in forward
    input = module(input)
  File "/home/helen/miniconda3/envs/placer_env/lib/python3.10/site-packages/torch/nn/modules/module.py", line 1532, in _wrapped_call_impl
    return self._call_impl(*args, **kwargs)
  File "/home/helen/miniconda3/envs/placer_env/lib/python3.10/site-packages/torch/nn/modules/module.py", line 1541, in _call_impl
    return forward_call(*args, **kwargs)
  File "/home/helen/miniconda3/envs/placer_env/lib/python3.10/site-packages/torch/nn/modules/linear.py", line 116, in forward
    return F.linear(input, self.weight, self.bias)
RuntimeError: CUDA error: CUBLAS_STATUS_NOT_INITIALIZED when calling `cublasCreate(handle)`

2025-12-15 06:12:00,451 | INFO |Entry EH101_1_Napthyl_acetate_0_chai: Single ligand detected. Running standard mode...
2025-12-15 06:12:24,070 | ERROR |PLACER failed for EH101_1_Napthyl_acetate_0_chai: Traceback (most recent call last):
  File "/nvme2/helen/EnzymeStructuralFiltering/filterzyme/PLACER/run_PLACER.py", line 282, in <module>
    main(args)
  File "/nvme2/helen/EnzymeStructuralFiltering/filterzyme/PLACER/run_PLACER.py", line 196, in main
    outputs = placer.run(placer_input_iter, args.nsamples)
  File "/nvme2/helen/EnzymeStructuralFiltering/filterzyme/PLACER/PLACER.py", line 405, in run
    Xs,Ds,plDDTs,pDEVs = self.net()(**{k:item[k] for k in input_keys}, recycles=recycles, save_recycling_data=save_recycling_data)
  File "/home/helen/miniconda3/envs/placer_env/lib/python3.10/site-packages/torch/nn/modules/module.py", line 1532, in _wrapped_call_impl
    return self._call_impl(*args, **kwargs)
  File "/home/helen/miniconda3/envs/placer_env/lib/python3.10/site-packages/torch/nn/modules/module.py", line 1541, in _call_impl
    return forward_call(*args, **kwargs)
  File "/nvme2/helen/EnzymeStructuralFiltering/filterzyme/PLACER/modules/model.py", line 281, in forward
    single = self.init_single(f1d)
  File "/home/helen/miniconda3/envs/placer_env/lib/python3.10/site-packages/torch/nn/modules/module.py", line 1532, in _wrapped_call_impl
    return self._call_impl(*args, **kwargs)
  File "/home/helen/miniconda3/envs/placer_env/lib/python3.10/site-packages/torch/nn/modules/module.py", line 1541, in _call_impl
    return forward_call(*args, **kwargs)
  File "/nvme2/helen/EnzymeStructuralFiltering/filterzyme/PLACER/modules/model.py", line 155, in forward
    return self.net(f1d)
  File "/home/helen/miniconda3/envs/placer_env/lib/python3.10/site-packages/torch/nn/modules/module.py", line 1532, in _wrapped_call_impl
    return self._call_impl(*args, **kwargs)
  File "/home/helen/miniconda3/envs/placer_env/lib/python3.10/site-packages/torch/nn/modules/module.py", line 1541, in _call_impl
    return forward_call(*args, **kwargs)
  File "/home/helen/miniconda3/envs/placer_env/lib/python3.10/site-packages/torch/nn/modules/container.py", line 217, in forward
    input = module(input)
  File "/home/helen/miniconda3/envs/placer_env/lib/python3.10/site-packages/torch/nn/modules/module.py", line 1532, in _wrapped_call_impl
    return self._call_impl(*args, **kwargs)
  File "/home/helen/miniconda3/envs/placer_env/lib/python3.10/site-packages/torch/nn/modules/module.py", line 1541, in _call_impl
    return forward_call(*args, **kwargs)
  File "/home/helen/miniconda3/envs/placer_env/lib/python3.10/site-packages/torch/nn/modules/linear.py", line 116, in forward
    return F.linear(input, self.weight, self.bias)
RuntimeError: CUDA error: CUBLAS_STATUS_NOT_INITIALIZED when calling `cublasCreate(handle)`

2025-12-15 06:12:24,073 | INFO |Entry EH101_Ethyl_3_oxohexanoate_0_chai: Single ligand detected. Running standard mode...
2025-12-15 06:12:46,203 | ERROR |PLACER failed for EH101_Ethyl_3_oxohexanoate_0_chai: Traceback (most recent call last):
  File "/nvme2/helen/EnzymeStructuralFiltering/filterzyme/PLACER/run_PLACER.py", line 282, in <module>
    main(args)
  File "/nvme2/helen/EnzymeStructuralFiltering/filterzyme/PLACER/run_PLACER.py", line 196, in main
    outputs = placer.run(placer_input_iter, args.nsamples)
  File "/nvme2/helen/EnzymeStructuralFiltering/filterzyme/PLACER/PLACER.py", line 405, in run
    Xs,Ds,plDDTs,pDEVs = self.net()(**{k:item[k] for k in input_keys}, recycles=recycles, save_recycling_data=save_recycling_data)
  File "/home/helen/miniconda3/envs/placer_env/lib/python3.10/site-packages/torch/nn/modules/module.py", line 1532, in _wrapped_call_impl
    return self._call_impl(*args, **kwargs)
  File "/home/helen/miniconda3/envs/placer_env/lib/python3.10/site-packages/torch/nn/modules/module.py", line 1541, in _call_impl
    return forward_call(*args, **kwargs)
  File "/nvme2/helen/EnzymeStructuralFiltering/filterzyme/PLACER/modules/model.py", line 281, in forward
    single = self.init_single(f1d)
  File "/home/helen/miniconda3/envs/placer_env/lib/python3.10/site-packages/torch/nn/modules/module.py", line 1532, in _wrapped_call_impl
    return self._call_impl(*args, **kwargs)
  File "/home/helen/miniconda3/envs/placer_env/lib/python3.10/site-packages/torch/nn/modules/module.py", line 1541, in _call_impl
    return forward_call(*args, **kwargs)
  File "/nvme2/helen/EnzymeStructuralFiltering/filterzyme/PLACER/modules/model.py", line 155, in forward
    return self.net(f1d)
  File "/home/helen/miniconda3/envs/placer_env/lib/python3.10/site-packages/torch/nn/modules/module.py", line 1532, in _wrapped_call_impl
    return self._call_impl(*args, **kwargs)
  File "/home/helen/miniconda3/envs/placer_env/lib/python3.10/site-packages/torch/nn/modules/module.py", line 1541, in _call_impl
    return forward_call(*args, **kwargs)
  File "/home/helen/miniconda3/envs/placer_env/lib/python3.10/site-packages/torch/nn/modules/container.py", line 217, in forward
    input = module(input)
  File "/home/helen/miniconda3/envs/placer_env/lib/python3.10/site-packages/torch/nn/modules/module.py", line 1532, in _wrapped_call_impl
    return self._call_impl(*args, **kwargs)
  File "/home/helen/miniconda3/envs/placer_env/lib/python3.10/site-packages/torch/nn/modules/module.py", line 1541, in _call_impl
    return forward_call(*args, **kwargs)
  File "/home/helen/miniconda3/envs/placer_env/lib/python3.10/site-packages/torch/nn/modules/linear.py", line 116, in forward
    return F.linear(input, self.weight, self.bias)
RuntimeError: CUDA error: CUBLAS_STATUS_NOT_INITIALIZED when calling `cublasCreate(handle)`

2025-12-15 06:12:46,206 | INFO |Entry EH101_Geranyl_acetate_0_chai: Single ligand detected. Running standard mode...
2025-12-15 06:13:08,460 | ERROR |PLACER failed for EH101_Geranyl_acetate_0_chai: Traceback (most recent call last):
  File "/nvme2/helen/EnzymeStructuralFiltering/filterzyme/PLACER/run_PLACER.py", line 282, in <module>
    main(args)
  File "/nvme2/helen/EnzymeStructuralFiltering/filterzyme/PLACER/run_PLACER.py", line 196, in main
    outputs = placer.run(placer_input_iter, args.nsamples)
  File "/nvme2/helen/EnzymeStructuralFiltering/filterzyme/PLACER/PLACER.py", line 405, in run
    Xs,Ds,plDDTs,pDEVs = self.net()(**{k:item[k] for k in input_keys}, recycles=recycles, save_recycling_data=save_recycling_data)
  File "/home/helen/miniconda3/envs/placer_env/lib/python3.10/site-packages/torch/nn/modules/module.py", line 1532, in _wrapped_call_impl
    return self._call_impl(*args, **kwargs)
  File "/home/helen/miniconda3/envs/placer_env/lib/python3.10/site-packages/torch/nn/modules/module.py", line 1541, in _call_impl
    return forward_call(*args, **kwargs)
  File "/nvme2/helen/EnzymeStructuralFiltering/filterzyme/PLACER/modules/model.py", line 281, in forward
    single = self.init_single(f1d)
  File "/home/helen/miniconda3/envs/placer_env/lib/python3.10/site-packages/torch/nn/modules/module.py", line 1532, in _wrapped_call_impl
    return self._call_impl(*args, **kwargs)
  File "/home/helen/miniconda3/envs/placer_env/lib/python3.10/site-packages/torch/nn/modules/module.py", line 1541, in _call_impl
    return forward_call(*args, **kwargs)
  File "/nvme2/helen/EnzymeStructuralFiltering/filterzyme/PLACER/modules/model.py", line 155, in forward
    return self.net(f1d)
  File "/home/helen/miniconda3/envs/placer_env/lib/python3.10/site-packages/torch/nn/modules/module.py", line 1532, in _wrapped_call_impl
    return self._call_impl(*args, **kwargs)
  File "/home/helen/miniconda3/envs/placer_env/lib/python3.10/site-packages/torch/nn/modules/module.py", line 1541, in _call_impl
    return forward_call(*args, **kwargs)
  File "/home/helen/miniconda3/envs/placer_env/lib/python3.10/site-packages/torch/nn/modules/container.py", line 217, in forward
    input = module(input)
  File "/home/helen/miniconda3/envs/placer_env/lib/python3.10/site-packages/torch/nn/modules/module.py", line 1532, in _wrapped_call_impl
    return self._call_impl(*args, **kwargs)
  File "/home/helen/miniconda3/envs/placer_env/lib/python3.10/site-packages/torch/nn/modules/module.py", line 1541, in _call_impl
    return forward_call(*args, **kwargs)
  File "/home/helen/miniconda3/envs/placer_env/lib/python3.10/site-packages/torch/nn/modules/linear.py", line 116, in forward
    return F.linear(input, self.weight, self.bias)
RuntimeError: CUDA error: CUBLAS_STATUS_NOT_INITIALIZED when calling `cublasCreate(handle)`

2025-12-15 06:13:08,462 | INFO |Entry EH101_L_Pantolactone_0_chai: Single ligand detected. Running standard mode...
2025-12-15 06:13:31,890 | ERROR |PLACER failed for EH101_L_Pantolactone_0_chai: Traceback (most recent call last):
  File "/nvme2/helen/EnzymeStructuralFiltering/filterzyme/PLACER/run_PLACER.py", line 282, in <module>
    main(args)
  File "/nvme2/helen/EnzymeStructuralFiltering/filterzyme/PLACER/run_PLACER.py", line 196, in main
    outputs = placer.run(placer_input_iter, args.nsamples)
  File "/nvme2/helen/EnzymeStructuralFiltering/filterzyme/PLACER/PLACER.py", line 405, in run
    Xs,Ds,plDDTs,pDEVs = self.net()(**{k:item[k] for k in input_keys}, recycles=recycles, save_recycling_data=save_recycling_data)
  File "/home/helen/miniconda3/envs/placer_env/lib/python3.10/site-packages/torch/nn/modules/module.py", line 1532, in _wrapped_call_impl
    return self._call_impl(*args, **kwargs)
  File "/home/helen/miniconda3/envs/placer_env/lib/python3.10/site-packages/torch/nn/modules/module.py", line 1541, in _call_impl
    return forward_call(*args, **kwargs)
  File "/nvme2/helen/EnzymeStructuralFiltering/filterzyme/PLACER/modules/model.py", line 281, in forward
    single = self.init_single(f1d)
  File "/home/helen/miniconda3/envs/placer_env/lib/python3.10/site-packages/torch/nn/modules/module.py", line 1532, in _wrapped_call_impl
    return self._call_impl(*args, **kwargs)
  File "/home/helen/miniconda3/envs/placer_env/lib/python3.10/site-packages/torch/nn/modules/module.py", line 1541, in _call_impl
    return forward_call(*args, **kwargs)
  File "/nvme2/helen/EnzymeStructuralFiltering/filterzyme/PLACER/modules/model.py", line 155, in forward
    return self.net(f1d)
  File "/home/helen/miniconda3/envs/placer_env/lib/python3.10/site-packages/torch/nn/modules/module.py", line 1532, in _wrapped_call_impl
    return self._call_impl(*args, **kwargs)
  File "/home/helen/miniconda3/envs/placer_env/lib/python3.10/site-packages/torch/nn/modules/module.py", line 1541, in _call_impl
    return forward_call(*args, **kwargs)
  File "/home/helen/miniconda3/envs/placer_env/lib/python3.10/site-packages/torch/nn/modules/container.py", line 217, in forward
    input = module(input)
  File "/home/helen/miniconda3/envs/placer_env/lib/python3.10/site-packages/torch/nn/modules/module.py", line 1532, in _wrapped_call_impl
    return self._call_impl(*args, **kwargs)
  File "/home/helen/miniconda3/envs/placer_env/lib/python3.10/site-packages/torch/nn/modules/module.py", line 1541, in _call_impl
    return forward_call(*args, **kwargs)
  File "/home/helen/miniconda3/envs/placer_env/lib/python3.10/site-packages/torch/nn/modules/linear.py", line 116, in forward
    return F.linear(input, self.weight, self.bias)
RuntimeError: CUDA error: CUBLAS_STATUS_NOT_INITIALIZED when calling `cublasCreate(handle)`

2025-12-15 06:13:31,892 | INFO |Entry EH101_Vinyl_propionate_0_chai: Single ligand detected. Running standard mode...
2025-12-15 06:16:53,646 | INFO |Entry EH102_1_Napthyl_acetate_0_chai: Single ligand detected. Running standard mode...
2025-12-15 06:20:10,459 | INFO |Entry EH102_Ethyl_3_oxohexanoate_0_chai: Single ligand detected. Running standard mode...
2025-12-15 06:23:22,874 | INFO |Entry EH102_Geranyl_acetate_0_chai: Single ligand detected. Running standard mode...
2025-12-15 06:26:31,462 | INFO |Entry EH102_L_Pantolactone_0_chai: Single ligand detected. Running standard mode...
2025-12-15 06:29:41,598 | INFO |Entry EH102_Vinyl_propionate_0_chai: Single ligand detected. Running standard mode...
2025-12-15 06:32:53,224 | INFO |Entry EH103_1_Napthyl_acetate_0_chai: Single ligand detected. Running standard mode...
2025-12-15 06:36:02,540 | INFO |Entry EH103_Ethyl_3_oxohexanoate_0_chai: Single ligand detected. Running standard mode...
2025-12-15 06:39:12,040 | INFO |Entry EH103_Geranyl_acetate_0_chai: Single ligand detected. Running standard mode...
2025-12-15 06:42:15,105 | INFO |Entry EH103_L_Pantolactone_0_chai: Single ligand detected. Running standard mode...
2025-12-15 06:45:19,635 | INFO |Entry EH103_Vinyl_propionate_0_chai: Single ligand detected. Running standard mode...
2025-12-15 06:48:19,704 | INFO |Entry EH104_1_Napthyl_acetate_0_chai: Single ligand detected. Running standard mode...
2025-12-15 06:51:21,934 | INFO |Entry EH104_Ethyl_3_oxohexanoate_0_chai: Single ligand detected. Running standard mode...
2025-12-15 06:54:28,319 | INFO |Entry EH104_Geranyl_acetate_0_chai: Single ligand detected. Running standard mode...
2025-12-15 06:57:37,810 | INFO |Entry EH104_L_Pantolactone_0_chai: Single ligand detected. Running standard mode...
2025-12-15 07:00:45,274 | INFO |Entry EH104_Vinyl_propionate_0_chai: Single ligand detected. Running standard mode...
2025-12-15 07:03:52,722 | INFO |Entry EH105_1_Napthyl_acetate_0_chai: Single ligand detected. Running standard mode...
2025-12-15 07:07:03,000 | INFO |Entry EH105_Ethyl_3_oxohexanoate_0_chai: Single ligand detected. Running standard mode...
2025-12-15 07:10:09,713 | INFO |Entry EH105_Geranyl_acetate_0_chai: Single ligand detected. Running standard mode...
2025-12-15 07:13:14,721 | INFO |Entry EH105_L_Pantolactone_0_chai: Single ligand detected. Running standard mode...
2025-12-15 07:16:21,817 | INFO |Entry EH105_Vinyl_propionate_0_chai: Single ligand detected. Running standard mode...
2025-12-15 07:19:27,378 | INFO |Entry EH106_1_Napthyl_acetate_0_chai: Single ligand detected. Running standard mode...
2025-12-15 07:22:28,650 | INFO |Entry EH106_Ethyl_3_oxohexanoate_0_chai: Single ligand detected. Running standard mode...
2025-12-15 07:25:29,046 | INFO |Entry EH106_Geranyl_acetate_0_chai: Single ligand detected. Running standard mode...
2025-12-15 07:28:06,908 | INFO |Entry EH106_L_Pantolactone_0_chai: Single ligand detected. Running standard mode...
2025-12-15 07:28:25,001 | ERROR |PLACER failed for EH106_L_Pantolactone_0_chai: Traceback (most recent call last):
  File "/nvme2/helen/EnzymeStructuralFiltering/filterzyme/PLACER/run_PLACER.py", line 282, in <module>
    main(args)
  File "/nvme2/helen/EnzymeStructuralFiltering/filterzyme/PLACER/run_PLACER.py", line 196, in main
    outputs = placer.run(placer_input_iter, args.nsamples)
  File "/nvme2/helen/EnzymeStructuralFiltering/filterzyme/PLACER/PLACER.py", line 405, in run
    Xs,Ds,plDDTs,pDEVs = self.net()(**{k:item[k] for k in input_keys}, recycles=recycles, save_recycling_data=save_recycling_data)
  File "/home/helen/miniconda3/envs/placer_env/lib/python3.10/site-packages/torch/nn/modules/module.py", line 1532, in _wrapped_call_impl
    return self._call_impl(*args, **kwargs)
  File "/home/helen/miniconda3/envs/placer_env/lib/python3.10/site-packages/torch/nn/modules/module.py", line 1541, in _call_impl
    return forward_call(*args, **kwargs)
  File "/nvme2/helen/EnzymeStructuralFiltering/filterzyme/PLACER/modules/model.py", line 281, in forward
    single = self.init_single(f1d)
  File "/home/helen/miniconda3/envs/placer_env/lib/python3.10/site-packages/torch/nn/modules/module.py", line 1532, in _wrapped_call_impl
    return self._call_impl(*args, **kwargs)
  File "/home/helen/miniconda3/envs/placer_env/lib/python3.10/site-packages/torch/nn/modules/module.py", line 1541, in _call_impl
    return forward_call(*args, **kwargs)
  File "/nvme2/helen/EnzymeStructuralFiltering/filterzyme/PLACER/modules/model.py", line 155, in forward
    return self.net(f1d)
  File "/home/helen/miniconda3/envs/placer_env/lib/python3.10/site-packages/torch/nn/modules/module.py", line 1532, in _wrapped_call_impl
    return self._call_impl(*args, **kwargs)
  File "/home/helen/miniconda3/envs/placer_env/lib/python3.10/site-packages/torch/nn/modules/module.py", line 1541, in _call_impl
    return forward_call(*args, **kwargs)
  File "/home/helen/miniconda3/envs/placer_env/lib/python3.10/site-packages/torch/nn/modules/container.py", line 217, in forward
    input = module(input)
  File "/home/helen/miniconda3/envs/placer_env/lib/python3.10/site-packages/torch/nn/modules/module.py", line 1532, in _wrapped_call_impl
    return self._call_impl(*args, **kwargs)
  File "/home/helen/miniconda3/envs/placer_env/lib/python3.10/site-packages/torch/nn/modules/module.py", line 1541, in _call_impl
    return forward_call(*args, **kwargs)
  File "/home/helen/miniconda3/envs/placer_env/lib/python3.10/site-packages/torch/nn/modules/linear.py", line 116, in forward
    return F.linear(input, self.weight, self.bias)
RuntimeError: CUDA error: CUBLAS_STATUS_NOT_INITIALIZED when calling `cublasCreate(handle)`

2025-12-15 07:28:25,004 | INFO |Entry EH106_Vinyl_propionate_0_chai: Single ligand detected. Running standard mode...
2025-12-15 07:28:45,869 | ERROR |PLACER failed for EH106_Vinyl_propionate_0_chai: Traceback (most recent call last):
  File "/nvme2/helen/EnzymeStructuralFiltering/filterzyme/PLACER/run_PLACER.py", line 282, in <module>
    main(args)
  File "/nvme2/helen/EnzymeStructuralFiltering/filterzyme/PLACER/run_PLACER.py", line 196, in main
    outputs = placer.run(placer_input_iter, args.nsamples)
  File "/nvme2/helen/EnzymeStructuralFiltering/filterzyme/PLACER/PLACER.py", line 405, in run
    Xs,Ds,plDDTs,pDEVs = self.net()(**{k:item[k] for k in input_keys}, recycles=recycles, save_recycling_data=save_recycling_data)
  File "/home/helen/miniconda3/envs/placer_env/lib/python3.10/site-packages/torch/nn/modules/module.py", line 1532, in _wrapped_call_impl
    return self._call_impl(*args, **kwargs)
  File "/home/helen/miniconda3/envs/placer_env/lib/python3.10/site-packages/torch/nn/modules/module.py", line 1541, in _call_impl
    return forward_call(*args, **kwargs)
  File "/nvme2/helen/EnzymeStructuralFiltering/filterzyme/PLACER/modules/model.py", line 281, in forward
    single = self.init_single(f1d)
  File "/home/helen/miniconda3/envs/placer_env/lib/python3.10/site-packages/torch/nn/modules/module.py", line 1532, in _wrapped_call_impl
    return self._call_impl(*args, **kwargs)
  File "/home/helen/miniconda3/envs/placer_env/lib/python3.10/site-packages/torch/nn/modules/module.py", line 1541, in _call_impl
    return forward_call(*args, **kwargs)
  File "/nvme2/helen/EnzymeStructuralFiltering/filterzyme/PLACER/modules/model.py", line 155, in forward
    return self.net(f1d)
  File "/home/helen/miniconda3/envs/placer_env/lib/python3.10/site-packages/torch/nn/modules/module.py", line 1532, in _wrapped_call_impl
    return self._call_impl(*args, **kwargs)
  File "/home/helen/miniconda3/envs/placer_env/lib/python3.10/site-packages/torch/nn/modules/module.py", line 1541, in _call_impl
    return forward_call(*args, **kwargs)
  File "/home/helen/miniconda3/envs/placer_env/lib/python3.10/site-packages/torch/nn/modules/container.py", line 217, in forward
    input = module(input)
  File "/home/helen/miniconda3/envs/placer_env/lib/python3.10/site-packages/torch/nn/modules/module.py", line 1532, in _wrapped_call_impl
    return self._call_impl(*args, **kwargs)
  File "/home/helen/miniconda3/envs/placer_env/lib/python3.10/site-packages/torch/nn/modules/module.py", line 1541, in _call_impl
    return forward_call(*args, **kwargs)
  File "/home/helen/miniconda3/envs/placer_env/lib/python3.10/site-packages/torch/nn/modules/linear.py", line 116, in forward
    return F.linear(input, self.weight, self.bias)
RuntimeError: CUDA error: CUBLAS_STATUS_NOT_INITIALIZED when calling `cublasCreate(handle)`

2025-12-15 07:28:45,872 | INFO |Entry EH107_1_Napthyl_acetate_0_chai: Single ligand detected. Running standard mode...
2025-12-15 07:29:06,797 | ERROR |PLACER failed for EH107_1_Napthyl_acetate_0_chai: Traceback (most recent call last):
  File "/nvme2/helen/EnzymeStructuralFiltering/filterzyme/PLACER/run_PLACER.py", line 282, in <module>
    main(args)
  File "/nvme2/helen/EnzymeStructuralFiltering/filterzyme/PLACER/run_PLACER.py", line 196, in main
    outputs = placer.run(placer_input_iter, args.nsamples)
  File "/nvme2/helen/EnzymeStructuralFiltering/filterzyme/PLACER/PLACER.py", line 405, in run
    Xs,Ds,plDDTs,pDEVs = self.net()(**{k:item[k] for k in input_keys}, recycles=recycles, save_recycling_data=save_recycling_data)
  File "/home/helen/miniconda3/envs/placer_env/lib/python3.10/site-packages/torch/nn/modules/module.py", line 1532, in _wrapped_call_impl
    return self._call_impl(*args, **kwargs)
  File "/home/helen/miniconda3/envs/placer_env/lib/python3.10/site-packages/torch/nn/modules/module.py", line 1541, in _call_impl
    return forward_call(*args, **kwargs)
  File "/nvme2/helen/EnzymeStructuralFiltering/filterzyme/PLACER/modules/model.py", line 281, in forward
    single = self.init_single(f1d)
  File "/home/helen/miniconda3/envs/placer_env/lib/python3.10/site-packages/torch/nn/modules/module.py", line 1532, in _wrapped_call_impl
    return self._call_impl(*args, **kwargs)
  File "/home/helen/miniconda3/envs/placer_env/lib/python3.10/site-packages/torch/nn/modules/module.py", line 1541, in _call_impl
    return forward_call(*args, **kwargs)
  File "/nvme2/helen/EnzymeStructuralFiltering/filterzyme/PLACER/modules/model.py", line 155, in forward
    return self.net(f1d)
  File "/home/helen/miniconda3/envs/placer_env/lib/python3.10/site-packages/torch/nn/modules/module.py", line 1532, in _wrapped_call_impl
    return self._call_impl(*args, **kwargs)
  File "/home/helen/miniconda3/envs/placer_env/lib/python3.10/site-packages/torch/nn/modules/module.py", line 1541, in _call_impl
    return forward_call(*args, **kwargs)
  File "/home/helen/miniconda3/envs/placer_env/lib/python3.10/site-packages/torch/nn/modules/container.py", line 217, in forward
    input = module(input)
  File "/home/helen/miniconda3/envs/placer_env/lib/python3.10/site-packages/torch/nn/modules/module.py", line 1532, in _wrapped_call_impl
    return self._call_impl(*args, **kwargs)
  File "/home/helen/miniconda3/envs/placer_env/lib/python3.10/site-packages/torch/nn/modules/module.py", line 1541, in _call_impl
    return forward_call(*args, **kwargs)
  File "/home/helen/miniconda3/envs/placer_env/lib/python3.10/site-packages/torch/nn/modules/linear.py", line 116, in forward
    return F.linear(input, self.weight, self.bias)
RuntimeError: CUDA error: CUBLAS_STATUS_NOT_INITIALIZED when calling `cublasCreate(handle)`

2025-12-15 07:29:06,799 | INFO |Entry EH107_Ethyl_3_oxohexanoate_0_chai: Single ligand detected. Running standard mode...
2025-12-15 07:32:18,106 | INFO |Entry EH107_Geranyl_acetate_0_chai: Single ligand detected. Running standard mode...
2025-12-15 07:32:39,732 | ERROR |CUDA OOM on EH107_Geranyl_acetate_0_chai.
2025-12-15 07:32:39,735 | INFO |Entry EH107_L_Pantolactone_0_chai: Single ligand detected. Running standard mode...
2025-12-15 07:35:55,750 | INFO |Entry EH107_Vinyl_propionate_0_chai: Single ligand detected. Running standard mode...
2025-12-15 07:36:16,875 | ERROR |PLACER failed for EH107_Vinyl_propionate_0_chai: Traceback (most recent call last):
  File "/nvme2/helen/EnzymeStructuralFiltering/filterzyme/PLACER/run_PLACER.py", line 282, in <module>
    main(args)
  File "/nvme2/helen/EnzymeStructuralFiltering/filterzyme/PLACER/run_PLACER.py", line 196, in main
    outputs = placer.run(placer_input_iter, args.nsamples)
  File "/nvme2/helen/EnzymeStructuralFiltering/filterzyme/PLACER/PLACER.py", line 405, in run
    Xs,Ds,plDDTs,pDEVs = self.net()(**{k:item[k] for k in input_keys}, recycles=recycles, save_recycling_data=save_recycling_data)
  File "/home/helen/miniconda3/envs/placer_env/lib/python3.10/site-packages/torch/nn/modules/module.py", line 1532, in _wrapped_call_impl
    return self._call_impl(*args, **kwargs)
  File "/home/helen/miniconda3/envs/placer_env/lib/python3.10/site-packages/torch/nn/modules/module.py", line 1541, in _call_impl
    return forward_call(*args, **kwargs)
  File "/nvme2/helen/EnzymeStructuralFiltering/filterzyme/PLACER/modules/model.py", line 281, in forward
    single = self.init_single(f1d)
  File "/home/helen/miniconda3/envs/placer_env/lib/python3.10/site-packages/torch/nn/modules/module.py", line 1532, in _wrapped_call_impl
    return self._call_impl(*args, **kwargs)
  File "/home/helen/miniconda3/envs/placer_env/lib/python3.10/site-packages/torch/nn/modules/module.py", line 1541, in _call_impl
    return forward_call(*args, **kwargs)
  File "/nvme2/helen/EnzymeStructuralFiltering/filterzyme/PLACER/modules/model.py", line 155, in forward
    return self.net(f1d)
  File "/home/helen/miniconda3/envs/placer_env/lib/python3.10/site-packages/torch/nn/modules/module.py", line 1532, in _wrapped_call_impl
    return self._call_impl(*args, **kwargs)
  File "/home/helen/miniconda3/envs/placer_env/lib/python3.10/site-packages/torch/nn/modules/module.py", line 1541, in _call_impl
    return forward_call(*args, **kwargs)
  File "/home/helen/miniconda3/envs/placer_env/lib/python3.10/site-packages/torch/nn/modules/container.py", line 217, in forward
    input = module(input)
  File "/home/helen/miniconda3/envs/placer_env/lib/python3.10/site-packages/torch/nn/modules/module.py", line 1532, in _wrapped_call_impl
    return self._call_impl(*args, **kwargs)
  File "/home/helen/miniconda3/envs/placer_env/lib/python3.10/site-packages/torch/nn/modules/module.py", line 1541, in _call_impl
    return forward_call(*args, **kwargs)
  File "/home/helen/miniconda3/envs/placer_env/lib/python3.10/site-packages/torch/nn/modules/linear.py", line 116, in forward
    return F.linear(input, self.weight, self.bias)
RuntimeError: CUDA error: CUBLAS_STATUS_NOT_INITIALIZED when calling `cublasCreate(handle)`

2025-12-15 07:36:16,878 | INFO |Entry EH108_1_Napthyl_acetate_0_chai: Single ligand detected. Running standard mode...
2025-12-15 07:36:38,264 | ERROR |PLACER failed for EH108_1_Napthyl_acetate_0_chai: Traceback (most recent call last):
  File "/nvme2/helen/EnzymeStructuralFiltering/filterzyme/PLACER/run_PLACER.py", line 282, in <module>
    main(args)
  File "/nvme2/helen/EnzymeStructuralFiltering/filterzyme/PLACER/run_PLACER.py", line 196, in main
    outputs = placer.run(placer_input_iter, args.nsamples)
  File "/nvme2/helen/EnzymeStructuralFiltering/filterzyme/PLACER/PLACER.py", line 405, in run
    Xs,Ds,plDDTs,pDEVs = self.net()(**{k:item[k] for k in input_keys}, recycles=recycles, save_recycling_data=save_recycling_data)
  File "/home/helen/miniconda3/envs/placer_env/lib/python3.10/site-packages/torch/nn/modules/module.py", line 1532, in _wrapped_call_impl
    return self._call_impl(*args, **kwargs)
  File "/home/helen/miniconda3/envs/placer_env/lib/python3.10/site-packages/torch/nn/modules/module.py", line 1541, in _call_impl
    return forward_call(*args, **kwargs)
  File "/nvme2/helen/EnzymeStructuralFiltering/filterzyme/PLACER/modules/model.py", line 281, in forward
    single = self.init_single(f1d)
  File "/home/helen/miniconda3/envs/placer_env/lib/python3.10/site-packages/torch/nn/modules/module.py", line 1532, in _wrapped_call_impl
    return self._call_impl(*args, **kwargs)
  File "/home/helen/miniconda3/envs/placer_env/lib/python3.10/site-packages/torch/nn/modules/module.py", line 1541, in _call_impl
    return forward_call(*args, **kwargs)
  File "/nvme2/helen/EnzymeStructuralFiltering/filterzyme/PLACER/modules/model.py", line 155, in forward
    return self.net(f1d)
  File "/home/helen/miniconda3/envs/placer_env/lib/python3.10/site-packages/torch/nn/modules/module.py", line 1532, in _wrapped_call_impl
    return self._call_impl(*args, **kwargs)
  File "/home/helen/miniconda3/envs/placer_env/lib/python3.10/site-packages/torch/nn/modules/module.py", line 1541, in _call_impl
    return forward_call(*args, **kwargs)
  File "/home/helen/miniconda3/envs/placer_env/lib/python3.10/site-packages/torch/nn/modules/container.py", line 217, in forward
    input = module(input)
  File "/home/helen/miniconda3/envs/placer_env/lib/python3.10/site-packages/torch/nn/modules/module.py", line 1532, in _wrapped_call_impl
    return self._call_impl(*args, **kwargs)
  File "/home/helen/miniconda3/envs/placer_env/lib/python3.10/site-packages/torch/nn/modules/module.py", line 1541, in _call_impl
    return forward_call(*args, **kwargs)
  File "/home/helen/miniconda3/envs/placer_env/lib/python3.10/site-packages/torch/nn/modules/linear.py", line 116, in forward
    return F.linear(input, self.weight, self.bias)
RuntimeError: CUDA error: CUBLAS_STATUS_NOT_INITIALIZED when calling `cublasCreate(handle)`

2025-12-15 07:36:38,268 | INFO |Entry EH108_Ethyl_3_oxohexanoate_0_chai: Single ligand detected. Running standard mode...
2025-12-15 07:36:59,923 | ERROR |PLACER failed for EH108_Ethyl_3_oxohexanoate_0_chai: Traceback (most recent call last):
  File "/nvme2/helen/EnzymeStructuralFiltering/filterzyme/PLACER/run_PLACER.py", line 282, in <module>
    main(args)
  File "/nvme2/helen/EnzymeStructuralFiltering/filterzyme/PLACER/run_PLACER.py", line 196, in main
    outputs = placer.run(placer_input_iter, args.nsamples)
  File "/nvme2/helen/EnzymeStructuralFiltering/filterzyme/PLACER/PLACER.py", line 405, in run
    Xs,Ds,plDDTs,pDEVs = self.net()(**{k:item[k] for k in input_keys}, recycles=recycles, save_recycling_data=save_recycling_data)
  File "/home/helen/miniconda3/envs/placer_env/lib/python3.10/site-packages/torch/nn/modules/module.py", line 1532, in _wrapped_call_impl
    return self._call_impl(*args, **kwargs)
  File "/home/helen/miniconda3/envs/placer_env/lib/python3.10/site-packages/torch/nn/modules/module.py", line 1541, in _call_impl
    return forward_call(*args, **kwargs)
  File "/nvme2/helen/EnzymeStructuralFiltering/filterzyme/PLACER/modules/model.py", line 281, in forward
    single = self.init_single(f1d)
  File "/home/helen/miniconda3/envs/placer_env/lib/python3.10/site-packages/torch/nn/modules/module.py", line 1532, in _wrapped_call_impl
    return self._call_impl(*args, **kwargs)
  File "/home/helen/miniconda3/envs/placer_env/lib/python3.10/site-packages/torch/nn/modules/module.py", line 1541, in _call_impl
    return forward_call(*args, **kwargs)
  File "/nvme2/helen/EnzymeStructuralFiltering/filterzyme/PLACER/modules/model.py", line 155, in forward
    return self.net(f1d)
  File "/home/helen/miniconda3/envs/placer_env/lib/python3.10/site-packages/torch/nn/modules/module.py", line 1532, in _wrapped_call_impl
    return self._call_impl(*args, **kwargs)
  File "/home/helen/miniconda3/envs/placer_env/lib/python3.10/site-packages/torch/nn/modules/module.py", line 1541, in _call_impl
    return forward_call(*args, **kwargs)
  File "/home/helen/miniconda3/envs/placer_env/lib/python3.10/site-packages/torch/nn/modules/container.py", line 217, in forward
    input = module(input)
  File "/home/helen/miniconda3/envs/placer_env/lib/python3.10/site-packages/torch/nn/modules/module.py", line 1532, in _wrapped_call_impl
    return self._call_impl(*args, **kwargs)
  File "/home/helen/miniconda3/envs/placer_env/lib/python3.10/site-packages/torch/nn/modules/module.py", line 1541, in _call_impl
    return forward_call(*args, **kwargs)
  File "/home/helen/miniconda3/envs/placer_env/lib/python3.10/site-packages/torch/nn/modules/linear.py", line 116, in forward
    return F.linear(input, self.weight, self.bias)
RuntimeError: CUDA error: CUBLAS_STATUS_NOT_INITIALIZED when calling `cublasCreate(handle)`

2025-12-15 07:36:59,925 | INFO |Entry EH108_Geranyl_acetate_0_chai: Single ligand detected. Running standard mode...
2025-12-15 07:37:22,004 | ERROR |PLACER failed for EH108_Geranyl_acetate_0_chai: Traceback (most recent call last):
  File "/nvme2/helen/EnzymeStructuralFiltering/filterzyme/PLACER/run_PLACER.py", line 282, in <module>
    main(args)
  File "/nvme2/helen/EnzymeStructuralFiltering/filterzyme/PLACER/run_PLACER.py", line 196, in main
    outputs = placer.run(placer_input_iter, args.nsamples)
  File "/nvme2/helen/EnzymeStructuralFiltering/filterzyme/PLACER/PLACER.py", line 405, in run
    Xs,Ds,plDDTs,pDEVs = self.net()(**{k:item[k] for k in input_keys}, recycles=recycles, save_recycling_data=save_recycling_data)
  File "/home/helen/miniconda3/envs/placer_env/lib/python3.10/site-packages/torch/nn/modules/module.py", line 1532, in _wrapped_call_impl
    return self._call_impl(*args, **kwargs)
  File "/home/helen/miniconda3/envs/placer_env/lib/python3.10/site-packages/torch/nn/modules/module.py", line 1541, in _call_impl
    return forward_call(*args, **kwargs)
  File "/nvme2/helen/EnzymeStructuralFiltering/filterzyme/PLACER/modules/model.py", line 281, in forward
    single = self.init_single(f1d)
  File "/home/helen/miniconda3/envs/placer_env/lib/python3.10/site-packages/torch/nn/modules/module.py", line 1532, in _wrapped_call_impl
    return self._call_impl(*args, **kwargs)
  File "/home/helen/miniconda3/envs/placer_env/lib/python3.10/site-packages/torch/nn/modules/module.py", line 1541, in _call_impl
    return forward_call(*args, **kwargs)
  File "/nvme2/helen/EnzymeStructuralFiltering/filterzyme/PLACER/modules/model.py", line 155, in forward
    return self.net(f1d)
  File "/home/helen/miniconda3/envs/placer_env/lib/python3.10/site-packages/torch/nn/modules/module.py", line 1532, in _wrapped_call_impl
    return self._call_impl(*args, **kwargs)
  File "/home/helen/miniconda3/envs/placer_env/lib/python3.10/site-packages/torch/nn/modules/module.py", line 1541, in _call_impl
    return forward_call(*args, **kwargs)
  File "/home/helen/miniconda3/envs/placer_env/lib/python3.10/site-packages/torch/nn/modules/container.py", line 217, in forward
    input = module(input)
  File "/home/helen/miniconda3/envs/placer_env/lib/python3.10/site-packages/torch/nn/modules/module.py", line 1532, in _wrapped_call_impl
    return self._call_impl(*args, **kwargs)
  File "/home/helen/miniconda3/envs/placer_env/lib/python3.10/site-packages/torch/nn/modules/module.py", line 1541, in _call_impl
    return forward_call(*args, **kwargs)
  File "/home/helen/miniconda3/envs/placer_env/lib/python3.10/site-packages/torch/nn/modules/linear.py", line 116, in forward
    return F.linear(input, self.weight, self.bias)
RuntimeError: CUDA error: CUBLAS_STATUS_NOT_INITIALIZED when calling `cublasCreate(handle)`

2025-12-15 07:37:22,007 | INFO |Entry EH108_L_Pantolactone_0_chai: Single ligand detected. Running standard mode...
2025-12-15 07:40:37,275 | INFO |Entry EH108_Vinyl_propionate_0_chai: Single ligand detected. Running standard mode...
2025-12-15 07:43:57,393 | INFO |Entry EH109_1_Napthyl_acetate_0_chai: Single ligand detected. Running standard mode...
2025-12-15 07:47:07,866 | INFO |Entry EH109_Ethyl_3_oxohexanoate_0_chai: Single ligand detected. Running standard mode...
2025-12-15 07:50:16,111 | INFO |Entry EH109_Geranyl_acetate_0_chai: Single ligand detected. Running standard mode...
2025-12-15 07:53:22,610 | INFO |Entry EH109_L_Pantolactone_0_chai: Single ligand detected. Running standard mode...
2025-12-15 07:56:32,801 | INFO |Entry EH109_Vinyl_propionate_0_chai: Single ligand detected. Running standard mode...
2025-12-15 07:59:40,160 | INFO |Entry EH10_1_Napthyl_acetate_0_chai: Single ligand detected. Running standard mode...
2025-12-15 08:02:29,292 | INFO |Entry EH10_Ethyl_3_oxohexanoate_0_chai: Single ligand detected. Running standard mode...
2025-12-15 08:04:41,183 | INFO |Entry EH10_Geranyl_acetate_0_chai: Single ligand detected. Running standard mode...
2025-12-15 08:06:50,869 | INFO |Entry EH10_L_Pantolactone_0_chai: Single ligand detected. Running standard mode...
2025-12-15 08:09:01,228 | INFO |Entry EH10_Vinyl_propionate_0_chai: Single ligand detected. Running standard mode...
2025-12-15 08:11:07,283 | INFO |Entry EH110_1_Napthyl_acetate_0_chai: Single ligand detected. Running standard mode...
2025-12-15 08:13:15,779 | INFO |Entry EH110_Ethyl_3_oxohexanoate_0_chai: Single ligand detected. Running standard mode...
2025-12-15 08:15:22,324 | INFO |Entry EH110_Geranyl_acetate_0_chai: Single ligand detected. Running standard mode...
2025-12-15 08:17:29,399 | INFO |Entry EH110_L_Pantolactone_0_chai: Single ligand detected. Running standard mode...
2025-12-15 08:19:35,671 | INFO |Entry EH110_Vinyl_propionate_0_chai: Single ligand detected. Running standard mode...
2025-12-15 08:21:38,966 | INFO |Entry EH111_1_Napthyl_acetate_0_chai: Single ligand detected. Running standard mode...
2025-12-15 08:23:41,199 | INFO |Entry EH111_Ethyl_3_oxohexanoate_0_chai: Single ligand detected. Running standard mode...
2025-12-15 08:25:46,634 | INFO |Entry EH111_Geranyl_acetate_0_chai: Single ligand detected. Running standard mode...
2025-12-15 08:27:51,751 | INFO |Entry EH111_L_Pantolactone_0_chai: Single ligand detected. Running standard mode...
2025-12-15 08:29:58,944 | INFO |Entry EH111_Vinyl_propionate_0_chai: Single ligand detected. Running standard mode...
2025-12-15 08:32:03,007 | INFO |Entry EH112_1_Napthyl_acetate_0_chai: Single ligand detected. Running standard mode...
2025-12-15 08:34:07,659 | INFO |Entry EH112_Ethyl_3_oxohexanoate_0_chai: Single ligand detected. Running standard mode...
2025-12-15 08:36:12,283 | INFO |Entry EH112_Geranyl_acetate_0_chai: Single ligand detected. Running standard mode...
2025-12-15 08:38:16,677 | INFO |Entry EH112_L_Pantolactone_0_chai: Single ligand detected. Running standard mode...
2025-12-15 08:40:19,990 | INFO |Entry EH112_Vinyl_propionate_0_chai: Single ligand detected. Running standard mode...
2025-12-15 08:42:23,286 | INFO |Entry EH113_1_Napthyl_acetate_0_chai: Single ligand detected. Running standard mode...
2025-12-15 08:44:28,144 | INFO |Entry EH113_Ethyl_3_oxohexanoate_0_chai: Single ligand detected. Running standard mode...
2025-12-15 08:46:33,224 | INFO |Entry EH113_Geranyl_acetate_0_chai: Single ligand detected. Running standard mode...
2025-12-15 08:48:37,250 | INFO |Entry EH113_L_Pantolactone_0_chai: Single ligand detected. Running standard mode...
2025-12-15 08:50:43,075 | INFO |Entry EH113_Vinyl_propionate_0_chai: Single ligand detected. Running standard mode...
2025-12-15 08:52:47,802 | INFO |Entry EH114_1_Napthyl_acetate_0_chai: Single ligand detected. Running standard mode...
2025-12-15 08:54:52,500 | INFO |Entry EH114_Ethyl_3_oxohexanoate_0_chai: Single ligand detected. Running standard mode...
2025-12-15 08:56:55,756 | INFO |Entry EH114_Geranyl_acetate_0_chai: Single ligand detected. Running standard mode...
2025-12-15 08:58:58,006 | INFO |Entry EH114_L_Pantolactone_0_chai: Single ligand detected. Running standard mode...
2025-12-15 09:01:01,458 | INFO |Entry EH114_Vinyl_propionate_0_chai: Single ligand detected. Running standard mode...
2025-12-15 09:03:04,721 | INFO |Entry EH115_1_Napthyl_acetate_0_chai: Single ligand detected. Running standard mode...
2025-12-15 09:05:09,872 | INFO |Entry EH115_Ethyl_3_oxohexanoate_0_chai: Single ligand detected. Running standard mode...
2025-12-15 09:07:12,950 | INFO |Entry EH115_Geranyl_acetate_0_chai: Single ligand detected. Running standard mode...
2025-12-15 09:09:16,330 | INFO |Entry EH115_L_Pantolactone_0_chai: Single ligand detected. Running standard mode...
2025-12-15 09:11:22,593 | INFO |Entry EH115_Vinyl_propionate_0_chai: Single ligand detected. Running standard mode...
2025-12-15 09:13:27,050 | INFO |Entry EH116_1_Napthyl_acetate_0_chai: Single ligand detected. Running standard mode...
2025-12-15 09:15:30,045 | INFO |Entry EH116_Ethyl_3_oxohexanoate_0_chai: Single ligand detected. Running standard mode...
2025-12-15 09:17:35,730 | INFO |Entry EH116_Geranyl_acetate_0_chai: Single ligand detected. Running standard mode...
2025-12-15 09:19:42,511 | INFO |Entry EH116_L_Pantolactone_0_chai: Single ligand detected. Running standard mode...
2025-12-15 09:21:45,938 | INFO |Entry EH116_Vinyl_propionate_0_chai: Single ligand detected. Running standard mode...
2025-12-15 09:23:50,321 | INFO |Entry EH117_1_Napthyl_acetate_0_chai: Single ligand detected. Running standard mode...
2025-12-15 09:25:56,705 | INFO |Entry EH117_Ethyl_3_oxohexanoate_0_chai: Single ligand detected. Running standard mode...
2025-12-15 09:28:03,932 | INFO |Entry EH117_Geranyl_acetate_0_chai: Single ligand detected. Running standard mode...
2025-12-15 09:30:09,512 | INFO |Entry EH117_L_Pantolactone_0_chai: Single ligand detected. Running standard mode...
2025-12-15 09:32:14,219 | INFO |Entry EH117_Vinyl_propionate_0_chai: Single ligand detected. Running standard mode...
2025-12-15 09:34:20,040 | INFO |Entry EH118_1_Napthyl_acetate_0_chai: Single ligand detected. Running standard mode...
2025-12-15 09:36:23,827 | INFO |Entry EH118_Ethyl_3_oxohexanoate_0_chai: Single ligand detected. Running standard mode...
2025-12-15 09:38:31,133 | INFO |Entry EH118_Geranyl_acetate_0_chai: Single ligand detected. Running standard mode...
2025-12-15 09:40:36,709 | INFO |Entry EH118_L_Pantolactone_0_chai: Single ligand detected. Running standard mode...
2025-12-15 09:42:42,701 | INFO |Entry EH118_Vinyl_propionate_0_chai: Single ligand detected. Running standard mode...
2025-12-15 09:44:48,894 | INFO |Entry EH119_1_Napthyl_acetate_0_chai: Single ligand detected. Running standard mode...
2025-12-15 09:46:53,330 | INFO |Entry EH119_Ethyl_3_oxohexanoate_0_chai: Single ligand detected. Running standard mode...
2025-12-15 09:48:58,768 | INFO |Entry EH119_Geranyl_acetate_0_chai: Single ligand detected. Running standard mode...
2025-12-15 09:51:03,577 | INFO |Entry EH119_L_Pantolactone_0_chai: Single ligand detected. Running standard mode...
2025-12-15 09:53:06,261 | INFO |Entry EH119_Vinyl_propionate_0_chai: Single ligand detected. Running standard mode...
2025-12-15 09:55:10,721 | INFO |Entry EH11_1_Napthyl_acetate_0_chai: Single ligand detected. Running standard mode...
2025-12-15 09:57:16,136 | INFO |Entry EH11_Ethyl_3_oxohexanoate_0_chai: Single ligand detected. Running standard mode...
2025-12-15 09:59:21,209 | INFO |Entry EH11_Geranyl_acetate_0_chai: Single ligand detected. Running standard mode...
2025-12-15 10:01:29,493 | INFO |Entry EH11_L_Pantolactone_0_chai: Single ligand detected. Running standard mode...
2025-12-15 10:03:37,058 | INFO |Entry EH11_Vinyl_propionate_0_chai: Single ligand detected. Running standard mode...
2025-12-15 10:05:43,413 | INFO |Entry EH120_1_Napthyl_acetate_0_chai: Single ligand detected. Running standard mode...
2025-12-15 10:07:47,486 | INFO |Entry EH120_Ethyl_3_oxohexanoate_0_chai: Single ligand detected. Running standard mode...
2025-12-15 10:09:54,873 | INFO |Entry EH120_Geranyl_acetate_0_chai: Single ligand detected. Running standard mode...
2025-12-15 10:11:58,894 | INFO |Entry EH120_L_Pantolactone_0_chai: Single ligand detected. Running standard mode...
2025-12-15 10:14:06,302 | INFO |Entry EH120_Vinyl_propionate_0_chai: Single ligand detected. Running standard mode...
2025-12-15 10:16:12,106 | INFO |Entry EH121_1_Napthyl_acetate_0_chai: Single ligand detected. Running standard mode...
2025-12-15 10:18:17,075 | INFO |Entry EH121_Ethyl_3_oxohexanoate_0_chai: Single ligand detected. Running standard mode...
2025-12-15 10:20:22,604 | INFO |Entry EH121_Geranyl_acetate_0_chai: Single ligand detected. Running standard mode...
2025-12-15 10:22:27,960 | INFO |Entry EH121_L_Pantolactone_0_chai: Single ligand detected. Running standard mode...
2025-12-15 10:24:32,439 | INFO |Entry EH121_Vinyl_propionate_0_chai: Single ligand detected. Running standard mode...
2025-12-15 10:26:35,420 | INFO |Entry EH122_1_Napthyl_acetate_0_chai: Single ligand detected. Running standard mode...
2025-12-15 10:28:41,090 | INFO |Entry EH122_Ethyl_3_oxohexanoate_0_chai: Single ligand detected. Running standard mode...
2025-12-15 10:30:44,686 | INFO |Entry EH122_Geranyl_acetate_0_chai: Single ligand detected. Running standard mode...
2025-12-15 10:32:51,914 | INFO |Entry EH122_L_Pantolactone_0_chai: Single ligand detected. Running standard mode...
2025-12-15 10:34:56,117 | INFO |Entry EH122_Vinyl_propionate_0_chai: Single ligand detected. Running standard mode...
2025-12-15 10:36:59,979 | INFO |Entry EH123_1_Napthyl_acetate_0_chai: Single ligand detected. Running standard mode...
2025-12-15 10:39:04,220 | INFO |Entry EH123_Ethyl_3_oxohexanoate_0_chai: Single ligand detected. Running standard mode...
2025-12-15 10:41:09,429 | INFO |Entry EH123_Geranyl_acetate_0_chai: Single ligand detected. Running standard mode...
2025-12-15 10:43:14,647 | INFO |Entry EH123_L_Pantolactone_0_chai: Single ligand detected. Running standard mode...
2025-12-15 10:45:18,958 | INFO |Entry EH123_Vinyl_propionate_0_chai: Single ligand detected. Running standard mode...
2025-12-15 10:47:23,292 | INFO |Entry EH124_1_Napthyl_acetate_0_chai: Single ligand detected. Running standard mode...
2025-12-15 10:49:27,931 | INFO |Entry EH124_Ethyl_3_oxohexanoate_0_chai: Single ligand detected. Running standard mode...
2025-12-15 10:51:37,099 | INFO |Entry EH124_Geranyl_acetate_0_chai: Single ligand detected. Running standard mode...
2025-12-15 10:53:44,637 | INFO |Entry EH124_L_Pantolactone_0_chai: Single ligand detected. Running standard mode...
2025-12-15 10:55:52,695 | INFO |Entry EH124_Vinyl_propionate_0_chai: Single ligand detected. Running standard mode...
2025-12-15 10:58:01,674 | INFO |Entry EH125_1_Napthyl_acetate_0_chai: Single ligand detected. Running standard mode...
2025-12-15 11:00:08,486 | INFO |Entry EH125_Ethyl_3_oxohexanoate_0_chai: Single ligand detected. Running standard mode...
2025-12-15 11:02:15,235 | INFO |Entry EH125_Geranyl_acetate_0_chai: Single ligand detected. Running standard mode...
2025-12-15 11:04:24,159 | INFO |Entry EH125_L_Pantolactone_0_chai: Single ligand detected. Running standard mode...
2025-12-15 11:06:33,643 | INFO |Entry EH125_Vinyl_propionate_0_chai: Single ligand detected. Running standard mode...
2025-12-15 11:08:41,995 | INFO |Entry EH126_1_Napthyl_acetate_0_chai: Single ligand detected. Running standard mode...
2025-12-15 11:10:52,302 | INFO |Entry EH126_Ethyl_3_oxohexanoate_0_chai: Single ligand detected. Running standard mode...
2025-12-15 11:13:00,772 | INFO |Entry EH126_Geranyl_acetate_0_chai: Single ligand detected. Running standard mode...
2025-12-15 11:15:08,796 | INFO |Entry EH126_L_Pantolactone_0_chai: Single ligand detected. Running standard mode...
2025-12-15 11:17:18,972 | INFO |Entry EH126_Vinyl_propionate_0_chai: Single ligand detected. Running standard mode...
2025-12-15 11:19:27,742 | INFO |Entry EH127_1_Napthyl_acetate_0_chai: Single ligand detected. Running standard mode...
2025-12-15 11:21:37,996 | INFO |Entry EH127_Ethyl_3_oxohexanoate_0_chai: Single ligand detected. Running standard mode...
2025-12-15 11:23:48,363 | INFO |Entry EH127_Geranyl_acetate_0_chai: Single ligand detected. Running standard mode...
2025-12-15 11:25:58,466 | INFO |Entry EH127_L_Pantolactone_0_chai: Single ligand detected. Running standard mode...
2025-12-15 11:28:10,014 | INFO |Entry EH127_Vinyl_propionate_0_chai: Single ligand detected. Running standard mode...
2025-12-15 11:30:20,189 | INFO |Entry EH128_1_Napthyl_acetate_0_chai: Single ligand detected. Running standard mode...
2025-12-15 11:32:33,477 | INFO |Entry EH128_Ethyl_3_oxohexanoate_0_chai: Single ligand detected. Running standard mode...
2025-12-15 11:34:44,508 | INFO |Entry EH128_Geranyl_acetate_0_chai: Single ligand detected. Running standard mode...
2025-12-15 11:36:56,893 | INFO |Entry EH128_L_Pantolactone_0_chai: Single ligand detected. Running standard mode...
2025-12-15 11:39:10,893 | INFO |Entry EH128_Vinyl_propionate_0_chai: Single ligand detected. Running standard mode...
2025-12-15 11:41:23,752 | INFO |Entry EH129_1_Napthyl_acetate_0_chai: Single ligand detected. Running standard mode...
2025-12-15 11:43:41,158 | INFO |Entry EH129_Ethyl_3_oxohexanoate_0_chai: Single ligand detected. Running standard mode...
2025-12-15 11:45:54,361 | INFO |Entry EH129_Geranyl_acetate_0_chai: Single ligand detected. Running standard mode...
2025-12-15 11:48:08,329 | INFO |Entry EH129_L_Pantolactone_0_chai: Single ligand detected. Running standard mode...
2025-12-15 11:50:23,199 | INFO |Entry EH129_Vinyl_propionate_0_chai: Single ligand detected. Running standard mode...
2025-12-15 11:52:37,536 | INFO |Entry EH12_1_Napthyl_acetate_0_chai: Single ligand detected. Running standard mode...
2025-12-15 11:54:53,568 | INFO |Entry EH12_Ethyl_3_oxohexanoate_0_chai: Single ligand detected. Running standard mode...
2025-12-15 11:57:12,073 | INFO |Entry EH12_Geranyl_acetate_0_chai: Single ligand detected. Running standard mode...
2025-12-15 11:59:28,086 | INFO |Entry EH12_L_Pantolactone_0_chai: Single ligand detected. Running standard mode...
2025-12-15 12:01:45,056 | INFO |Entry EH12_Vinyl_propionate_0_chai: Single ligand detected. Running standard mode...
2025-12-15 12:04:01,039 | INFO |Entry EH130_1_Napthyl_acetate_0_chai: Single ligand detected. Running standard mode...
2025-12-15 12:06:15,644 | INFO |Entry EH130_Ethyl_3_oxohexanoate_0_chai: Single ligand detected. Running standard mode...
2025-12-15 12:08:29,641 | INFO |Entry EH130_Geranyl_acetate_0_chai: Single ligand detected. Running standard mode...
2025-12-15 12:10:41,661 | INFO |Entry EH130_L_Pantolactone_0_chai: Single ligand detected. Running standard mode...
2025-12-15 12:12:52,645 | INFO |Entry EH130_Vinyl_propionate_0_chai: Single ligand detected. Running standard mode...
2025-12-15 12:15:03,944 | INFO |Entry EH131_1_Napthyl_acetate_0_chai: Single ligand detected. Running standard mode...
2025-12-15 12:17:13,567 | INFO |Entry EH131_Ethyl_3_oxohexanoate_0_chai: Single ligand detected. Running standard mode...
2025-12-15 12:19:23,241 | INFO |Entry EH131_Geranyl_acetate_0_chai: Single ligand detected. Running standard mode...
2025-12-15 12:21:33,721 | INFO |Entry EH131_L_Pantolactone_0_chai: Single ligand detected. Running standard mode...
2025-12-15 12:23:42,124 | INFO |Entry EH131_Vinyl_propionate_0_chai: Single ligand detected. Running standard mode...
2025-12-15 12:25:50,310 | INFO |Entry EH132_1_Napthyl_acetate_0_chai: Single ligand detected. Running standard mode...
2025-12-15 12:27:59,385 | INFO |Entry EH132_Ethyl_3_oxohexanoate_0_chai: Single ligand detected. Running standard mode...
2025-12-15 12:30:03,418 | INFO |Entry EH132_Geranyl_acetate_0_chai: Single ligand detected. Running standard mode...
2025-12-15 12:32:10,309 | INFO |Entry EH132_L_Pantolactone_0_chai: Single ligand detected. Running standard mode...
2025-12-15 12:34:12,309 | INFO |Entry EH132_Vinyl_propionate_0_chai: Single ligand detected. Running standard mode...
2025-12-15 12:36:17,738 | INFO |Entry EH133_1_Napthyl_acetate_0_chai: Single ligand detected. Running standard mode...
2025-12-15 12:38:20,858 | INFO |Entry EH133_Ethyl_3_oxohexanoate_0_chai: Single ligand detected. Running standard mode...
2025-12-15 12:40:26,662 | INFO |Entry EH133_Geranyl_acetate_0_chai: Single ligand detected. Running standard mode...
2025-12-15 12:42:30,667 | INFO |Entry EH133_L_Pantolactone_0_chai: Single ligand detected. Running standard mode...
2025-12-15 12:44:35,420 | INFO |Entry EH133_Vinyl_propionate_0_chai: Single ligand detected. Running standard mode...
2025-12-15 12:46:41,855 | INFO |Entry EH134_1_Napthyl_acetate_0_chai: Single ligand detected. Running standard mode...
2025-12-15 12:48:47,700 | INFO |Entry EH134_Ethyl_3_oxohexanoate_0_chai: Single ligand detected. Running standard mode...
2025-12-15 12:50:50,621 | INFO |Entry EH134_Geranyl_acetate_0_chai: Single ligand detected. Running standard mode...
2025-12-15 12:52:54,721 | INFO |Entry EH134_L_Pantolactone_0_chai: Single ligand detected. Running standard mode...
2025-12-15 12:54:59,254 | INFO |Entry EH134_Vinyl_propionate_0_chai: Single ligand detected. Running standard mode...
2025-12-15 12:57:03,105 | INFO |Entry EH135_1_Napthyl_acetate_0_chai: Single ligand detected. Running standard mode...
2025-12-15 12:59:07,255 | INFO |Entry EH135_Ethyl_3_oxohexanoate_0_chai: Single ligand detected. Running standard mode...
2025-12-15 13:01:09,585 | INFO |Entry EH135_Geranyl_acetate_0_chai: Single ligand detected. Running standard mode...
2025-12-15 13:03:15,045 | INFO |Entry EH135_L_Pantolactone_0_chai: Single ligand detected. Running standard mode...
2025-12-15 13:05:19,137 | INFO |Entry EH135_Vinyl_propionate_0_chai: Single ligand detected. Running standard mode...
2025-12-15 13:07:22,884 | INFO |Entry EH136_1_Napthyl_acetate_0_chai: Single ligand detected. Running standard mode...
2025-12-15 13:09:26,497 | INFO |Entry EH136_Ethyl_3_oxohexanoate_0_chai: Single ligand detected. Running standard mode...
2025-12-15 13:11:29,434 | INFO |Entry EH136_Geranyl_acetate_0_chai: Single ligand detected. Running standard mode...
2025-12-15 13:13:33,244 | INFO |Entry EH136_L_Pantolactone_0_chai: Single ligand detected. Running standard mode...
2025-12-15 13:15:38,168 | INFO |Entry EH136_Vinyl_propionate_0_chai: Single ligand detected. Running standard mode...
2025-12-15 13:17:43,083 | INFO |Entry EH137_1_Napthyl_acetate_0_chai: Single ligand detected. Running standard mode...
2025-12-15 13:19:49,624 | INFO |Entry EH137_Ethyl_3_oxohexanoate_0_chai: Single ligand detected. Running standard mode...
2025-12-15 13:21:54,632 | INFO |Entry EH137_Geranyl_acetate_0_chai: Single ligand detected. Running standard mode...
2025-12-15 13:23:59,873 | INFO |Entry EH137_L_Pantolactone_0_chai: Single ligand detected. Running standard mode...
2025-12-15 13:26:07,148 | INFO |Entry EH137_Vinyl_propionate_0_chai: Single ligand detected. Running standard mode...
2025-12-15 13:28:13,439 | INFO |Entry EH138_1_Napthyl_acetate_0_chai: Single ligand detected. Running standard mode...
2025-12-15 13:30:20,952 | INFO |Entry EH138_Ethyl_3_oxohexanoate_0_chai: Single ligand detected. Running standard mode...
2025-12-15 13:32:27,135 | INFO |Entry EH138_Geranyl_acetate_0_chai: Single ligand detected. Running standard mode...
2025-12-15 13:34:32,077 | INFO |Entry EH138_L_Pantolactone_0_chai: Single ligand detected. Running standard mode...
2025-12-15 13:36:39,637 | INFO |Entry EH138_Vinyl_propionate_0_chai: Single ligand detected. Running standard mode...
2025-12-15 13:38:45,274 | INFO |Entry EH139_1_Napthyl_acetate_0_chai: Single ligand detected. Running standard mode...
2025-12-15 13:40:48,853 | INFO |Entry EH139_Ethyl_3_oxohexanoate_0_chai: Single ligand detected. Running standard mode...
2025-12-15 13:42:54,489 | INFO |Entry EH139_Geranyl_acetate_0_chai: Single ligand detected. Running standard mode...
2025-12-15 13:46:03,256 | INFO |Entry EH139_L_Pantolactone_0_chai: Single ligand detected. Running standard mode...
2025-12-15 13:46:23,162 | ERROR |PLACER failed for EH139_L_Pantolactone_0_chai: Traceback (most recent call last):
  File "/nvme2/helen/EnzymeStructuralFiltering/filterzyme/PLACER/run_PLACER.py", line 282, in <module>
    main(args)
  File "/nvme2/helen/EnzymeStructuralFiltering/filterzyme/PLACER/run_PLACER.py", line 196, in main
    outputs = placer.run(placer_input_iter, args.nsamples)
  File "/nvme2/helen/EnzymeStructuralFiltering/filterzyme/PLACER/PLACER.py", line 405, in run
    Xs,Ds,plDDTs,pDEVs = self.net()(**{k:item[k] for k in input_keys}, recycles=recycles, save_recycling_data=save_recycling_data)
  File "/home/helen/miniconda3/envs/placer_env/lib/python3.10/site-packages/torch/nn/modules/module.py", line 1532, in _wrapped_call_impl
    return self._call_impl(*args, **kwargs)
  File "/home/helen/miniconda3/envs/placer_env/lib/python3.10/site-packages/torch/nn/modules/module.py", line 1541, in _call_impl
    return forward_call(*args, **kwargs)
  File "/nvme2/helen/EnzymeStructuralFiltering/filterzyme/PLACER/modules/model.py", line 281, in forward
    single = self.init_single(f1d)
  File "/home/helen/miniconda3/envs/placer_env/lib/python3.10/site-packages/torch/nn/modules/module.py", line 1532, in _wrapped_call_impl
    return self._call_impl(*args, **kwargs)
  File "/home/helen/miniconda3/envs/placer_env/lib/python3.10/site-packages/torch/nn/modules/module.py", line 1541, in _call_impl
    return forward_call(*args, **kwargs)
  File "/nvme2/helen/EnzymeStructuralFiltering/filterzyme/PLACER/modules/model.py", line 155, in forward
    return self.net(f1d)
  File "/home/helen/miniconda3/envs/placer_env/lib/python3.10/site-packages/torch/nn/modules/module.py", line 1532, in _wrapped_call_impl
    return self._call_impl(*args, **kwargs)
  File "/home/helen/miniconda3/envs/placer_env/lib/python3.10/site-packages/torch/nn/modules/module.py", line 1541, in _call_impl
    return forward_call(*args, **kwargs)
  File "/home/helen/miniconda3/envs/placer_env/lib/python3.10/site-packages/torch/nn/modules/container.py", line 217, in forward
    input = module(input)
  File "/home/helen/miniconda3/envs/placer_env/lib/python3.10/site-packages/torch/nn/modules/module.py", line 1532, in _wrapped_call_impl
    return self._call_impl(*args, **kwargs)
  File "/home/helen/miniconda3/envs/placer_env/lib/python3.10/site-packages/torch/nn/modules/module.py", line 1541, in _call_impl
    return forward_call(*args, **kwargs)
  File "/home/helen/miniconda3/envs/placer_env/lib/python3.10/site-packages/torch/nn/modules/linear.py", line 116, in forward
    return F.linear(input, self.weight, self.bias)
RuntimeError: CUDA error: CUBLAS_STATUS_NOT_INITIALIZED when calling `cublasCreate(handle)`

2025-12-15 13:46:23,166 | INFO |Entry EH139_Vinyl_propionate_0_chai: Single ligand detected. Running standard mode...
2025-12-15 13:46:44,705 | ERROR |PLACER failed for EH139_Vinyl_propionate_0_chai: Traceback (most recent call last):
  File "/nvme2/helen/EnzymeStructuralFiltering/filterzyme/PLACER/run_PLACER.py", line 282, in <module>
    main(args)
  File "/nvme2/helen/EnzymeStructuralFiltering/filterzyme/PLACER/run_PLACER.py", line 196, in main
    outputs = placer.run(placer_input_iter, args.nsamples)
  File "/nvme2/helen/EnzymeStructuralFiltering/filterzyme/PLACER/PLACER.py", line 405, in run
    Xs,Ds,plDDTs,pDEVs = self.net()(**{k:item[k] for k in input_keys}, recycles=recycles, save_recycling_data=save_recycling_data)
  File "/home/helen/miniconda3/envs/placer_env/lib/python3.10/site-packages/torch/nn/modules/module.py", line 1532, in _wrapped_call_impl
    return self._call_impl(*args, **kwargs)
  File "/home/helen/miniconda3/envs/placer_env/lib/python3.10/site-packages/torch/nn/modules/module.py", line 1541, in _call_impl
    return forward_call(*args, **kwargs)
  File "/nvme2/helen/EnzymeStructuralFiltering/filterzyme/PLACER/modules/model.py", line 281, in forward
    single = self.init_single(f1d)
  File "/home/helen/miniconda3/envs/placer_env/lib/python3.10/site-packages/torch/nn/modules/module.py", line 1532, in _wrapped_call_impl
    return self._call_impl(*args, **kwargs)
  File "/home/helen/miniconda3/envs/placer_env/lib/python3.10/site-packages/torch/nn/modules/module.py", line 1541, in _call_impl
    return forward_call(*args, **kwargs)
  File "/nvme2/helen/EnzymeStructuralFiltering/filterzyme/PLACER/modules/model.py", line 155, in forward
    return self.net(f1d)
  File "/home/helen/miniconda3/envs/placer_env/lib/python3.10/site-packages/torch/nn/modules/module.py", line 1532, in _wrapped_call_impl
    return self._call_impl(*args, **kwargs)
  File "/home/helen/miniconda3/envs/placer_env/lib/python3.10/site-packages/torch/nn/modules/module.py", line 1541, in _call_impl
    return forward_call(*args, **kwargs)
  File "/home/helen/miniconda3/envs/placer_env/lib/python3.10/site-packages/torch/nn/modules/container.py", line 217, in forward
    input = module(input)
  File "/home/helen/miniconda3/envs/placer_env/lib/python3.10/site-packages/torch/nn/modules/module.py", line 1532, in _wrapped_call_impl
    return self._call_impl(*args, **kwargs)
  File "/home/helen/miniconda3/envs/placer_env/lib/python3.10/site-packages/torch/nn/modules/module.py", line 1541, in _call_impl
    return forward_call(*args, **kwargs)
  File "/home/helen/miniconda3/envs/placer_env/lib/python3.10/site-packages/torch/nn/modules/linear.py", line 116, in forward
    return F.linear(input, self.weight, self.bias)
RuntimeError: CUDA error: CUBLAS_STATUS_NOT_INITIALIZED when calling `cublasCreate(handle)`

2025-12-15 13:46:44,708 | INFO |Entry EH13_1_Napthyl_acetate_0_chai: Single ligand detected. Running standard mode...
2025-12-15 13:46:51,190 | ERROR |PLACER failed for EH13_1_Napthyl_acetate_0_chai: Traceback (most recent call last):
  File "/nvme2/helen/EnzymeStructuralFiltering/filterzyme/PLACER/run_PLACER.py", line 282, in <module>
    main(args)
  File "/nvme2/helen/EnzymeStructuralFiltering/filterzyme/PLACER/run_PLACER.py", line 29, in main
    placer = PLACER.PLACER(weightsfile)
  File "/nvme2/helen/EnzymeStructuralFiltering/filterzyme/PLACER/PLACER.py", line 56, in __init__
    chk = torch.load(self.__checkpoint, map_location=self.__device)
  File "/home/helen/miniconda3/envs/placer_env/lib/python3.10/site-packages/torch/serialization.py", line 1025, in load
    return _load(opened_zipfile,
  File "/home/helen/miniconda3/envs/placer_env/lib/python3.10/site-packages/torch/serialization.py", line 1446, in _load
    result = unpickler.load()
  File "/home/helen/miniconda3/envs/placer_env/lib/python3.10/site-packages/torch/serialization.py", line 1416, in persistent_load
    typed_storage = load_tensor(dtype, nbytes, key, _maybe_decode_ascii(location))
  File "/home/helen/miniconda3/envs/placer_env/lib/python3.10/site-packages/torch/serialization.py", line 1390, in load_tensor
    wrap_storage=restore_location(storage, location),
  File "/home/helen/miniconda3/envs/placer_env/lib/python3.10/site-packages/torch/serialization.py", line 1316, in restore_location
    return default_restore_location(storage, str(map_location))
  File "/home/helen/miniconda3/envs/placer_env/lib/python3.10/site-packages/torch/serialization.py", line 390, in default_restore_location
    result = fn(storage, location)
  File "/home/helen/miniconda3/envs/placer_env/lib/python3.10/site-packages/torch/serialization.py", line 270, in _cuda_deserialize
    return obj.cuda(device)
  File "/home/helen/miniconda3/envs/placer_env/lib/python3.10/site-packages/torch/_utils.py", line 114, in _cuda
    untyped_storage = torch.UntypedStorage(
RuntimeError: CUDA error: out of memory
CUDA kernel errors might be asynchronously reported at some other API call, so the stacktrace below might be incorrect.
For debugging consider passing CUDA_LAUNCH_BLOCKING=1.
Compile with `TORCH_USE_CUDA_DSA` to enable device-side assertions.


2025-12-15 13:46:51,193 | INFO |Entry EH13_Ethyl_3_oxohexanoate_0_chai: Single ligand detected. Running standard mode...
2025-12-15 13:46:55,900 | ERROR |PLACER failed for EH13_Ethyl_3_oxohexanoate_0_chai: Traceback (most recent call last):
  File "/nvme2/helen/EnzymeStructuralFiltering/filterzyme/PLACER/run_PLACER.py", line 282, in <module>
    main(args)
  File "/nvme2/helen/EnzymeStructuralFiltering/filterzyme/PLACER/run_PLACER.py", line 29, in main
    placer = PLACER.PLACER(weightsfile)
  File "/nvme2/helen/EnzymeStructuralFiltering/filterzyme/PLACER/PLACER.py", line 56, in __init__
    chk = torch.load(self.__checkpoint, map_location=self.__device)
  File "/home/helen/miniconda3/envs/placer_env/lib/python3.10/site-packages/torch/serialization.py", line 1025, in load
    return _load(opened_zipfile,
  File "/home/helen/miniconda3/envs/placer_env/lib/python3.10/site-packages/torch/serialization.py", line 1446, in _load
    result = unpickler.load()
  File "/home/helen/miniconda3/envs/placer_env/lib/python3.10/site-packages/torch/serialization.py", line 1416, in persistent_load
    typed_storage = load_tensor(dtype, nbytes, key, _maybe_decode_ascii(location))
  File "/home/helen/miniconda3/envs/placer_env/lib/python3.10/site-packages/torch/serialization.py", line 1390, in load_tensor
    wrap_storage=restore_location(storage, location),
  File "/home/helen/miniconda3/envs/placer_env/lib/python3.10/site-packages/torch/serialization.py", line 1316, in restore_location
    return default_restore_location(storage, str(map_location))
  File "/home/helen/miniconda3/envs/placer_env/lib/python3.10/site-packages/torch/serialization.py", line 390, in default_restore_location
    result = fn(storage, location)
  File "/home/helen/miniconda3/envs/placer_env/lib/python3.10/site-packages/torch/serialization.py", line 270, in _cuda_deserialize
    return obj.cuda(device)
  File "/home/helen/miniconda3/envs/placer_env/lib/python3.10/site-packages/torch/_utils.py", line 114, in _cuda
    untyped_storage = torch.UntypedStorage(
RuntimeError: CUDA error: out of memory
CUDA kernel errors might be asynchronously reported at some other API call, so the stacktrace below might be incorrect.
For debugging consider passing CUDA_LAUNCH_BLOCKING=1.
Compile with `TORCH_USE_CUDA_DSA` to enable device-side assertions.


2025-12-15 13:46:55,904 | INFO |Entry EH13_Geranyl_acetate_0_chai: Single ligand detected. Running standard mode...
2025-12-15 13:47:00,362 | ERROR |PLACER failed for EH13_Geranyl_acetate_0_chai: Traceback (most recent call last):
  File "/nvme2/helen/EnzymeStructuralFiltering/filterzyme/PLACER/run_PLACER.py", line 282, in <module>
    main(args)
  File "/nvme2/helen/EnzymeStructuralFiltering/filterzyme/PLACER/run_PLACER.py", line 29, in main
    placer = PLACER.PLACER(weightsfile)
  File "/nvme2/helen/EnzymeStructuralFiltering/filterzyme/PLACER/PLACER.py", line 56, in __init__
    chk = torch.load(self.__checkpoint, map_location=self.__device)
  File "/home/helen/miniconda3/envs/placer_env/lib/python3.10/site-packages/torch/serialization.py", line 1025, in load
    return _load(opened_zipfile,
  File "/home/helen/miniconda3/envs/placer_env/lib/python3.10/site-packages/torch/serialization.py", line 1446, in _load
    result = unpickler.load()
  File "/home/helen/miniconda3/envs/placer_env/lib/python3.10/site-packages/torch/serialization.py", line 1416, in persistent_load
    typed_storage = load_tensor(dtype, nbytes, key, _maybe_decode_ascii(location))
  File "/home/helen/miniconda3/envs/placer_env/lib/python3.10/site-packages/torch/serialization.py", line 1390, in load_tensor
    wrap_storage=restore_location(storage, location),
  File "/home/helen/miniconda3/envs/placer_env/lib/python3.10/site-packages/torch/serialization.py", line 1316, in restore_location
    return default_restore_location(storage, str(map_location))
  File "/home/helen/miniconda3/envs/placer_env/lib/python3.10/site-packages/torch/serialization.py", line 390, in default_restore_location
    result = fn(storage, location)
  File "/home/helen/miniconda3/envs/placer_env/lib/python3.10/site-packages/torch/serialization.py", line 270, in _cuda_deserialize
    return obj.cuda(device)
  File "/home/helen/miniconda3/envs/placer_env/lib/python3.10/site-packages/torch/_utils.py", line 114, in _cuda
    untyped_storage = torch.UntypedStorage(
RuntimeError: CUDA error: out of memory
CUDA kernel errors might be asynchronously reported at some other API call, so the stacktrace below might be incorrect.
For debugging consider passing CUDA_LAUNCH_BLOCKING=1.
Compile with `TORCH_USE_CUDA_DSA` to enable device-side assertions.


2025-12-15 13:47:00,366 | INFO |Entry EH13_L_Pantolactone_0_chai: Single ligand detected. Running standard mode...
2025-12-15 13:47:05,104 | ERROR |PLACER failed for EH13_L_Pantolactone_0_chai: Traceback (most recent call last):
  File "/nvme2/helen/EnzymeStructuralFiltering/filterzyme/PLACER/run_PLACER.py", line 282, in <module>
    main(args)
  File "/nvme2/helen/EnzymeStructuralFiltering/filterzyme/PLACER/run_PLACER.py", line 29, in main
    placer = PLACER.PLACER(weightsfile)
  File "/nvme2/helen/EnzymeStructuralFiltering/filterzyme/PLACER/PLACER.py", line 56, in __init__
    chk = torch.load(self.__checkpoint, map_location=self.__device)
  File "/home/helen/miniconda3/envs/placer_env/lib/python3.10/site-packages/torch/serialization.py", line 1025, in load
    return _load(opened_zipfile,
  File "/home/helen/miniconda3/envs/placer_env/lib/python3.10/site-packages/torch/serialization.py", line 1446, in _load
    result = unpickler.load()
  File "/home/helen/miniconda3/envs/placer_env/lib/python3.10/site-packages/torch/serialization.py", line 1416, in persistent_load
    typed_storage = load_tensor(dtype, nbytes, key, _maybe_decode_ascii(location))
  File "/home/helen/miniconda3/envs/placer_env/lib/python3.10/site-packages/torch/serialization.py", line 1390, in load_tensor
    wrap_storage=restore_location(storage, location),
  File "/home/helen/miniconda3/envs/placer_env/lib/python3.10/site-packages/torch/serialization.py", line 1316, in restore_location
    return default_restore_location(storage, str(map_location))
  File "/home/helen/miniconda3/envs/placer_env/lib/python3.10/site-packages/torch/serialization.py", line 390, in default_restore_location
    result = fn(storage, location)
  File "/home/helen/miniconda3/envs/placer_env/lib/python3.10/site-packages/torch/serialization.py", line 270, in _cuda_deserialize
    return obj.cuda(device)
  File "/home/helen/miniconda3/envs/placer_env/lib/python3.10/site-packages/torch/_utils.py", line 114, in _cuda
    untyped_storage = torch.UntypedStorage(
RuntimeError: CUDA error: out of memory
CUDA kernel errors might be asynchronously reported at some other API call, so the stacktrace below might be incorrect.
For debugging consider passing CUDA_LAUNCH_BLOCKING=1.
Compile with `TORCH_USE_CUDA_DSA` to enable device-side assertions.


2025-12-15 13:47:05,106 | INFO |Entry EH13_Vinyl_propionate_0_chai: Single ligand detected. Running standard mode...
2025-12-15 13:47:25,997 | ERROR |PLACER failed for EH13_Vinyl_propionate_0_chai: Traceback (most recent call last):
  File "/nvme2/helen/EnzymeStructuralFiltering/filterzyme/PLACER/run_PLACER.py", line 282, in <module>
    main(args)
  File "/nvme2/helen/EnzymeStructuralFiltering/filterzyme/PLACER/run_PLACER.py", line 196, in main
    outputs = placer.run(placer_input_iter, args.nsamples)
  File "/nvme2/helen/EnzymeStructuralFiltering/filterzyme/PLACER/PLACER.py", line 405, in run
    Xs,Ds,plDDTs,pDEVs = self.net()(**{k:item[k] for k in input_keys}, recycles=recycles, save_recycling_data=save_recycling_data)
  File "/home/helen/miniconda3/envs/placer_env/lib/python3.10/site-packages/torch/nn/modules/module.py", line 1532, in _wrapped_call_impl
    return self._call_impl(*args, **kwargs)
  File "/home/helen/miniconda3/envs/placer_env/lib/python3.10/site-packages/torch/nn/modules/module.py", line 1541, in _call_impl
    return forward_call(*args, **kwargs)
  File "/nvme2/helen/EnzymeStructuralFiltering/filterzyme/PLACER/modules/model.py", line 281, in forward
    single = self.init_single(f1d)
  File "/home/helen/miniconda3/envs/placer_env/lib/python3.10/site-packages/torch/nn/modules/module.py", line 1532, in _wrapped_call_impl
    return self._call_impl(*args, **kwargs)
  File "/home/helen/miniconda3/envs/placer_env/lib/python3.10/site-packages/torch/nn/modules/module.py", line 1541, in _call_impl
    return forward_call(*args, **kwargs)
  File "/nvme2/helen/EnzymeStructuralFiltering/filterzyme/PLACER/modules/model.py", line 155, in forward
    return self.net(f1d)
  File "/home/helen/miniconda3/envs/placer_env/lib/python3.10/site-packages/torch/nn/modules/module.py", line 1532, in _wrapped_call_impl
    return self._call_impl(*args, **kwargs)
  File "/home/helen/miniconda3/envs/placer_env/lib/python3.10/site-packages/torch/nn/modules/module.py", line 1541, in _call_impl
    return forward_call(*args, **kwargs)
  File "/home/helen/miniconda3/envs/placer_env/lib/python3.10/site-packages/torch/nn/modules/container.py", line 217, in forward
    input = module(input)
  File "/home/helen/miniconda3/envs/placer_env/lib/python3.10/site-packages/torch/nn/modules/module.py", line 1532, in _wrapped_call_impl
    return self._call_impl(*args, **kwargs)
  File "/home/helen/miniconda3/envs/placer_env/lib/python3.10/site-packages/torch/nn/modules/module.py", line 1541, in _call_impl
    return forward_call(*args, **kwargs)
  File "/home/helen/miniconda3/envs/placer_env/lib/python3.10/site-packages/torch/nn/modules/linear.py", line 116, in forward
    return F.linear(input, self.weight, self.bias)
RuntimeError: CUDA error: CUBLAS_STATUS_NOT_INITIALIZED when calling `cublasCreate(handle)`

2025-12-15 13:47:26,002 | INFO |Entry EH140_1_Napthyl_acetate_0_chai: Single ligand detected. Running standard mode...
2025-12-15 13:47:50,727 | ERROR |CUDA OOM on EH140_1_Napthyl_acetate_0_chai.
2025-12-15 13:47:50,732 | INFO |Entry EH140_Ethyl_3_oxohexanoate_0_chai: Single ligand detected. Running standard mode...
2025-12-15 13:51:11,816 | INFO |Entry EH140_Geranyl_acetate_0_chai: Single ligand detected. Running standard mode...
2025-12-15 13:51:37,997 | ERROR |CUDA OOM on EH140_Geranyl_acetate_0_chai.
2025-12-15 13:51:37,999 | INFO |Entry EH140_L_Pantolactone_0_chai: Single ligand detected. Running standard mode...
2025-12-15 13:51:59,319 | ERROR |CUDA OOM on EH140_L_Pantolactone_0_chai.
2025-12-15 13:51:59,322 | INFO |Entry EH140_Vinyl_propionate_0_chai: Single ligand detected. Running standard mode...
2025-12-15 13:52:21,420 | ERROR |PLACER failed for EH140_Vinyl_propionate_0_chai: Traceback (most recent call last):
  File "/nvme2/helen/EnzymeStructuralFiltering/filterzyme/PLACER/run_PLACER.py", line 282, in <module>
    main(args)
  File "/nvme2/helen/EnzymeStructuralFiltering/filterzyme/PLACER/run_PLACER.py", line 196, in main
    outputs = placer.run(placer_input_iter, args.nsamples)
  File "/nvme2/helen/EnzymeStructuralFiltering/filterzyme/PLACER/PLACER.py", line 405, in run
    Xs,Ds,plDDTs,pDEVs = self.net()(**{k:item[k] for k in input_keys}, recycles=recycles, save_recycling_data=save_recycling_data)
  File "/home/helen/miniconda3/envs/placer_env/lib/python3.10/site-packages/torch/nn/modules/module.py", line 1532, in _wrapped_call_impl
    return self._call_impl(*args, **kwargs)
  File "/home/helen/miniconda3/envs/placer_env/lib/python3.10/site-packages/torch/nn/modules/module.py", line 1541, in _call_impl
    return forward_call(*args, **kwargs)
  File "/nvme2/helen/EnzymeStructuralFiltering/filterzyme/PLACER/modules/model.py", line 281, in forward
    single = self.init_single(f1d)
  File "/home/helen/miniconda3/envs/placer_env/lib/python3.10/site-packages/torch/nn/modules/module.py", line 1532, in _wrapped_call_impl
    return self._call_impl(*args, **kwargs)
  File "/home/helen/miniconda3/envs/placer_env/lib/python3.10/site-packages/torch/nn/modules/module.py", line 1541, in _call_impl
    return forward_call(*args, **kwargs)
  File "/nvme2/helen/EnzymeStructuralFiltering/filterzyme/PLACER/modules/model.py", line 155, in forward
    return self.net(f1d)
  File "/home/helen/miniconda3/envs/placer_env/lib/python3.10/site-packages/torch/nn/modules/module.py", line 1532, in _wrapped_call_impl
    return self._call_impl(*args, **kwargs)
  File "/home/helen/miniconda3/envs/placer_env/lib/python3.10/site-packages/torch/nn/modules/module.py", line 1541, in _call_impl
    return forward_call(*args, **kwargs)
  File "/home/helen/miniconda3/envs/placer_env/lib/python3.10/site-packages/torch/nn/modules/container.py", line 217, in forward
    input = module(input)
  File "/home/helen/miniconda3/envs/placer_env/lib/python3.10/site-packages/torch/nn/modules/module.py", line 1532, in _wrapped_call_impl
    return self._call_impl(*args, **kwargs)
  File "/home/helen/miniconda3/envs/placer_env/lib/python3.10/site-packages/torch/nn/modules/module.py", line 1541, in _call_impl
    return forward_call(*args, **kwargs)
  File "/home/helen/miniconda3/envs/placer_env/lib/python3.10/site-packages/torch/nn/modules/linear.py", line 116, in forward
    return F.linear(input, self.weight, self.bias)
RuntimeError: CUDA error: CUBLAS_STATUS_NOT_INITIALIZED when calling `cublasCreate(handle)`

2025-12-15 13:52:21,423 | INFO |Entry EH141_1_Napthyl_acetate_0_chai: Single ligand detected. Running standard mode...
2025-12-15 13:52:26,935 | ERROR |PLACER failed for EH141_1_Napthyl_acetate_0_chai: Traceback (most recent call last):
  File "/nvme2/helen/EnzymeStructuralFiltering/filterzyme/PLACER/run_PLACER.py", line 282, in <module>
    main(args)
  File "/nvme2/helen/EnzymeStructuralFiltering/filterzyme/PLACER/run_PLACER.py", line 29, in main
    placer = PLACER.PLACER(weightsfile)
  File "/nvme2/helen/EnzymeStructuralFiltering/filterzyme/PLACER/PLACER.py", line 56, in __init__
    chk = torch.load(self.__checkpoint, map_location=self.__device)
  File "/home/helen/miniconda3/envs/placer_env/lib/python3.10/site-packages/torch/serialization.py", line 1025, in load
    return _load(opened_zipfile,
  File "/home/helen/miniconda3/envs/placer_env/lib/python3.10/site-packages/torch/serialization.py", line 1446, in _load
    result = unpickler.load()
  File "/home/helen/miniconda3/envs/placer_env/lib/python3.10/site-packages/torch/serialization.py", line 1416, in persistent_load
    typed_storage = load_tensor(dtype, nbytes, key, _maybe_decode_ascii(location))
  File "/home/helen/miniconda3/envs/placer_env/lib/python3.10/site-packages/torch/serialization.py", line 1390, in load_tensor
    wrap_storage=restore_location(storage, location),
  File "/home/helen/miniconda3/envs/placer_env/lib/python3.10/site-packages/torch/serialization.py", line 1316, in restore_location
    return default_restore_location(storage, str(map_location))
  File "/home/helen/miniconda3/envs/placer_env/lib/python3.10/site-packages/torch/serialization.py", line 390, in default_restore_location
    result = fn(storage, location)
  File "/home/helen/miniconda3/envs/placer_env/lib/python3.10/site-packages/torch/serialization.py", line 270, in _cuda_deserialize
    return obj.cuda(device)
  File "/home/helen/miniconda3/envs/placer_env/lib/python3.10/site-packages/torch/_utils.py", line 114, in _cuda
    untyped_storage = torch.UntypedStorage(
RuntimeError: CUDA error: out of memory
CUDA kernel errors might be asynchronously reported at some other API call, so the stacktrace below might be incorrect.
For debugging consider passing CUDA_LAUNCH_BLOCKING=1.
Compile with `TORCH_USE_CUDA_DSA` to enable device-side assertions.


2025-12-15 13:52:26,937 | INFO |Entry EH141_Ethyl_3_oxohexanoate_0_chai: Single ligand detected. Running standard mode...
2025-12-15 13:52:31,642 | ERROR |PLACER failed for EH141_Ethyl_3_oxohexanoate_0_chai: Traceback (most recent call last):
  File "/nvme2/helen/EnzymeStructuralFiltering/filterzyme/PLACER/run_PLACER.py", line 282, in <module>
    main(args)
  File "/nvme2/helen/EnzymeStructuralFiltering/filterzyme/PLACER/run_PLACER.py", line 29, in main
    placer = PLACER.PLACER(weightsfile)
  File "/nvme2/helen/EnzymeStructuralFiltering/filterzyme/PLACER/PLACER.py", line 56, in __init__
    chk = torch.load(self.__checkpoint, map_location=self.__device)
  File "/home/helen/miniconda3/envs/placer_env/lib/python3.10/site-packages/torch/serialization.py", line 1025, in load
    return _load(opened_zipfile,
  File "/home/helen/miniconda3/envs/placer_env/lib/python3.10/site-packages/torch/serialization.py", line 1446, in _load
    result = unpickler.load()
  File "/home/helen/miniconda3/envs/placer_env/lib/python3.10/site-packages/torch/serialization.py", line 1416, in persistent_load
    typed_storage = load_tensor(dtype, nbytes, key, _maybe_decode_ascii(location))
  File "/home/helen/miniconda3/envs/placer_env/lib/python3.10/site-packages/torch/serialization.py", line 1390, in load_tensor
    wrap_storage=restore_location(storage, location),
  File "/home/helen/miniconda3/envs/placer_env/lib/python3.10/site-packages/torch/serialization.py", line 1316, in restore_location
    return default_restore_location(storage, str(map_location))
  File "/home/helen/miniconda3/envs/placer_env/lib/python3.10/site-packages/torch/serialization.py", line 390, in default_restore_location
    result = fn(storage, location)
  File "/home/helen/miniconda3/envs/placer_env/lib/python3.10/site-packages/torch/serialization.py", line 270, in _cuda_deserialize
    return obj.cuda(device)
  File "/home/helen/miniconda3/envs/placer_env/lib/python3.10/site-packages/torch/_utils.py", line 114, in _cuda
    untyped_storage = torch.UntypedStorage(
RuntimeError: CUDA error: out of memory
CUDA kernel errors might be asynchronously reported at some other API call, so the stacktrace below might be incorrect.
For debugging consider passing CUDA_LAUNCH_BLOCKING=1.
Compile with `TORCH_USE_CUDA_DSA` to enable device-side assertions.


2025-12-15 13:52:31,644 | INFO |Entry EH141_Geranyl_acetate_0_chai: Single ligand detected. Running standard mode...
2025-12-15 13:52:36,559 | ERROR |PLACER failed for EH141_Geranyl_acetate_0_chai: Traceback (most recent call last):
  File "/nvme2/helen/EnzymeStructuralFiltering/filterzyme/PLACER/run_PLACER.py", line 282, in <module>
    main(args)
  File "/nvme2/helen/EnzymeStructuralFiltering/filterzyme/PLACER/run_PLACER.py", line 29, in main
    placer = PLACER.PLACER(weightsfile)
  File "/nvme2/helen/EnzymeStructuralFiltering/filterzyme/PLACER/PLACER.py", line 56, in __init__
    chk = torch.load(self.__checkpoint, map_location=self.__device)
  File "/home/helen/miniconda3/envs/placer_env/lib/python3.10/site-packages/torch/serialization.py", line 1025, in load
    return _load(opened_zipfile,
  File "/home/helen/miniconda3/envs/placer_env/lib/python3.10/site-packages/torch/serialization.py", line 1446, in _load
    result = unpickler.load()
  File "/home/helen/miniconda3/envs/placer_env/lib/python3.10/site-packages/torch/serialization.py", line 1416, in persistent_load
    typed_storage = load_tensor(dtype, nbytes, key, _maybe_decode_ascii(location))
  File "/home/helen/miniconda3/envs/placer_env/lib/python3.10/site-packages/torch/serialization.py", line 1390, in load_tensor
    wrap_storage=restore_location(storage, location),
  File "/home/helen/miniconda3/envs/placer_env/lib/python3.10/site-packages/torch/serialization.py", line 1316, in restore_location
    return default_restore_location(storage, str(map_location))
  File "/home/helen/miniconda3/envs/placer_env/lib/python3.10/site-packages/torch/serialization.py", line 390, in default_restore_location
    result = fn(storage, location)
  File "/home/helen/miniconda3/envs/placer_env/lib/python3.10/site-packages/torch/serialization.py", line 270, in _cuda_deserialize
    return obj.cuda(device)
  File "/home/helen/miniconda3/envs/placer_env/lib/python3.10/site-packages/torch/_utils.py", line 114, in _cuda
    untyped_storage = torch.UntypedStorage(
RuntimeError: CUDA error: out of memory
CUDA kernel errors might be asynchronously reported at some other API call, so the stacktrace below might be incorrect.
For debugging consider passing CUDA_LAUNCH_BLOCKING=1.
Compile with `TORCH_USE_CUDA_DSA` to enable device-side assertions.


2025-12-15 13:52:36,564 | INFO |Entry EH141_L_Pantolactone_0_chai: Single ligand detected. Running standard mode...
2025-12-15 13:52:41,494 | ERROR |PLACER failed for EH141_L_Pantolactone_0_chai: Traceback (most recent call last):
  File "/nvme2/helen/EnzymeStructuralFiltering/filterzyme/PLACER/run_PLACER.py", line 282, in <module>
    main(args)
  File "/nvme2/helen/EnzymeStructuralFiltering/filterzyme/PLACER/run_PLACER.py", line 29, in main
    placer = PLACER.PLACER(weightsfile)
  File "/nvme2/helen/EnzymeStructuralFiltering/filterzyme/PLACER/PLACER.py", line 56, in __init__
    chk = torch.load(self.__checkpoint, map_location=self.__device)
  File "/home/helen/miniconda3/envs/placer_env/lib/python3.10/site-packages/torch/serialization.py", line 1025, in load
    return _load(opened_zipfile,
  File "/home/helen/miniconda3/envs/placer_env/lib/python3.10/site-packages/torch/serialization.py", line 1446, in _load
    result = unpickler.load()
  File "/home/helen/miniconda3/envs/placer_env/lib/python3.10/site-packages/torch/serialization.py", line 1416, in persistent_load
    typed_storage = load_tensor(dtype, nbytes, key, _maybe_decode_ascii(location))
  File "/home/helen/miniconda3/envs/placer_env/lib/python3.10/site-packages/torch/serialization.py", line 1390, in load_tensor
    wrap_storage=restore_location(storage, location),
  File "/home/helen/miniconda3/envs/placer_env/lib/python3.10/site-packages/torch/serialization.py", line 1316, in restore_location
    return default_restore_location(storage, str(map_location))
  File "/home/helen/miniconda3/envs/placer_env/lib/python3.10/site-packages/torch/serialization.py", line 390, in default_restore_location
    result = fn(storage, location)
  File "/home/helen/miniconda3/envs/placer_env/lib/python3.10/site-packages/torch/serialization.py", line 270, in _cuda_deserialize
    return obj.cuda(device)
  File "/home/helen/miniconda3/envs/placer_env/lib/python3.10/site-packages/torch/_utils.py", line 114, in _cuda
    untyped_storage = torch.UntypedStorage(
RuntimeError: CUDA error: out of memory
CUDA kernel errors might be asynchronously reported at some other API call, so the stacktrace below might be incorrect.
For debugging consider passing CUDA_LAUNCH_BLOCKING=1.
Compile with `TORCH_USE_CUDA_DSA` to enable device-side assertions.


2025-12-15 13:52:41,499 | INFO |Entry EH141_Vinyl_propionate_0_chai: Single ligand detected. Running standard mode...
2025-12-15 13:52:48,798 | ERROR |PLACER failed for EH141_Vinyl_propionate_0_chai: Traceback (most recent call last):
  File "/nvme2/helen/EnzymeStructuralFiltering/filterzyme/PLACER/run_PLACER.py", line 282, in <module>
    main(args)
  File "/nvme2/helen/EnzymeStructuralFiltering/filterzyme/PLACER/run_PLACER.py", line 29, in main
    placer = PLACER.PLACER(weightsfile)
  File "/nvme2/helen/EnzymeStructuralFiltering/filterzyme/PLACER/PLACER.py", line 56, in __init__
    chk = torch.load(self.__checkpoint, map_location=self.__device)
  File "/home/helen/miniconda3/envs/placer_env/lib/python3.10/site-packages/torch/serialization.py", line 1025, in load
    return _load(opened_zipfile,
  File "/home/helen/miniconda3/envs/placer_env/lib/python3.10/site-packages/torch/serialization.py", line 1446, in _load
    result = unpickler.load()
  File "/home/helen/miniconda3/envs/placer_env/lib/python3.10/site-packages/torch/serialization.py", line 1416, in persistent_load
    typed_storage = load_tensor(dtype, nbytes, key, _maybe_decode_ascii(location))
  File "/home/helen/miniconda3/envs/placer_env/lib/python3.10/site-packages/torch/serialization.py", line 1390, in load_tensor
    wrap_storage=restore_location(storage, location),
  File "/home/helen/miniconda3/envs/placer_env/lib/python3.10/site-packages/torch/serialization.py", line 1316, in restore_location
    return default_restore_location(storage, str(map_location))
  File "/home/helen/miniconda3/envs/placer_env/lib/python3.10/site-packages/torch/serialization.py", line 390, in default_restore_location
    result = fn(storage, location)
  File "/home/helen/miniconda3/envs/placer_env/lib/python3.10/site-packages/torch/serialization.py", line 270, in _cuda_deserialize
    return obj.cuda(device)
  File "/home/helen/miniconda3/envs/placer_env/lib/python3.10/site-packages/torch/_utils.py", line 114, in _cuda
    untyped_storage = torch.UntypedStorage(
RuntimeError: CUDA error: out of memory
CUDA kernel errors might be asynchronously reported at some other API call, so the stacktrace below might be incorrect.
For debugging consider passing CUDA_LAUNCH_BLOCKING=1.
Compile with `TORCH_USE_CUDA_DSA` to enable device-side assertions.


2025-12-15 13:52:48,802 | INFO |Entry EH142_1_Napthyl_acetate_0_chai: Single ligand detected. Running standard mode...
2025-12-15 13:52:53,523 | ERROR |PLACER failed for EH142_1_Napthyl_acetate_0_chai: Traceback (most recent call last):
  File "/nvme2/helen/EnzymeStructuralFiltering/filterzyme/PLACER/run_PLACER.py", line 282, in <module>
    main(args)
  File "/nvme2/helen/EnzymeStructuralFiltering/filterzyme/PLACER/run_PLACER.py", line 29, in main
    placer = PLACER.PLACER(weightsfile)
  File "/nvme2/helen/EnzymeStructuralFiltering/filterzyme/PLACER/PLACER.py", line 56, in __init__
    chk = torch.load(self.__checkpoint, map_location=self.__device)
  File "/home/helen/miniconda3/envs/placer_env/lib/python3.10/site-packages/torch/serialization.py", line 1025, in load
    return _load(opened_zipfile,
  File "/home/helen/miniconda3/envs/placer_env/lib/python3.10/site-packages/torch/serialization.py", line 1446, in _load
    result = unpickler.load()
  File "/home/helen/miniconda3/envs/placer_env/lib/python3.10/site-packages/torch/serialization.py", line 1416, in persistent_load
    typed_storage = load_tensor(dtype, nbytes, key, _maybe_decode_ascii(location))
  File "/home/helen/miniconda3/envs/placer_env/lib/python3.10/site-packages/torch/serialization.py", line 1390, in load_tensor
    wrap_storage=restore_location(storage, location),
  File "/home/helen/miniconda3/envs/placer_env/lib/python3.10/site-packages/torch/serialization.py", line 1316, in restore_location
    return default_restore_location(storage, str(map_location))
  File "/home/helen/miniconda3/envs/placer_env/lib/python3.10/site-packages/torch/serialization.py", line 390, in default_restore_location
    result = fn(storage, location)
  File "/home/helen/miniconda3/envs/placer_env/lib/python3.10/site-packages/torch/serialization.py", line 270, in _cuda_deserialize
    return obj.cuda(device)
  File "/home/helen/miniconda3/envs/placer_env/lib/python3.10/site-packages/torch/_utils.py", line 114, in _cuda
    untyped_storage = torch.UntypedStorage(
RuntimeError: CUDA error: out of memory
CUDA kernel errors might be asynchronously reported at some other API call, so the stacktrace below might be incorrect.
For debugging consider passing CUDA_LAUNCH_BLOCKING=1.
Compile with `TORCH_USE_CUDA_DSA` to enable device-side assertions.


2025-12-15 13:52:53,527 | INFO |Entry EH142_Ethyl_3_oxohexanoate_0_chai: Single ligand detected. Running standard mode...
2025-12-15 13:52:58,121 | ERROR |PLACER failed for EH142_Ethyl_3_oxohexanoate_0_chai: Traceback (most recent call last):
  File "/nvme2/helen/EnzymeStructuralFiltering/filterzyme/PLACER/run_PLACER.py", line 282, in <module>
    main(args)
  File "/nvme2/helen/EnzymeStructuralFiltering/filterzyme/PLACER/run_PLACER.py", line 29, in main
    placer = PLACER.PLACER(weightsfile)
  File "/nvme2/helen/EnzymeStructuralFiltering/filterzyme/PLACER/PLACER.py", line 56, in __init__
    chk = torch.load(self.__checkpoint, map_location=self.__device)
  File "/home/helen/miniconda3/envs/placer_env/lib/python3.10/site-packages/torch/serialization.py", line 1025, in load
    return _load(opened_zipfile,
  File "/home/helen/miniconda3/envs/placer_env/lib/python3.10/site-packages/torch/serialization.py", line 1446, in _load
    result = unpickler.load()
  File "/home/helen/miniconda3/envs/placer_env/lib/python3.10/site-packages/torch/serialization.py", line 1416, in persistent_load
    typed_storage = load_tensor(dtype, nbytes, key, _maybe_decode_ascii(location))
  File "/home/helen/miniconda3/envs/placer_env/lib/python3.10/site-packages/torch/serialization.py", line 1390, in load_tensor
    wrap_storage=restore_location(storage, location),
  File "/home/helen/miniconda3/envs/placer_env/lib/python3.10/site-packages/torch/serialization.py", line 1316, in restore_location
    return default_restore_location(storage, str(map_location))
  File "/home/helen/miniconda3/envs/placer_env/lib/python3.10/site-packages/torch/serialization.py", line 390, in default_restore_location
    result = fn(storage, location)
  File "/home/helen/miniconda3/envs/placer_env/lib/python3.10/site-packages/torch/serialization.py", line 270, in _cuda_deserialize
    return obj.cuda(device)
  File "/home/helen/miniconda3/envs/placer_env/lib/python3.10/site-packages/torch/_utils.py", line 114, in _cuda
    untyped_storage = torch.UntypedStorage(
RuntimeError: CUDA error: out of memory
CUDA kernel errors might be asynchronously reported at some other API call, so the stacktrace below might be incorrect.
For debugging consider passing CUDA_LAUNCH_BLOCKING=1.
Compile with `TORCH_USE_CUDA_DSA` to enable device-side assertions.


2025-12-15 13:52:58,125 | INFO |Entry EH142_Geranyl_acetate_0_chai: Single ligand detected. Running standard mode...
2025-12-15 13:53:02,831 | ERROR |PLACER failed for EH142_Geranyl_acetate_0_chai: Traceback (most recent call last):
  File "/nvme2/helen/EnzymeStructuralFiltering/filterzyme/PLACER/run_PLACER.py", line 282, in <module>
    main(args)
  File "/nvme2/helen/EnzymeStructuralFiltering/filterzyme/PLACER/run_PLACER.py", line 29, in main
    placer = PLACER.PLACER(weightsfile)
  File "/nvme2/helen/EnzymeStructuralFiltering/filterzyme/PLACER/PLACER.py", line 56, in __init__
    chk = torch.load(self.__checkpoint, map_location=self.__device)
  File "/home/helen/miniconda3/envs/placer_env/lib/python3.10/site-packages/torch/serialization.py", line 1025, in load
    return _load(opened_zipfile,
  File "/home/helen/miniconda3/envs/placer_env/lib/python3.10/site-packages/torch/serialization.py", line 1446, in _load
    result = unpickler.load()
  File "/home/helen/miniconda3/envs/placer_env/lib/python3.10/site-packages/torch/serialization.py", line 1416, in persistent_load
    typed_storage = load_tensor(dtype, nbytes, key, _maybe_decode_ascii(location))
  File "/home/helen/miniconda3/envs/placer_env/lib/python3.10/site-packages/torch/serialization.py", line 1390, in load_tensor
    wrap_storage=restore_location(storage, location),
  File "/home/helen/miniconda3/envs/placer_env/lib/python3.10/site-packages/torch/serialization.py", line 1316, in restore_location
    return default_restore_location(storage, str(map_location))
  File "/home/helen/miniconda3/envs/placer_env/lib/python3.10/site-packages/torch/serialization.py", line 390, in default_restore_location
    result = fn(storage, location)
  File "/home/helen/miniconda3/envs/placer_env/lib/python3.10/site-packages/torch/serialization.py", line 270, in _cuda_deserialize
    return obj.cuda(device)
  File "/home/helen/miniconda3/envs/placer_env/lib/python3.10/site-packages/torch/_utils.py", line 114, in _cuda
    untyped_storage = torch.UntypedStorage(
RuntimeError: CUDA error: out of memory
CUDA kernel errors might be asynchronously reported at some other API call, so the stacktrace below might be incorrect.
For debugging consider passing CUDA_LAUNCH_BLOCKING=1.
Compile with `TORCH_USE_CUDA_DSA` to enable device-side assertions.


2025-12-15 13:53:02,833 | INFO |Entry EH142_L_Pantolactone_0_chai: Single ligand detected. Running standard mode...
2025-12-15 13:56:19,329 | INFO |Entry EH142_Vinyl_propionate_0_chai: Single ligand detected. Running standard mode...
2025-12-15 13:56:39,267 | ERROR |CUDA OOM on EH142_Vinyl_propionate_0_chai.
2025-12-15 13:56:39,274 | INFO |Entry EH143_1_Napthyl_acetate_0_chai: Single ligand detected. Running standard mode...
2025-12-15 13:57:04,981 | ERROR |CUDA OOM on EH143_1_Napthyl_acetate_0_chai.
2025-12-15 13:57:04,987 | INFO |Entry EH143_Ethyl_3_oxohexanoate_0_chai: Single ligand detected. Running standard mode...
2025-12-15 14:00:10,188 | INFO |Entry EH143_Geranyl_acetate_0_chai: Single ligand detected. Running standard mode...
2025-12-15 14:03:14,599 | INFO |Entry EH143_L_Pantolactone_0_chai: Single ligand detected. Running standard mode...
2025-12-15 14:03:35,625 | ERROR |CUDA OOM on EH143_L_Pantolactone_0_chai.
2025-12-15 14:03:35,629 | INFO |Entry EH143_Vinyl_propionate_0_chai: Single ligand detected. Running standard mode...
2025-12-15 14:06:49,195 | INFO |Entry EH144_1_Napthyl_acetate_0_chai: Single ligand detected. Running standard mode...
2025-12-15 14:09:56,898 | INFO |Entry EH144_Ethyl_3_oxohexanoate_0_chai: Single ligand detected. Running standard mode...
2025-12-15 14:10:16,773 | ERROR |CUDA OOM on EH144_Ethyl_3_oxohexanoate_0_chai.
2025-12-15 14:10:16,777 | INFO |Entry EH144_Geranyl_acetate_0_chai: Single ligand detected. Running standard mode...
2025-12-15 14:10:40,479 | ERROR |CUDA OOM on EH144_Geranyl_acetate_0_chai.
2025-12-15 14:10:40,482 | INFO |Entry EH144_L_Pantolactone_0_chai: Single ligand detected. Running standard mode...
2025-12-15 14:11:04,021 | ERROR |CUDA OOM on EH144_L_Pantolactone_0_chai.
2025-12-15 14:11:04,025 | INFO |Entry EH144_Vinyl_propionate_0_chai: Single ligand detected. Running standard mode...
2025-12-15 14:11:28,476 | ERROR |CUDA OOM on EH144_Vinyl_propionate_0_chai.
2025-12-15 14:11:28,479 | INFO |Entry EH145_1_Napthyl_acetate_0_chai: Single ligand detected. Running standard mode...
2025-12-15 14:11:52,754 | ERROR |CUDA OOM on EH145_1_Napthyl_acetate_0_chai.
2025-12-15 14:11:52,758 | INFO |Entry EH145_Ethyl_3_oxohexanoate_0_chai: Single ligand detected. Running standard mode...
2025-12-15 14:12:17,637 | ERROR |CUDA OOM on EH145_Ethyl_3_oxohexanoate_0_chai.
2025-12-15 14:12:17,641 | INFO |Entry EH145_Geranyl_acetate_0_chai: Single ligand detected. Running standard mode...
2025-12-15 14:15:24,700 | INFO |Entry EH145_L_Pantolactone_0_chai: Single ligand detected. Running standard mode...
2025-12-15 14:15:43,629 | ERROR |PLACER failed for EH145_L_Pantolactone_0_chai: Traceback (most recent call last):
  File "/nvme2/helen/EnzymeStructuralFiltering/filterzyme/PLACER/run_PLACER.py", line 282, in <module>
    main(args)
  File "/nvme2/helen/EnzymeStructuralFiltering/filterzyme/PLACER/run_PLACER.py", line 196, in main
    outputs = placer.run(placer_input_iter, args.nsamples)
  File "/nvme2/helen/EnzymeStructuralFiltering/filterzyme/PLACER/PLACER.py", line 405, in run
    Xs,Ds,plDDTs,pDEVs = self.net()(**{k:item[k] for k in input_keys}, recycles=recycles, save_recycling_data=save_recycling_data)
  File "/home/helen/miniconda3/envs/placer_env/lib/python3.10/site-packages/torch/nn/modules/module.py", line 1532, in _wrapped_call_impl
    return self._call_impl(*args, **kwargs)
  File "/home/helen/miniconda3/envs/placer_env/lib/python3.10/site-packages/torch/nn/modules/module.py", line 1541, in _call_impl
    return forward_call(*args, **kwargs)
  File "/nvme2/helen/EnzymeStructuralFiltering/filterzyme/PLACER/modules/model.py", line 281, in forward
    single = self.init_single(f1d)
  File "/home/helen/miniconda3/envs/placer_env/lib/python3.10/site-packages/torch/nn/modules/module.py", line 1532, in _wrapped_call_impl
    return self._call_impl(*args, **kwargs)
  File "/home/helen/miniconda3/envs/placer_env/lib/python3.10/site-packages/torch/nn/modules/module.py", line 1541, in _call_impl
    return forward_call(*args, **kwargs)
  File "/nvme2/helen/EnzymeStructuralFiltering/filterzyme/PLACER/modules/model.py", line 155, in forward
    return self.net(f1d)
  File "/home/helen/miniconda3/envs/placer_env/lib/python3.10/site-packages/torch/nn/modules/module.py", line 1532, in _wrapped_call_impl
    return self._call_impl(*args, **kwargs)
  File "/home/helen/miniconda3/envs/placer_env/lib/python3.10/site-packages/torch/nn/modules/module.py", line 1541, in _call_impl
    return forward_call(*args, **kwargs)
  File "/home/helen/miniconda3/envs/placer_env/lib/python3.10/site-packages/torch/nn/modules/container.py", line 217, in forward
    input = module(input)
  File "/home/helen/miniconda3/envs/placer_env/lib/python3.10/site-packages/torch/nn/modules/module.py", line 1532, in _wrapped_call_impl
    return self._call_impl(*args, **kwargs)
  File "/home/helen/miniconda3/envs/placer_env/lib/python3.10/site-packages/torch/nn/modules/module.py", line 1541, in _call_impl
    return forward_call(*args, **kwargs)
  File "/home/helen/miniconda3/envs/placer_env/lib/python3.10/site-packages/torch/nn/modules/linear.py", line 116, in forward
    return F.linear(input, self.weight, self.bias)
RuntimeError: CUDA error: CUBLAS_STATUS_NOT_INITIALIZED when calling `cublasCreate(handle)`

2025-12-15 14:15:43,632 | INFO |Entry EH145_Vinyl_propionate_0_chai: Single ligand detected. Running standard mode...
2025-12-15 14:16:06,031 | ERROR |PLACER failed for EH145_Vinyl_propionate_0_chai: Traceback (most recent call last):
  File "/nvme2/helen/EnzymeStructuralFiltering/filterzyme/PLACER/run_PLACER.py", line 282, in <module>
    main(args)
  File "/nvme2/helen/EnzymeStructuralFiltering/filterzyme/PLACER/run_PLACER.py", line 196, in main
    outputs = placer.run(placer_input_iter, args.nsamples)
  File "/nvme2/helen/EnzymeStructuralFiltering/filterzyme/PLACER/PLACER.py", line 405, in run
    Xs,Ds,plDDTs,pDEVs = self.net()(**{k:item[k] for k in input_keys}, recycles=recycles, save_recycling_data=save_recycling_data)
  File "/home/helen/miniconda3/envs/placer_env/lib/python3.10/site-packages/torch/nn/modules/module.py", line 1532, in _wrapped_call_impl
    return self._call_impl(*args, **kwargs)
  File "/home/helen/miniconda3/envs/placer_env/lib/python3.10/site-packages/torch/nn/modules/module.py", line 1541, in _call_impl
    return forward_call(*args, **kwargs)
  File "/nvme2/helen/EnzymeStructuralFiltering/filterzyme/PLACER/modules/model.py", line 281, in forward
    single = self.init_single(f1d)
  File "/home/helen/miniconda3/envs/placer_env/lib/python3.10/site-packages/torch/nn/modules/module.py", line 1532, in _wrapped_call_impl
    return self._call_impl(*args, **kwargs)
  File "/home/helen/miniconda3/envs/placer_env/lib/python3.10/site-packages/torch/nn/modules/module.py", line 1541, in _call_impl
    return forward_call(*args, **kwargs)
  File "/nvme2/helen/EnzymeStructuralFiltering/filterzyme/PLACER/modules/model.py", line 155, in forward
    return self.net(f1d)
  File "/home/helen/miniconda3/envs/placer_env/lib/python3.10/site-packages/torch/nn/modules/module.py", line 1532, in _wrapped_call_impl
    return self._call_impl(*args, **kwargs)
  File "/home/helen/miniconda3/envs/placer_env/lib/python3.10/site-packages/torch/nn/modules/module.py", line 1541, in _call_impl
    return forward_call(*args, **kwargs)
  File "/home/helen/miniconda3/envs/placer_env/lib/python3.10/site-packages/torch/nn/modules/container.py", line 217, in forward
    input = module(input)
  File "/home/helen/miniconda3/envs/placer_env/lib/python3.10/site-packages/torch/nn/modules/module.py", line 1532, in _wrapped_call_impl
    return self._call_impl(*args, **kwargs)
  File "/home/helen/miniconda3/envs/placer_env/lib/python3.10/site-packages/torch/nn/modules/module.py", line 1541, in _call_impl
    return forward_call(*args, **kwargs)
  File "/home/helen/miniconda3/envs/placer_env/lib/python3.10/site-packages/torch/nn/modules/linear.py", line 116, in forward
    return F.linear(input, self.weight, self.bias)
RuntimeError: CUDA error: CUBLAS_STATUS_NOT_INITIALIZED when calling `cublasCreate(handle)`

2025-12-15 14:16:06,035 | INFO |Entry EH14_1_Napthyl_acetate_0_chai: Single ligand detected. Running standard mode...
2025-12-15 14:19:21,084 | INFO |Entry EH14_Ethyl_3_oxohexanoate_0_chai: Single ligand detected. Running standard mode...
2025-12-15 14:22:36,157 | INFO |Entry EH14_Geranyl_acetate_0_chai: Single ligand detected. Running standard mode...
2025-12-15 14:22:57,706 | ERROR |CUDA OOM on EH14_Geranyl_acetate_0_chai.
2025-12-15 14:22:57,711 | INFO |Entry EH14_L_Pantolactone_0_chai: Single ligand detected. Running standard mode...
2025-12-15 14:23:21,416 | ERROR |CUDA OOM on EH14_L_Pantolactone_0_chai.
2025-12-15 14:23:21,418 | INFO |Entry EH14_Vinyl_propionate_0_chai: Single ligand detected. Running standard mode...
2025-12-15 14:23:40,825 | ERROR |PLACER failed for EH14_Vinyl_propionate_0_chai: Traceback (most recent call last):
  File "/nvme2/helen/EnzymeStructuralFiltering/filterzyme/PLACER/run_PLACER.py", line 282, in <module>
    main(args)
  File "/nvme2/helen/EnzymeStructuralFiltering/filterzyme/PLACER/run_PLACER.py", line 196, in main
    outputs = placer.run(placer_input_iter, args.nsamples)
  File "/nvme2/helen/EnzymeStructuralFiltering/filterzyme/PLACER/PLACER.py", line 405, in run
    Xs,Ds,plDDTs,pDEVs = self.net()(**{k:item[k] for k in input_keys}, recycles=recycles, save_recycling_data=save_recycling_data)
  File "/home/helen/miniconda3/envs/placer_env/lib/python3.10/site-packages/torch/nn/modules/module.py", line 1532, in _wrapped_call_impl
    return self._call_impl(*args, **kwargs)
  File "/home/helen/miniconda3/envs/placer_env/lib/python3.10/site-packages/torch/nn/modules/module.py", line 1541, in _call_impl
    return forward_call(*args, **kwargs)
  File "/nvme2/helen/EnzymeStructuralFiltering/filterzyme/PLACER/modules/model.py", line 281, in forward
    single = self.init_single(f1d)
  File "/home/helen/miniconda3/envs/placer_env/lib/python3.10/site-packages/torch/nn/modules/module.py", line 1532, in _wrapped_call_impl
    return self._call_impl(*args, **kwargs)
  File "/home/helen/miniconda3/envs/placer_env/lib/python3.10/site-packages/torch/nn/modules/module.py", line 1541, in _call_impl
    return forward_call(*args, **kwargs)
  File "/nvme2/helen/EnzymeStructuralFiltering/filterzyme/PLACER/modules/model.py", line 155, in forward
    return self.net(f1d)
  File "/home/helen/miniconda3/envs/placer_env/lib/python3.10/site-packages/torch/nn/modules/module.py", line 1532, in _wrapped_call_impl
    return self._call_impl(*args, **kwargs)
  File "/home/helen/miniconda3/envs/placer_env/lib/python3.10/site-packages/torch/nn/modules/module.py", line 1541, in _call_impl
    return forward_call(*args, **kwargs)
  File "/home/helen/miniconda3/envs/placer_env/lib/python3.10/site-packages/torch/nn/modules/container.py", line 217, in forward
    input = module(input)
  File "/home/helen/miniconda3/envs/placer_env/lib/python3.10/site-packages/torch/nn/modules/module.py", line 1532, in _wrapped_call_impl
    return self._call_impl(*args, **kwargs)
  File "/home/helen/miniconda3/envs/placer_env/lib/python3.10/site-packages/torch/nn/modules/module.py", line 1541, in _call_impl
    return forward_call(*args, **kwargs)
  File "/home/helen/miniconda3/envs/placer_env/lib/python3.10/site-packages/torch/nn/modules/linear.py", line 116, in forward
    return F.linear(input, self.weight, self.bias)
RuntimeError: CUDA error: CUBLAS_STATUS_NOT_INITIALIZED when calling `cublasCreate(handle)`

2025-12-15 14:23:40,829 | INFO |Entry EH15_1_Napthyl_acetate_0_chai: Single ligand detected. Running standard mode...
2025-12-15 14:26:47,218 | INFO |Entry EH15_Ethyl_3_oxohexanoate_0_chai: Single ligand detected. Running standard mode...
2025-12-15 14:27:07,402 | ERROR |PLACER failed for EH15_Ethyl_3_oxohexanoate_0_chai: Traceback (most recent call last):
  File "/nvme2/helen/EnzymeStructuralFiltering/filterzyme/PLACER/run_PLACER.py", line 282, in <module>
    main(args)
  File "/nvme2/helen/EnzymeStructuralFiltering/filterzyme/PLACER/run_PLACER.py", line 196, in main
    outputs = placer.run(placer_input_iter, args.nsamples)
  File "/nvme2/helen/EnzymeStructuralFiltering/filterzyme/PLACER/PLACER.py", line 405, in run
    Xs,Ds,plDDTs,pDEVs = self.net()(**{k:item[k] for k in input_keys}, recycles=recycles, save_recycling_data=save_recycling_data)
  File "/home/helen/miniconda3/envs/placer_env/lib/python3.10/site-packages/torch/nn/modules/module.py", line 1532, in _wrapped_call_impl
    return self._call_impl(*args, **kwargs)
  File "/home/helen/miniconda3/envs/placer_env/lib/python3.10/site-packages/torch/nn/modules/module.py", line 1541, in _call_impl
    return forward_call(*args, **kwargs)
  File "/nvme2/helen/EnzymeStructuralFiltering/filterzyme/PLACER/modules/model.py", line 281, in forward
    single = self.init_single(f1d)
  File "/home/helen/miniconda3/envs/placer_env/lib/python3.10/site-packages/torch/nn/modules/module.py", line 1532, in _wrapped_call_impl
    return self._call_impl(*args, **kwargs)
  File "/home/helen/miniconda3/envs/placer_env/lib/python3.10/site-packages/torch/nn/modules/module.py", line 1541, in _call_impl
    return forward_call(*args, **kwargs)
  File "/nvme2/helen/EnzymeStructuralFiltering/filterzyme/PLACER/modules/model.py", line 155, in forward
    return self.net(f1d)
  File "/home/helen/miniconda3/envs/placer_env/lib/python3.10/site-packages/torch/nn/modules/module.py", line 1532, in _wrapped_call_impl
    return self._call_impl(*args, **kwargs)
  File "/home/helen/miniconda3/envs/placer_env/lib/python3.10/site-packages/torch/nn/modules/module.py", line 1541, in _call_impl
    return forward_call(*args, **kwargs)
  File "/home/helen/miniconda3/envs/placer_env/lib/python3.10/site-packages/torch/nn/modules/container.py", line 217, in forward
    input = module(input)
  File "/home/helen/miniconda3/envs/placer_env/lib/python3.10/site-packages/torch/nn/modules/module.py", line 1532, in _wrapped_call_impl
    return self._call_impl(*args, **kwargs)
  File "/home/helen/miniconda3/envs/placer_env/lib/python3.10/site-packages/torch/nn/modules/module.py", line 1541, in _call_impl
    return forward_call(*args, **kwargs)
  File "/home/helen/miniconda3/envs/placer_env/lib/python3.10/site-packages/torch/nn/modules/linear.py", line 116, in forward
    return F.linear(input, self.weight, self.bias)
RuntimeError: CUDA error: CUBLAS_STATUS_NOT_INITIALIZED when calling `cublasCreate(handle)`

2025-12-15 14:27:07,406 | INFO |Entry EH15_Geranyl_acetate_0_chai: Single ligand detected. Running standard mode...
2025-12-15 14:27:28,631 | ERROR |PLACER failed for EH15_Geranyl_acetate_0_chai: Traceback (most recent call last):
  File "/nvme2/helen/EnzymeStructuralFiltering/filterzyme/PLACER/run_PLACER.py", line 282, in <module>
    main(args)
  File "/nvme2/helen/EnzymeStructuralFiltering/filterzyme/PLACER/run_PLACER.py", line 196, in main
    outputs = placer.run(placer_input_iter, args.nsamples)
  File "/nvme2/helen/EnzymeStructuralFiltering/filterzyme/PLACER/PLACER.py", line 405, in run
    Xs,Ds,plDDTs,pDEVs = self.net()(**{k:item[k] for k in input_keys}, recycles=recycles, save_recycling_data=save_recycling_data)
  File "/home/helen/miniconda3/envs/placer_env/lib/python3.10/site-packages/torch/nn/modules/module.py", line 1532, in _wrapped_call_impl
    return self._call_impl(*args, **kwargs)
  File "/home/helen/miniconda3/envs/placer_env/lib/python3.10/site-packages/torch/nn/modules/module.py", line 1541, in _call_impl
    return forward_call(*args, **kwargs)
  File "/nvme2/helen/EnzymeStructuralFiltering/filterzyme/PLACER/modules/model.py", line 281, in forward
    single = self.init_single(f1d)
  File "/home/helen/miniconda3/envs/placer_env/lib/python3.10/site-packages/torch/nn/modules/module.py", line 1532, in _wrapped_call_impl
    return self._call_impl(*args, **kwargs)
  File "/home/helen/miniconda3/envs/placer_env/lib/python3.10/site-packages/torch/nn/modules/module.py", line 1541, in _call_impl
    return forward_call(*args, **kwargs)
  File "/nvme2/helen/EnzymeStructuralFiltering/filterzyme/PLACER/modules/model.py", line 155, in forward
    return self.net(f1d)
  File "/home/helen/miniconda3/envs/placer_env/lib/python3.10/site-packages/torch/nn/modules/module.py", line 1532, in _wrapped_call_impl
    return self._call_impl(*args, **kwargs)
  File "/home/helen/miniconda3/envs/placer_env/lib/python3.10/site-packages/torch/nn/modules/module.py", line 1541, in _call_impl
    return forward_call(*args, **kwargs)
  File "/home/helen/miniconda3/envs/placer_env/lib/python3.10/site-packages/torch/nn/modules/container.py", line 217, in forward
    input = module(input)
  File "/home/helen/miniconda3/envs/placer_env/lib/python3.10/site-packages/torch/nn/modules/module.py", line 1532, in _wrapped_call_impl
    return self._call_impl(*args, **kwargs)
  File "/home/helen/miniconda3/envs/placer_env/lib/python3.10/site-packages/torch/nn/modules/module.py", line 1541, in _call_impl
    return forward_call(*args, **kwargs)
  File "/home/helen/miniconda3/envs/placer_env/lib/python3.10/site-packages/torch/nn/modules/linear.py", line 116, in forward
    return F.linear(input, self.weight, self.bias)
RuntimeError: CUDA error: CUBLAS_STATUS_NOT_INITIALIZED when calling `cublasCreate(handle)`

2025-12-15 14:27:28,635 | INFO |Entry EH15_L_Pantolactone_0_chai: Single ligand detected. Running standard mode...
2025-12-15 14:27:49,560 | ERROR |PLACER failed for EH15_L_Pantolactone_0_chai: Traceback (most recent call last):
  File "/nvme2/helen/EnzymeStructuralFiltering/filterzyme/PLACER/run_PLACER.py", line 282, in <module>
    main(args)
  File "/nvme2/helen/EnzymeStructuralFiltering/filterzyme/PLACER/run_PLACER.py", line 196, in main
    outputs = placer.run(placer_input_iter, args.nsamples)
  File "/nvme2/helen/EnzymeStructuralFiltering/filterzyme/PLACER/PLACER.py", line 405, in run
    Xs,Ds,plDDTs,pDEVs = self.net()(**{k:item[k] for k in input_keys}, recycles=recycles, save_recycling_data=save_recycling_data)
  File "/home/helen/miniconda3/envs/placer_env/lib/python3.10/site-packages/torch/nn/modules/module.py", line 1532, in _wrapped_call_impl
    return self._call_impl(*args, **kwargs)
  File "/home/helen/miniconda3/envs/placer_env/lib/python3.10/site-packages/torch/nn/modules/module.py", line 1541, in _call_impl
    return forward_call(*args, **kwargs)
  File "/nvme2/helen/EnzymeStructuralFiltering/filterzyme/PLACER/modules/model.py", line 281, in forward
    single = self.init_single(f1d)
  File "/home/helen/miniconda3/envs/placer_env/lib/python3.10/site-packages/torch/nn/modules/module.py", line 1532, in _wrapped_call_impl
    return self._call_impl(*args, **kwargs)
  File "/home/helen/miniconda3/envs/placer_env/lib/python3.10/site-packages/torch/nn/modules/module.py", line 1541, in _call_impl
    return forward_call(*args, **kwargs)
  File "/nvme2/helen/EnzymeStructuralFiltering/filterzyme/PLACER/modules/model.py", line 155, in forward
    return self.net(f1d)
  File "/home/helen/miniconda3/envs/placer_env/lib/python3.10/site-packages/torch/nn/modules/module.py", line 1532, in _wrapped_call_impl
    return self._call_impl(*args, **kwargs)
  File "/home/helen/miniconda3/envs/placer_env/lib/python3.10/site-packages/torch/nn/modules/module.py", line 1541, in _call_impl
    return forward_call(*args, **kwargs)
  File "/home/helen/miniconda3/envs/placer_env/lib/python3.10/site-packages/torch/nn/modules/container.py", line 217, in forward
    input = module(input)
  File "/home/helen/miniconda3/envs/placer_env/lib/python3.10/site-packages/torch/nn/modules/module.py", line 1532, in _wrapped_call_impl
    return self._call_impl(*args, **kwargs)
  File "/home/helen/miniconda3/envs/placer_env/lib/python3.10/site-packages/torch/nn/modules/module.py", line 1541, in _call_impl
    return forward_call(*args, **kwargs)
  File "/home/helen/miniconda3/envs/placer_env/lib/python3.10/site-packages/torch/nn/modules/linear.py", line 116, in forward
    return F.linear(input, self.weight, self.bias)
RuntimeError: CUDA error: CUBLAS_STATUS_NOT_INITIALIZED when calling `cublasCreate(handle)`

2025-12-15 14:27:49,564 | INFO |Entry EH15_Vinyl_propionate_0_chai: Single ligand detected. Running standard mode...
2025-12-15 14:28:11,118 | ERROR |PLACER failed for EH15_Vinyl_propionate_0_chai: Traceback (most recent call last):
  File "/nvme2/helen/EnzymeStructuralFiltering/filterzyme/PLACER/run_PLACER.py", line 282, in <module>
    main(args)
  File "/nvme2/helen/EnzymeStructuralFiltering/filterzyme/PLACER/run_PLACER.py", line 196, in main
    outputs = placer.run(placer_input_iter, args.nsamples)
  File "/nvme2/helen/EnzymeStructuralFiltering/filterzyme/PLACER/PLACER.py", line 405, in run
    Xs,Ds,plDDTs,pDEVs = self.net()(**{k:item[k] for k in input_keys}, recycles=recycles, save_recycling_data=save_recycling_data)
  File "/home/helen/miniconda3/envs/placer_env/lib/python3.10/site-packages/torch/nn/modules/module.py", line 1532, in _wrapped_call_impl
    return self._call_impl(*args, **kwargs)
  File "/home/helen/miniconda3/envs/placer_env/lib/python3.10/site-packages/torch/nn/modules/module.py", line 1541, in _call_impl
    return forward_call(*args, **kwargs)
  File "/nvme2/helen/EnzymeStructuralFiltering/filterzyme/PLACER/modules/model.py", line 281, in forward
    single = self.init_single(f1d)
  File "/home/helen/miniconda3/envs/placer_env/lib/python3.10/site-packages/torch/nn/modules/module.py", line 1532, in _wrapped_call_impl
    return self._call_impl(*args, **kwargs)
  File "/home/helen/miniconda3/envs/placer_env/lib/python3.10/site-packages/torch/nn/modules/module.py", line 1541, in _call_impl
    return forward_call(*args, **kwargs)
  File "/nvme2/helen/EnzymeStructuralFiltering/filterzyme/PLACER/modules/model.py", line 155, in forward
    return self.net(f1d)
  File "/home/helen/miniconda3/envs/placer_env/lib/python3.10/site-packages/torch/nn/modules/module.py", line 1532, in _wrapped_call_impl
    return self._call_impl(*args, **kwargs)
  File "/home/helen/miniconda3/envs/placer_env/lib/python3.10/site-packages/torch/nn/modules/module.py", line 1541, in _call_impl
    return forward_call(*args, **kwargs)
  File "/home/helen/miniconda3/envs/placer_env/lib/python3.10/site-packages/torch/nn/modules/container.py", line 217, in forward
    input = module(input)
  File "/home/helen/miniconda3/envs/placer_env/lib/python3.10/site-packages/torch/nn/modules/module.py", line 1532, in _wrapped_call_impl
    return self._call_impl(*args, **kwargs)
  File "/home/helen/miniconda3/envs/placer_env/lib/python3.10/site-packages/torch/nn/modules/module.py", line 1541, in _call_impl
    return forward_call(*args, **kwargs)
  File "/home/helen/miniconda3/envs/placer_env/lib/python3.10/site-packages/torch/nn/modules/linear.py", line 116, in forward
    return F.linear(input, self.weight, self.bias)
RuntimeError: CUDA error: CUBLAS_STATUS_NOT_INITIALIZED when calling `cublasCreate(handle)`

2025-12-15 14:28:11,121 | INFO |Entry EH16_1_Napthyl_acetate_0_chai: Single ligand detected. Running standard mode...
2025-12-15 14:28:32,273 | ERROR |PLACER failed for EH16_1_Napthyl_acetate_0_chai: Traceback (most recent call last):
  File "/nvme2/helen/EnzymeStructuralFiltering/filterzyme/PLACER/run_PLACER.py", line 282, in <module>
    main(args)
  File "/nvme2/helen/EnzymeStructuralFiltering/filterzyme/PLACER/run_PLACER.py", line 196, in main
    outputs = placer.run(placer_input_iter, args.nsamples)
  File "/nvme2/helen/EnzymeStructuralFiltering/filterzyme/PLACER/PLACER.py", line 405, in run
    Xs,Ds,plDDTs,pDEVs = self.net()(**{k:item[k] for k in input_keys}, recycles=recycles, save_recycling_data=save_recycling_data)
  File "/home/helen/miniconda3/envs/placer_env/lib/python3.10/site-packages/torch/nn/modules/module.py", line 1532, in _wrapped_call_impl
    return self._call_impl(*args, **kwargs)
  File "/home/helen/miniconda3/envs/placer_env/lib/python3.10/site-packages/torch/nn/modules/module.py", line 1541, in _call_impl
    return forward_call(*args, **kwargs)
  File "/nvme2/helen/EnzymeStructuralFiltering/filterzyme/PLACER/modules/model.py", line 281, in forward
    single = self.init_single(f1d)
  File "/home/helen/miniconda3/envs/placer_env/lib/python3.10/site-packages/torch/nn/modules/module.py", line 1532, in _wrapped_call_impl
    return self._call_impl(*args, **kwargs)
  File "/home/helen/miniconda3/envs/placer_env/lib/python3.10/site-packages/torch/nn/modules/module.py", line 1541, in _call_impl
    return forward_call(*args, **kwargs)
  File "/nvme2/helen/EnzymeStructuralFiltering/filterzyme/PLACER/modules/model.py", line 155, in forward
    return self.net(f1d)
  File "/home/helen/miniconda3/envs/placer_env/lib/python3.10/site-packages/torch/nn/modules/module.py", line 1532, in _wrapped_call_impl
    return self._call_impl(*args, **kwargs)
  File "/home/helen/miniconda3/envs/placer_env/lib/python3.10/site-packages/torch/nn/modules/module.py", line 1541, in _call_impl
    return forward_call(*args, **kwargs)
  File "/home/helen/miniconda3/envs/placer_env/lib/python3.10/site-packages/torch/nn/modules/container.py", line 217, in forward
    input = module(input)
  File "/home/helen/miniconda3/envs/placer_env/lib/python3.10/site-packages/torch/nn/modules/module.py", line 1532, in _wrapped_call_impl
    return self._call_impl(*args, **kwargs)
  File "/home/helen/miniconda3/envs/placer_env/lib/python3.10/site-packages/torch/nn/modules/module.py", line 1541, in _call_impl
    return forward_call(*args, **kwargs)
  File "/home/helen/miniconda3/envs/placer_env/lib/python3.10/site-packages/torch/nn/modules/linear.py", line 116, in forward
    return F.linear(input, self.weight, self.bias)
RuntimeError: CUDA error: CUBLAS_STATUS_NOT_INITIALIZED when calling `cublasCreate(handle)`

2025-12-15 14:28:32,277 | INFO |Entry EH16_Ethyl_3_oxohexanoate_0_chai: Single ligand detected. Running standard mode...
2025-12-15 14:28:53,105 | ERROR |PLACER failed for EH16_Ethyl_3_oxohexanoate_0_chai: Traceback (most recent call last):
  File "/nvme2/helen/EnzymeStructuralFiltering/filterzyme/PLACER/run_PLACER.py", line 282, in <module>
    main(args)
  File "/nvme2/helen/EnzymeStructuralFiltering/filterzyme/PLACER/run_PLACER.py", line 196, in main
    outputs = placer.run(placer_input_iter, args.nsamples)
  File "/nvme2/helen/EnzymeStructuralFiltering/filterzyme/PLACER/PLACER.py", line 405, in run
    Xs,Ds,plDDTs,pDEVs = self.net()(**{k:item[k] for k in input_keys}, recycles=recycles, save_recycling_data=save_recycling_data)
  File "/home/helen/miniconda3/envs/placer_env/lib/python3.10/site-packages/torch/nn/modules/module.py", line 1532, in _wrapped_call_impl
    return self._call_impl(*args, **kwargs)
  File "/home/helen/miniconda3/envs/placer_env/lib/python3.10/site-packages/torch/nn/modules/module.py", line 1541, in _call_impl
    return forward_call(*args, **kwargs)
  File "/nvme2/helen/EnzymeStructuralFiltering/filterzyme/PLACER/modules/model.py", line 281, in forward
    single = self.init_single(f1d)
  File "/home/helen/miniconda3/envs/placer_env/lib/python3.10/site-packages/torch/nn/modules/module.py", line 1532, in _wrapped_call_impl
    return self._call_impl(*args, **kwargs)
  File "/home/helen/miniconda3/envs/placer_env/lib/python3.10/site-packages/torch/nn/modules/module.py", line 1541, in _call_impl
    return forward_call(*args, **kwargs)
  File "/nvme2/helen/EnzymeStructuralFiltering/filterzyme/PLACER/modules/model.py", line 155, in forward
    return self.net(f1d)
  File "/home/helen/miniconda3/envs/placer_env/lib/python3.10/site-packages/torch/nn/modules/module.py", line 1532, in _wrapped_call_impl
    return self._call_impl(*args, **kwargs)
  File "/home/helen/miniconda3/envs/placer_env/lib/python3.10/site-packages/torch/nn/modules/module.py", line 1541, in _call_impl
    return forward_call(*args, **kwargs)
  File "/home/helen/miniconda3/envs/placer_env/lib/python3.10/site-packages/torch/nn/modules/container.py", line 217, in forward
    input = module(input)
  File "/home/helen/miniconda3/envs/placer_env/lib/python3.10/site-packages/torch/nn/modules/module.py", line 1532, in _wrapped_call_impl
    return self._call_impl(*args, **kwargs)
  File "/home/helen/miniconda3/envs/placer_env/lib/python3.10/site-packages/torch/nn/modules/module.py", line 1541, in _call_impl
    return forward_call(*args, **kwargs)
  File "/home/helen/miniconda3/envs/placer_env/lib/python3.10/site-packages/torch/nn/modules/linear.py", line 116, in forward
    return F.linear(input, self.weight, self.bias)
RuntimeError: CUDA error: CUBLAS_STATUS_NOT_INITIALIZED when calling `cublasCreate(handle)`

2025-12-15 14:28:53,109 | INFO |Entry EH16_Geranyl_acetate_0_chai: Single ligand detected. Running standard mode...
2025-12-15 14:32:11,464 | INFO |Entry EH16_L_Pantolactone_0_chai: Single ligand detected. Running standard mode...
2025-12-15 14:35:18,881 | INFO |Entry EH16_Vinyl_propionate_0_chai: Single ligand detected. Running standard mode...
2025-12-15 14:35:35,450 | ERROR |PLACER failed for EH16_Vinyl_propionate_0_chai: Traceback (most recent call last):
  File "/nvme2/helen/EnzymeStructuralFiltering/filterzyme/PLACER/run_PLACER.py", line 282, in <module>
    main(args)
  File "/nvme2/helen/EnzymeStructuralFiltering/filterzyme/PLACER/run_PLACER.py", line 196, in main
    outputs = placer.run(placer_input_iter, args.nsamples)
  File "/nvme2/helen/EnzymeStructuralFiltering/filterzyme/PLACER/PLACER.py", line 405, in run
    Xs,Ds,plDDTs,pDEVs = self.net()(**{k:item[k] for k in input_keys}, recycles=recycles, save_recycling_data=save_recycling_data)
  File "/home/helen/miniconda3/envs/placer_env/lib/python3.10/site-packages/torch/nn/modules/module.py", line 1532, in _wrapped_call_impl
    return self._call_impl(*args, **kwargs)
  File "/home/helen/miniconda3/envs/placer_env/lib/python3.10/site-packages/torch/nn/modules/module.py", line 1541, in _call_impl
    return forward_call(*args, **kwargs)
  File "/nvme2/helen/EnzymeStructuralFiltering/filterzyme/PLACER/modules/model.py", line 281, in forward
    single = self.init_single(f1d)
  File "/home/helen/miniconda3/envs/placer_env/lib/python3.10/site-packages/torch/nn/modules/module.py", line 1532, in _wrapped_call_impl
    return self._call_impl(*args, **kwargs)
  File "/home/helen/miniconda3/envs/placer_env/lib/python3.10/site-packages/torch/nn/modules/module.py", line 1541, in _call_impl
    return forward_call(*args, **kwargs)
  File "/nvme2/helen/EnzymeStructuralFiltering/filterzyme/PLACER/modules/model.py", line 155, in forward
    return self.net(f1d)
  File "/home/helen/miniconda3/envs/placer_env/lib/python3.10/site-packages/torch/nn/modules/module.py", line 1532, in _wrapped_call_impl
    return self._call_impl(*args, **kwargs)
  File "/home/helen/miniconda3/envs/placer_env/lib/python3.10/site-packages/torch/nn/modules/module.py", line 1541, in _call_impl
    return forward_call(*args, **kwargs)
  File "/home/helen/miniconda3/envs/placer_env/lib/python3.10/site-packages/torch/nn/modules/container.py", line 217, in forward
    input = module(input)
  File "/home/helen/miniconda3/envs/placer_env/lib/python3.10/site-packages/torch/nn/modules/module.py", line 1532, in _wrapped_call_impl
    return self._call_impl(*args, **kwargs)
  File "/home/helen/miniconda3/envs/placer_env/lib/python3.10/site-packages/torch/nn/modules/module.py", line 1541, in _call_impl
    return forward_call(*args, **kwargs)
  File "/home/helen/miniconda3/envs/placer_env/lib/python3.10/site-packages/torch/nn/modules/linear.py", line 116, in forward
    return F.linear(input, self.weight, self.bias)
RuntimeError: CUDA error: CUBLAS_STATUS_NOT_INITIALIZED when calling `cublasCreate(handle)`

2025-12-15 14:35:35,453 | INFO |Entry EH17_1_Napthyl_acetate_0_chai: Single ligand detected. Running standard mode...
2025-12-15 14:38:37,334 | INFO |Entry EH17_Ethyl_3_oxohexanoate_0_chai: Single ligand detected. Running standard mode...
2025-12-15 14:38:57,856 | ERROR |PLACER failed for EH17_Ethyl_3_oxohexanoate_0_chai: Traceback (most recent call last):
  File "/nvme2/helen/EnzymeStructuralFiltering/filterzyme/PLACER/run_PLACER.py", line 282, in <module>
    main(args)
  File "/nvme2/helen/EnzymeStructuralFiltering/filterzyme/PLACER/run_PLACER.py", line 196, in main
    outputs = placer.run(placer_input_iter, args.nsamples)
  File "/nvme2/helen/EnzymeStructuralFiltering/filterzyme/PLACER/PLACER.py", line 405, in run
    Xs,Ds,plDDTs,pDEVs = self.net()(**{k:item[k] for k in input_keys}, recycles=recycles, save_recycling_data=save_recycling_data)
  File "/home/helen/miniconda3/envs/placer_env/lib/python3.10/site-packages/torch/nn/modules/module.py", line 1532, in _wrapped_call_impl
    return self._call_impl(*args, **kwargs)
  File "/home/helen/miniconda3/envs/placer_env/lib/python3.10/site-packages/torch/nn/modules/module.py", line 1541, in _call_impl
    return forward_call(*args, **kwargs)
  File "/nvme2/helen/EnzymeStructuralFiltering/filterzyme/PLACER/modules/model.py", line 281, in forward
    single = self.init_single(f1d)
  File "/home/helen/miniconda3/envs/placer_env/lib/python3.10/site-packages/torch/nn/modules/module.py", line 1532, in _wrapped_call_impl
    return self._call_impl(*args, **kwargs)
  File "/home/helen/miniconda3/envs/placer_env/lib/python3.10/site-packages/torch/nn/modules/module.py", line 1541, in _call_impl
    return forward_call(*args, **kwargs)
  File "/nvme2/helen/EnzymeStructuralFiltering/filterzyme/PLACER/modules/model.py", line 155, in forward
    return self.net(f1d)
  File "/home/helen/miniconda3/envs/placer_env/lib/python3.10/site-packages/torch/nn/modules/module.py", line 1532, in _wrapped_call_impl
    return self._call_impl(*args, **kwargs)
  File "/home/helen/miniconda3/envs/placer_env/lib/python3.10/site-packages/torch/nn/modules/module.py", line 1541, in _call_impl
    return forward_call(*args, **kwargs)
  File "/home/helen/miniconda3/envs/placer_env/lib/python3.10/site-packages/torch/nn/modules/container.py", line 217, in forward
    input = module(input)
  File "/home/helen/miniconda3/envs/placer_env/lib/python3.10/site-packages/torch/nn/modules/module.py", line 1532, in _wrapped_call_impl
    return self._call_impl(*args, **kwargs)
  File "/home/helen/miniconda3/envs/placer_env/lib/python3.10/site-packages/torch/nn/modules/module.py", line 1541, in _call_impl
    return forward_call(*args, **kwargs)
  File "/home/helen/miniconda3/envs/placer_env/lib/python3.10/site-packages/torch/nn/modules/linear.py", line 116, in forward
    return F.linear(input, self.weight, self.bias)
RuntimeError: CUDA error: CUBLAS_STATUS_NOT_INITIALIZED when calling `cublasCreate(handle)`

2025-12-15 14:38:57,858 | INFO |Entry EH17_Geranyl_acetate_0_chai: Single ligand detected. Running standard mode...
2025-12-15 14:39:18,935 | ERROR |PLACER failed for EH17_Geranyl_acetate_0_chai: Traceback (most recent call last):
  File "/nvme2/helen/EnzymeStructuralFiltering/filterzyme/PLACER/run_PLACER.py", line 282, in <module>
    main(args)
  File "/nvme2/helen/EnzymeStructuralFiltering/filterzyme/PLACER/run_PLACER.py", line 196, in main
    outputs = placer.run(placer_input_iter, args.nsamples)
  File "/nvme2/helen/EnzymeStructuralFiltering/filterzyme/PLACER/PLACER.py", line 405, in run
    Xs,Ds,plDDTs,pDEVs = self.net()(**{k:item[k] for k in input_keys}, recycles=recycles, save_recycling_data=save_recycling_data)
  File "/home/helen/miniconda3/envs/placer_env/lib/python3.10/site-packages/torch/nn/modules/module.py", line 1532, in _wrapped_call_impl
    return self._call_impl(*args, **kwargs)
  File "/home/helen/miniconda3/envs/placer_env/lib/python3.10/site-packages/torch/nn/modules/module.py", line 1541, in _call_impl
    return forward_call(*args, **kwargs)
  File "/nvme2/helen/EnzymeStructuralFiltering/filterzyme/PLACER/modules/model.py", line 281, in forward
    single = self.init_single(f1d)
  File "/home/helen/miniconda3/envs/placer_env/lib/python3.10/site-packages/torch/nn/modules/module.py", line 1532, in _wrapped_call_impl
    return self._call_impl(*args, **kwargs)
  File "/home/helen/miniconda3/envs/placer_env/lib/python3.10/site-packages/torch/nn/modules/module.py", line 1541, in _call_impl
    return forward_call(*args, **kwargs)
  File "/nvme2/helen/EnzymeStructuralFiltering/filterzyme/PLACER/modules/model.py", line 155, in forward
    return self.net(f1d)
  File "/home/helen/miniconda3/envs/placer_env/lib/python3.10/site-packages/torch/nn/modules/module.py", line 1532, in _wrapped_call_impl
    return self._call_impl(*args, **kwargs)
  File "/home/helen/miniconda3/envs/placer_env/lib/python3.10/site-packages/torch/nn/modules/module.py", line 1541, in _call_impl
    return forward_call(*args, **kwargs)
  File "/home/helen/miniconda3/envs/placer_env/lib/python3.10/site-packages/torch/nn/modules/container.py", line 217, in forward
    input = module(input)
  File "/home/helen/miniconda3/envs/placer_env/lib/python3.10/site-packages/torch/nn/modules/module.py", line 1532, in _wrapped_call_impl
    return self._call_impl(*args, **kwargs)
  File "/home/helen/miniconda3/envs/placer_env/lib/python3.10/site-packages/torch/nn/modules/module.py", line 1541, in _call_impl
    return forward_call(*args, **kwargs)
  File "/home/helen/miniconda3/envs/placer_env/lib/python3.10/site-packages/torch/nn/modules/linear.py", line 116, in forward
    return F.linear(input, self.weight, self.bias)
RuntimeError: CUDA error: CUBLAS_STATUS_NOT_INITIALIZED when calling `cublasCreate(handle)`

2025-12-15 14:39:18,939 | INFO |Entry EH17_L_Pantolactone_0_chai: Single ligand detected. Running standard mode...
2025-12-15 14:39:40,963 | ERROR |PLACER failed for EH17_L_Pantolactone_0_chai: Traceback (most recent call last):
  File "/nvme2/helen/EnzymeStructuralFiltering/filterzyme/PLACER/run_PLACER.py", line 282, in <module>
    main(args)
  File "/nvme2/helen/EnzymeStructuralFiltering/filterzyme/PLACER/run_PLACER.py", line 196, in main
    outputs = placer.run(placer_input_iter, args.nsamples)
  File "/nvme2/helen/EnzymeStructuralFiltering/filterzyme/PLACER/PLACER.py", line 405, in run
    Xs,Ds,plDDTs,pDEVs = self.net()(**{k:item[k] for k in input_keys}, recycles=recycles, save_recycling_data=save_recycling_data)
  File "/home/helen/miniconda3/envs/placer_env/lib/python3.10/site-packages/torch/nn/modules/module.py", line 1532, in _wrapped_call_impl
    return self._call_impl(*args, **kwargs)
  File "/home/helen/miniconda3/envs/placer_env/lib/python3.10/site-packages/torch/nn/modules/module.py", line 1541, in _call_impl
    return forward_call(*args, **kwargs)
  File "/nvme2/helen/EnzymeStructuralFiltering/filterzyme/PLACER/modules/model.py", line 281, in forward
    single = self.init_single(f1d)
  File "/home/helen/miniconda3/envs/placer_env/lib/python3.10/site-packages/torch/nn/modules/module.py", line 1532, in _wrapped_call_impl
    return self._call_impl(*args, **kwargs)
  File "/home/helen/miniconda3/envs/placer_env/lib/python3.10/site-packages/torch/nn/modules/module.py", line 1541, in _call_impl
    return forward_call(*args, **kwargs)
  File "/nvme2/helen/EnzymeStructuralFiltering/filterzyme/PLACER/modules/model.py", line 155, in forward
    return self.net(f1d)
  File "/home/helen/miniconda3/envs/placer_env/lib/python3.10/site-packages/torch/nn/modules/module.py", line 1532, in _wrapped_call_impl
    return self._call_impl(*args, **kwargs)
  File "/home/helen/miniconda3/envs/placer_env/lib/python3.10/site-packages/torch/nn/modules/module.py", line 1541, in _call_impl
    return forward_call(*args, **kwargs)
  File "/home/helen/miniconda3/envs/placer_env/lib/python3.10/site-packages/torch/nn/modules/container.py", line 217, in forward
    input = module(input)
  File "/home/helen/miniconda3/envs/placer_env/lib/python3.10/site-packages/torch/nn/modules/module.py", line 1532, in _wrapped_call_impl
    return self._call_impl(*args, **kwargs)
  File "/home/helen/miniconda3/envs/placer_env/lib/python3.10/site-packages/torch/nn/modules/module.py", line 1541, in _call_impl
    return forward_call(*args, **kwargs)
  File "/home/helen/miniconda3/envs/placer_env/lib/python3.10/site-packages/torch/nn/modules/linear.py", line 116, in forward
    return F.linear(input, self.weight, self.bias)
RuntimeError: CUDA error: CUBLAS_STATUS_NOT_INITIALIZED when calling `cublasCreate(handle)`

2025-12-15 14:39:40,967 | INFO |Entry EH17_Vinyl_propionate_0_chai: Single ligand detected. Running standard mode...
2025-12-15 14:40:02,448 | ERROR |PLACER failed for EH17_Vinyl_propionate_0_chai: Traceback (most recent call last):
  File "/nvme2/helen/EnzymeStructuralFiltering/filterzyme/PLACER/run_PLACER.py", line 282, in <module>
    main(args)
  File "/nvme2/helen/EnzymeStructuralFiltering/filterzyme/PLACER/run_PLACER.py", line 196, in main
    outputs = placer.run(placer_input_iter, args.nsamples)
  File "/nvme2/helen/EnzymeStructuralFiltering/filterzyme/PLACER/PLACER.py", line 405, in run
    Xs,Ds,plDDTs,pDEVs = self.net()(**{k:item[k] for k in input_keys}, recycles=recycles, save_recycling_data=save_recycling_data)
  File "/home/helen/miniconda3/envs/placer_env/lib/python3.10/site-packages/torch/nn/modules/module.py", line 1532, in _wrapped_call_impl
    return self._call_impl(*args, **kwargs)
  File "/home/helen/miniconda3/envs/placer_env/lib/python3.10/site-packages/torch/nn/modules/module.py", line 1541, in _call_impl
    return forward_call(*args, **kwargs)
  File "/nvme2/helen/EnzymeStructuralFiltering/filterzyme/PLACER/modules/model.py", line 281, in forward
    single = self.init_single(f1d)
  File "/home/helen/miniconda3/envs/placer_env/lib/python3.10/site-packages/torch/nn/modules/module.py", line 1532, in _wrapped_call_impl
    return self._call_impl(*args, **kwargs)
  File "/home/helen/miniconda3/envs/placer_env/lib/python3.10/site-packages/torch/nn/modules/module.py", line 1541, in _call_impl
    return forward_call(*args, **kwargs)
  File "/nvme2/helen/EnzymeStructuralFiltering/filterzyme/PLACER/modules/model.py", line 155, in forward
    return self.net(f1d)
  File "/home/helen/miniconda3/envs/placer_env/lib/python3.10/site-packages/torch/nn/modules/module.py", line 1532, in _wrapped_call_impl
    return self._call_impl(*args, **kwargs)
  File "/home/helen/miniconda3/envs/placer_env/lib/python3.10/site-packages/torch/nn/modules/module.py", line 1541, in _call_impl
    return forward_call(*args, **kwargs)
  File "/home/helen/miniconda3/envs/placer_env/lib/python3.10/site-packages/torch/nn/modules/container.py", line 217, in forward
    input = module(input)
  File "/home/helen/miniconda3/envs/placer_env/lib/python3.10/site-packages/torch/nn/modules/module.py", line 1532, in _wrapped_call_impl
    return self._call_impl(*args, **kwargs)
  File "/home/helen/miniconda3/envs/placer_env/lib/python3.10/site-packages/torch/nn/modules/module.py", line 1541, in _call_impl
    return forward_call(*args, **kwargs)
  File "/home/helen/miniconda3/envs/placer_env/lib/python3.10/site-packages/torch/nn/modules/linear.py", line 116, in forward
    return F.linear(input, self.weight, self.bias)
RuntimeError: CUDA error: CUBLAS_STATUS_NOT_INITIALIZED when calling `cublasCreate(handle)`

2025-12-15 14:40:02,452 | INFO |Entry EH18_1_Napthyl_acetate_0_chai: Single ligand detected. Running standard mode...
2025-12-15 14:40:23,883 | ERROR |PLACER failed for EH18_1_Napthyl_acetate_0_chai: Traceback (most recent call last):
  File "/nvme2/helen/EnzymeStructuralFiltering/filterzyme/PLACER/run_PLACER.py", line 282, in <module>
    main(args)
  File "/nvme2/helen/EnzymeStructuralFiltering/filterzyme/PLACER/run_PLACER.py", line 196, in main
    outputs = placer.run(placer_input_iter, args.nsamples)
  File "/nvme2/helen/EnzymeStructuralFiltering/filterzyme/PLACER/PLACER.py", line 405, in run
    Xs,Ds,plDDTs,pDEVs = self.net()(**{k:item[k] for k in input_keys}, recycles=recycles, save_recycling_data=save_recycling_data)
  File "/home/helen/miniconda3/envs/placer_env/lib/python3.10/site-packages/torch/nn/modules/module.py", line 1532, in _wrapped_call_impl
    return self._call_impl(*args, **kwargs)
  File "/home/helen/miniconda3/envs/placer_env/lib/python3.10/site-packages/torch/nn/modules/module.py", line 1541, in _call_impl
    return forward_call(*args, **kwargs)
  File "/nvme2/helen/EnzymeStructuralFiltering/filterzyme/PLACER/modules/model.py", line 281, in forward
    single = self.init_single(f1d)
  File "/home/helen/miniconda3/envs/placer_env/lib/python3.10/site-packages/torch/nn/modules/module.py", line 1532, in _wrapped_call_impl
    return self._call_impl(*args, **kwargs)
  File "/home/helen/miniconda3/envs/placer_env/lib/python3.10/site-packages/torch/nn/modules/module.py", line 1541, in _call_impl
    return forward_call(*args, **kwargs)
  File "/nvme2/helen/EnzymeStructuralFiltering/filterzyme/PLACER/modules/model.py", line 155, in forward
    return self.net(f1d)
  File "/home/helen/miniconda3/envs/placer_env/lib/python3.10/site-packages/torch/nn/modules/module.py", line 1532, in _wrapped_call_impl
    return self._call_impl(*args, **kwargs)
  File "/home/helen/miniconda3/envs/placer_env/lib/python3.10/site-packages/torch/nn/modules/module.py", line 1541, in _call_impl
    return forward_call(*args, **kwargs)
  File "/home/helen/miniconda3/envs/placer_env/lib/python3.10/site-packages/torch/nn/modules/container.py", line 217, in forward
    input = module(input)
  File "/home/helen/miniconda3/envs/placer_env/lib/python3.10/site-packages/torch/nn/modules/module.py", line 1532, in _wrapped_call_impl
    return self._call_impl(*args, **kwargs)
  File "/home/helen/miniconda3/envs/placer_env/lib/python3.10/site-packages/torch/nn/modules/module.py", line 1541, in _call_impl
    return forward_call(*args, **kwargs)
  File "/home/helen/miniconda3/envs/placer_env/lib/python3.10/site-packages/torch/nn/modules/linear.py", line 116, in forward
    return F.linear(input, self.weight, self.bias)
RuntimeError: CUDA error: CUBLAS_STATUS_NOT_INITIALIZED when calling `cublasCreate(handle)`

2025-12-15 14:40:23,887 | INFO |Entry EH18_Ethyl_3_oxohexanoate_0_chai: Single ligand detected. Running standard mode...
2025-12-15 14:40:45,315 | ERROR |PLACER failed for EH18_Ethyl_3_oxohexanoate_0_chai: Traceback (most recent call last):
  File "/nvme2/helen/EnzymeStructuralFiltering/filterzyme/PLACER/run_PLACER.py", line 282, in <module>
    main(args)
  File "/nvme2/helen/EnzymeStructuralFiltering/filterzyme/PLACER/run_PLACER.py", line 196, in main
    outputs = placer.run(placer_input_iter, args.nsamples)
  File "/nvme2/helen/EnzymeStructuralFiltering/filterzyme/PLACER/PLACER.py", line 405, in run
    Xs,Ds,plDDTs,pDEVs = self.net()(**{k:item[k] for k in input_keys}, recycles=recycles, save_recycling_data=save_recycling_data)
  File "/home/helen/miniconda3/envs/placer_env/lib/python3.10/site-packages/torch/nn/modules/module.py", line 1532, in _wrapped_call_impl
    return self._call_impl(*args, **kwargs)
  File "/home/helen/miniconda3/envs/placer_env/lib/python3.10/site-packages/torch/nn/modules/module.py", line 1541, in _call_impl
    return forward_call(*args, **kwargs)
  File "/nvme2/helen/EnzymeStructuralFiltering/filterzyme/PLACER/modules/model.py", line 281, in forward
    single = self.init_single(f1d)
  File "/home/helen/miniconda3/envs/placer_env/lib/python3.10/site-packages/torch/nn/modules/module.py", line 1532, in _wrapped_call_impl
    return self._call_impl(*args, **kwargs)
  File "/home/helen/miniconda3/envs/placer_env/lib/python3.10/site-packages/torch/nn/modules/module.py", line 1541, in _call_impl
    return forward_call(*args, **kwargs)
  File "/nvme2/helen/EnzymeStructuralFiltering/filterzyme/PLACER/modules/model.py", line 155, in forward
    return self.net(f1d)
  File "/home/helen/miniconda3/envs/placer_env/lib/python3.10/site-packages/torch/nn/modules/module.py", line 1532, in _wrapped_call_impl
    return self._call_impl(*args, **kwargs)
  File "/home/helen/miniconda3/envs/placer_env/lib/python3.10/site-packages/torch/nn/modules/module.py", line 1541, in _call_impl
    return forward_call(*args, **kwargs)
  File "/home/helen/miniconda3/envs/placer_env/lib/python3.10/site-packages/torch/nn/modules/container.py", line 217, in forward
    input = module(input)
  File "/home/helen/miniconda3/envs/placer_env/lib/python3.10/site-packages/torch/nn/modules/module.py", line 1532, in _wrapped_call_impl
    return self._call_impl(*args, **kwargs)
  File "/home/helen/miniconda3/envs/placer_env/lib/python3.10/site-packages/torch/nn/modules/module.py", line 1541, in _call_impl
    return forward_call(*args, **kwargs)
  File "/home/helen/miniconda3/envs/placer_env/lib/python3.10/site-packages/torch/nn/modules/linear.py", line 116, in forward
    return F.linear(input, self.weight, self.bias)
RuntimeError: CUDA error: CUBLAS_STATUS_NOT_INITIALIZED when calling `cublasCreate(handle)`

2025-12-15 14:40:45,319 | INFO |Entry EH18_Geranyl_acetate_0_chai: Single ligand detected. Running standard mode...
2025-12-15 14:41:06,227 | ERROR |PLACER failed for EH18_Geranyl_acetate_0_chai: Traceback (most recent call last):
  File "/nvme2/helen/EnzymeStructuralFiltering/filterzyme/PLACER/run_PLACER.py", line 282, in <module>
    main(args)
  File "/nvme2/helen/EnzymeStructuralFiltering/filterzyme/PLACER/run_PLACER.py", line 196, in main
    outputs = placer.run(placer_input_iter, args.nsamples)
  File "/nvme2/helen/EnzymeStructuralFiltering/filterzyme/PLACER/PLACER.py", line 405, in run
    Xs,Ds,plDDTs,pDEVs = self.net()(**{k:item[k] for k in input_keys}, recycles=recycles, save_recycling_data=save_recycling_data)
  File "/home/helen/miniconda3/envs/placer_env/lib/python3.10/site-packages/torch/nn/modules/module.py", line 1532, in _wrapped_call_impl
    return self._call_impl(*args, **kwargs)
  File "/home/helen/miniconda3/envs/placer_env/lib/python3.10/site-packages/torch/nn/modules/module.py", line 1541, in _call_impl
    return forward_call(*args, **kwargs)
  File "/nvme2/helen/EnzymeStructuralFiltering/filterzyme/PLACER/modules/model.py", line 281, in forward
    single = self.init_single(f1d)
  File "/home/helen/miniconda3/envs/placer_env/lib/python3.10/site-packages/torch/nn/modules/module.py", line 1532, in _wrapped_call_impl
    return self._call_impl(*args, **kwargs)
  File "/home/helen/miniconda3/envs/placer_env/lib/python3.10/site-packages/torch/nn/modules/module.py", line 1541, in _call_impl
    return forward_call(*args, **kwargs)
  File "/nvme2/helen/EnzymeStructuralFiltering/filterzyme/PLACER/modules/model.py", line 155, in forward
    return self.net(f1d)
  File "/home/helen/miniconda3/envs/placer_env/lib/python3.10/site-packages/torch/nn/modules/module.py", line 1532, in _wrapped_call_impl
    return self._call_impl(*args, **kwargs)
  File "/home/helen/miniconda3/envs/placer_env/lib/python3.10/site-packages/torch/nn/modules/module.py", line 1541, in _call_impl
    return forward_call(*args, **kwargs)
  File "/home/helen/miniconda3/envs/placer_env/lib/python3.10/site-packages/torch/nn/modules/container.py", line 217, in forward
    input = module(input)
  File "/home/helen/miniconda3/envs/placer_env/lib/python3.10/site-packages/torch/nn/modules/module.py", line 1532, in _wrapped_call_impl
    return self._call_impl(*args, **kwargs)
  File "/home/helen/miniconda3/envs/placer_env/lib/python3.10/site-packages/torch/nn/modules/module.py", line 1541, in _call_impl
    return forward_call(*args, **kwargs)
  File "/home/helen/miniconda3/envs/placer_env/lib/python3.10/site-packages/torch/nn/modules/linear.py", line 116, in forward
    return F.linear(input, self.weight, self.bias)
RuntimeError: CUDA error: CUBLAS_STATUS_NOT_INITIALIZED when calling `cublasCreate(handle)`

2025-12-15 14:41:06,231 | INFO |Entry EH18_L_Pantolactone_0_chai: Single ligand detected. Running standard mode...
2025-12-15 14:41:27,763 | ERROR |PLACER failed for EH18_L_Pantolactone_0_chai: Traceback (most recent call last):
  File "/nvme2/helen/EnzymeStructuralFiltering/filterzyme/PLACER/run_PLACER.py", line 282, in <module>
    main(args)
  File "/nvme2/helen/EnzymeStructuralFiltering/filterzyme/PLACER/run_PLACER.py", line 196, in main
    outputs = placer.run(placer_input_iter, args.nsamples)
  File "/nvme2/helen/EnzymeStructuralFiltering/filterzyme/PLACER/PLACER.py", line 405, in run
    Xs,Ds,plDDTs,pDEVs = self.net()(**{k:item[k] for k in input_keys}, recycles=recycles, save_recycling_data=save_recycling_data)
  File "/home/helen/miniconda3/envs/placer_env/lib/python3.10/site-packages/torch/nn/modules/module.py", line 1532, in _wrapped_call_impl
    return self._call_impl(*args, **kwargs)
  File "/home/helen/miniconda3/envs/placer_env/lib/python3.10/site-packages/torch/nn/modules/module.py", line 1541, in _call_impl
    return forward_call(*args, **kwargs)
  File "/nvme2/helen/EnzymeStructuralFiltering/filterzyme/PLACER/modules/model.py", line 281, in forward
    single = self.init_single(f1d)
  File "/home/helen/miniconda3/envs/placer_env/lib/python3.10/site-packages/torch/nn/modules/module.py", line 1532, in _wrapped_call_impl
    return self._call_impl(*args, **kwargs)
  File "/home/helen/miniconda3/envs/placer_env/lib/python3.10/site-packages/torch/nn/modules/module.py", line 1541, in _call_impl
    return forward_call(*args, **kwargs)
  File "/nvme2/helen/EnzymeStructuralFiltering/filterzyme/PLACER/modules/model.py", line 155, in forward
    return self.net(f1d)
  File "/home/helen/miniconda3/envs/placer_env/lib/python3.10/site-packages/torch/nn/modules/module.py", line 1532, in _wrapped_call_impl
    return self._call_impl(*args, **kwargs)
  File "/home/helen/miniconda3/envs/placer_env/lib/python3.10/site-packages/torch/nn/modules/module.py", line 1541, in _call_impl
    return forward_call(*args, **kwargs)
  File "/home/helen/miniconda3/envs/placer_env/lib/python3.10/site-packages/torch/nn/modules/container.py", line 217, in forward
    input = module(input)
  File "/home/helen/miniconda3/envs/placer_env/lib/python3.10/site-packages/torch/nn/modules/module.py", line 1532, in _wrapped_call_impl
    return self._call_impl(*args, **kwargs)
  File "/home/helen/miniconda3/envs/placer_env/lib/python3.10/site-packages/torch/nn/modules/module.py", line 1541, in _call_impl
    return forward_call(*args, **kwargs)
  File "/home/helen/miniconda3/envs/placer_env/lib/python3.10/site-packages/torch/nn/modules/linear.py", line 116, in forward
    return F.linear(input, self.weight, self.bias)
RuntimeError: CUDA error: CUBLAS_STATUS_NOT_INITIALIZED when calling `cublasCreate(handle)`

2025-12-15 14:41:27,767 | INFO |Entry EH18_Vinyl_propionate_0_chai: Single ligand detected. Running standard mode...
2025-12-15 14:44:38,367 | INFO |Entry EH19_1_Napthyl_acetate_0_chai: Single ligand detected. Running standard mode...
2025-12-15 14:47:51,864 | INFO |Entry EH19_Ethyl_3_oxohexanoate_0_chai: Single ligand detected. Running standard mode...
2025-12-15 14:51:05,952 | INFO |Entry EH19_Geranyl_acetate_0_chai: Single ligand detected. Running standard mode...
2025-12-15 14:51:20,682 | ERROR |PLACER failed for EH19_Geranyl_acetate_0_chai: Traceback (most recent call last):
  File "/nvme2/helen/EnzymeStructuralFiltering/filterzyme/PLACER/run_PLACER.py", line 282, in <module>
    main(args)
  File "/nvme2/helen/EnzymeStructuralFiltering/filterzyme/PLACER/run_PLACER.py", line 196, in main
    outputs = placer.run(placer_input_iter, args.nsamples)
  File "/nvme2/helen/EnzymeStructuralFiltering/filterzyme/PLACER/PLACER.py", line 405, in run
    Xs,Ds,plDDTs,pDEVs = self.net()(**{k:item[k] for k in input_keys}, recycles=recycles, save_recycling_data=save_recycling_data)
  File "/home/helen/miniconda3/envs/placer_env/lib/python3.10/site-packages/torch/nn/modules/module.py", line 1532, in _wrapped_call_impl
    return self._call_impl(*args, **kwargs)
  File "/home/helen/miniconda3/envs/placer_env/lib/python3.10/site-packages/torch/nn/modules/module.py", line 1541, in _call_impl
    return forward_call(*args, **kwargs)
  File "/nvme2/helen/EnzymeStructuralFiltering/filterzyme/PLACER/modules/model.py", line 281, in forward
    single = self.init_single(f1d)
  File "/home/helen/miniconda3/envs/placer_env/lib/python3.10/site-packages/torch/nn/modules/module.py", line 1532, in _wrapped_call_impl
    return self._call_impl(*args, **kwargs)
  File "/home/helen/miniconda3/envs/placer_env/lib/python3.10/site-packages/torch/nn/modules/module.py", line 1541, in _call_impl
    return forward_call(*args, **kwargs)
  File "/nvme2/helen/EnzymeStructuralFiltering/filterzyme/PLACER/modules/model.py", line 155, in forward
    return self.net(f1d)
  File "/home/helen/miniconda3/envs/placer_env/lib/python3.10/site-packages/torch/nn/modules/module.py", line 1532, in _wrapped_call_impl
    return self._call_impl(*args, **kwargs)
  File "/home/helen/miniconda3/envs/placer_env/lib/python3.10/site-packages/torch/nn/modules/module.py", line 1541, in _call_impl
    return forward_call(*args, **kwargs)
  File "/home/helen/miniconda3/envs/placer_env/lib/python3.10/site-packages/torch/nn/modules/container.py", line 217, in forward
    input = module(input)
  File "/home/helen/miniconda3/envs/placer_env/lib/python3.10/site-packages/torch/nn/modules/module.py", line 1532, in _wrapped_call_impl
    return self._call_impl(*args, **kwargs)
  File "/home/helen/miniconda3/envs/placer_env/lib/python3.10/site-packages/torch/nn/modules/module.py", line 1541, in _call_impl
    return forward_call(*args, **kwargs)
  File "/home/helen/miniconda3/envs/placer_env/lib/python3.10/site-packages/torch/nn/modules/linear.py", line 116, in forward
    return F.linear(input, self.weight, self.bias)
RuntimeError: CUDA error: CUBLAS_STATUS_NOT_INITIALIZED when calling `cublasCreate(handle)`

2025-12-15 14:51:20,685 | INFO |Entry EH19_L_Pantolactone_0_chai: Single ligand detected. Running standard mode...
2025-12-15 14:51:41,459 | ERROR |PLACER failed for EH19_L_Pantolactone_0_chai: Traceback (most recent call last):
  File "/nvme2/helen/EnzymeStructuralFiltering/filterzyme/PLACER/run_PLACER.py", line 282, in <module>
    main(args)
  File "/nvme2/helen/EnzymeStructuralFiltering/filterzyme/PLACER/run_PLACER.py", line 196, in main
    outputs = placer.run(placer_input_iter, args.nsamples)
  File "/nvme2/helen/EnzymeStructuralFiltering/filterzyme/PLACER/PLACER.py", line 405, in run
    Xs,Ds,plDDTs,pDEVs = self.net()(**{k:item[k] for k in input_keys}, recycles=recycles, save_recycling_data=save_recycling_data)
  File "/home/helen/miniconda3/envs/placer_env/lib/python3.10/site-packages/torch/nn/modules/module.py", line 1532, in _wrapped_call_impl
    return self._call_impl(*args, **kwargs)
  File "/home/helen/miniconda3/envs/placer_env/lib/python3.10/site-packages/torch/nn/modules/module.py", line 1541, in _call_impl
    return forward_call(*args, **kwargs)
  File "/nvme2/helen/EnzymeStructuralFiltering/filterzyme/PLACER/modules/model.py", line 281, in forward
    single = self.init_single(f1d)
  File "/home/helen/miniconda3/envs/placer_env/lib/python3.10/site-packages/torch/nn/modules/module.py", line 1532, in _wrapped_call_impl
    return self._call_impl(*args, **kwargs)
  File "/home/helen/miniconda3/envs/placer_env/lib/python3.10/site-packages/torch/nn/modules/module.py", line 1541, in _call_impl
    return forward_call(*args, **kwargs)
  File "/nvme2/helen/EnzymeStructuralFiltering/filterzyme/PLACER/modules/model.py", line 155, in forward
    return self.net(f1d)
  File "/home/helen/miniconda3/envs/placer_env/lib/python3.10/site-packages/torch/nn/modules/module.py", line 1532, in _wrapped_call_impl
    return self._call_impl(*args, **kwargs)
  File "/home/helen/miniconda3/envs/placer_env/lib/python3.10/site-packages/torch/nn/modules/module.py", line 1541, in _call_impl
    return forward_call(*args, **kwargs)
  File "/home/helen/miniconda3/envs/placer_env/lib/python3.10/site-packages/torch/nn/modules/container.py", line 217, in forward
    input = module(input)
  File "/home/helen/miniconda3/envs/placer_env/lib/python3.10/site-packages/torch/nn/modules/module.py", line 1532, in _wrapped_call_impl
    return self._call_impl(*args, **kwargs)
  File "/home/helen/miniconda3/envs/placer_env/lib/python3.10/site-packages/torch/nn/modules/module.py", line 1541, in _call_impl
    return forward_call(*args, **kwargs)
  File "/home/helen/miniconda3/envs/placer_env/lib/python3.10/site-packages/torch/nn/modules/linear.py", line 116, in forward
    return F.linear(input, self.weight, self.bias)
RuntimeError: CUDA error: CUBLAS_STATUS_NOT_INITIALIZED when calling `cublasCreate(handle)`

2025-12-15 14:51:41,463 | INFO |Entry EH19_Vinyl_propionate_0_chai: Single ligand detected. Running standard mode...
2025-12-15 14:52:02,650 | ERROR |PLACER failed for EH19_Vinyl_propionate_0_chai: Traceback (most recent call last):
  File "/nvme2/helen/EnzymeStructuralFiltering/filterzyme/PLACER/run_PLACER.py", line 282, in <module>
    main(args)
  File "/nvme2/helen/EnzymeStructuralFiltering/filterzyme/PLACER/run_PLACER.py", line 196, in main
    outputs = placer.run(placer_input_iter, args.nsamples)
  File "/nvme2/helen/EnzymeStructuralFiltering/filterzyme/PLACER/PLACER.py", line 405, in run
    Xs,Ds,plDDTs,pDEVs = self.net()(**{k:item[k] for k in input_keys}, recycles=recycles, save_recycling_data=save_recycling_data)
  File "/home/helen/miniconda3/envs/placer_env/lib/python3.10/site-packages/torch/nn/modules/module.py", line 1532, in _wrapped_call_impl
    return self._call_impl(*args, **kwargs)
  File "/home/helen/miniconda3/envs/placer_env/lib/python3.10/site-packages/torch/nn/modules/module.py", line 1541, in _call_impl
    return forward_call(*args, **kwargs)
  File "/nvme2/helen/EnzymeStructuralFiltering/filterzyme/PLACER/modules/model.py", line 281, in forward
    single = self.init_single(f1d)
  File "/home/helen/miniconda3/envs/placer_env/lib/python3.10/site-packages/torch/nn/modules/module.py", line 1532, in _wrapped_call_impl
    return self._call_impl(*args, **kwargs)
  File "/home/helen/miniconda3/envs/placer_env/lib/python3.10/site-packages/torch/nn/modules/module.py", line 1541, in _call_impl
    return forward_call(*args, **kwargs)
  File "/nvme2/helen/EnzymeStructuralFiltering/filterzyme/PLACER/modules/model.py", line 155, in forward
    return self.net(f1d)
  File "/home/helen/miniconda3/envs/placer_env/lib/python3.10/site-packages/torch/nn/modules/module.py", line 1532, in _wrapped_call_impl
    return self._call_impl(*args, **kwargs)
  File "/home/helen/miniconda3/envs/placer_env/lib/python3.10/site-packages/torch/nn/modules/module.py", line 1541, in _call_impl
    return forward_call(*args, **kwargs)
  File "/home/helen/miniconda3/envs/placer_env/lib/python3.10/site-packages/torch/nn/modules/container.py", line 217, in forward
    input = module(input)
  File "/home/helen/miniconda3/envs/placer_env/lib/python3.10/site-packages/torch/nn/modules/module.py", line 1532, in _wrapped_call_impl
    return self._call_impl(*args, **kwargs)
  File "/home/helen/miniconda3/envs/placer_env/lib/python3.10/site-packages/torch/nn/modules/module.py", line 1541, in _call_impl
    return forward_call(*args, **kwargs)
  File "/home/helen/miniconda3/envs/placer_env/lib/python3.10/site-packages/torch/nn/modules/linear.py", line 116, in forward
    return F.linear(input, self.weight, self.bias)
RuntimeError: CUDA error: CUBLAS_STATUS_NOT_INITIALIZED when calling `cublasCreate(handle)`

2025-12-15 14:52:02,654 | INFO |Entry EH1_1_Napthyl_acetate_0_chai: Single ligand detected. Running standard mode...
2025-12-15 14:52:24,159 | ERROR |PLACER failed for EH1_1_Napthyl_acetate_0_chai: Traceback (most recent call last):
  File "/nvme2/helen/EnzymeStructuralFiltering/filterzyme/PLACER/run_PLACER.py", line 282, in <module>
    main(args)
  File "/nvme2/helen/EnzymeStructuralFiltering/filterzyme/PLACER/run_PLACER.py", line 196, in main
    outputs = placer.run(placer_input_iter, args.nsamples)
  File "/nvme2/helen/EnzymeStructuralFiltering/filterzyme/PLACER/PLACER.py", line 405, in run
    Xs,Ds,plDDTs,pDEVs = self.net()(**{k:item[k] for k in input_keys}, recycles=recycles, save_recycling_data=save_recycling_data)
  File "/home/helen/miniconda3/envs/placer_env/lib/python3.10/site-packages/torch/nn/modules/module.py", line 1532, in _wrapped_call_impl
    return self._call_impl(*args, **kwargs)
  File "/home/helen/miniconda3/envs/placer_env/lib/python3.10/site-packages/torch/nn/modules/module.py", line 1541, in _call_impl
    return forward_call(*args, **kwargs)
  File "/nvme2/helen/EnzymeStructuralFiltering/filterzyme/PLACER/modules/model.py", line 281, in forward
    single = self.init_single(f1d)
  File "/home/helen/miniconda3/envs/placer_env/lib/python3.10/site-packages/torch/nn/modules/module.py", line 1532, in _wrapped_call_impl
    return self._call_impl(*args, **kwargs)
  File "/home/helen/miniconda3/envs/placer_env/lib/python3.10/site-packages/torch/nn/modules/module.py", line 1541, in _call_impl
    return forward_call(*args, **kwargs)
  File "/nvme2/helen/EnzymeStructuralFiltering/filterzyme/PLACER/modules/model.py", line 155, in forward
    return self.net(f1d)
  File "/home/helen/miniconda3/envs/placer_env/lib/python3.10/site-packages/torch/nn/modules/module.py", line 1532, in _wrapped_call_impl
    return self._call_impl(*args, **kwargs)
  File "/home/helen/miniconda3/envs/placer_env/lib/python3.10/site-packages/torch/nn/modules/module.py", line 1541, in _call_impl
    return forward_call(*args, **kwargs)
  File "/home/helen/miniconda3/envs/placer_env/lib/python3.10/site-packages/torch/nn/modules/container.py", line 217, in forward
    input = module(input)
  File "/home/helen/miniconda3/envs/placer_env/lib/python3.10/site-packages/torch/nn/modules/module.py", line 1532, in _wrapped_call_impl
    return self._call_impl(*args, **kwargs)
  File "/home/helen/miniconda3/envs/placer_env/lib/python3.10/site-packages/torch/nn/modules/module.py", line 1541, in _call_impl
    return forward_call(*args, **kwargs)
  File "/home/helen/miniconda3/envs/placer_env/lib/python3.10/site-packages/torch/nn/modules/linear.py", line 116, in forward
    return F.linear(input, self.weight, self.bias)
RuntimeError: CUDA error: CUBLAS_STATUS_NOT_INITIALIZED when calling `cublasCreate(handle)`

2025-12-15 14:52:24,163 | INFO |Entry EH1_Ethyl_3_oxohexanoate_0_chai: Single ligand detected. Running standard mode...
2025-12-15 14:52:45,315 | ERROR |PLACER failed for EH1_Ethyl_3_oxohexanoate_0_chai: Traceback (most recent call last):
  File "/nvme2/helen/EnzymeStructuralFiltering/filterzyme/PLACER/run_PLACER.py", line 282, in <module>
    main(args)
  File "/nvme2/helen/EnzymeStructuralFiltering/filterzyme/PLACER/run_PLACER.py", line 196, in main
    outputs = placer.run(placer_input_iter, args.nsamples)
  File "/nvme2/helen/EnzymeStructuralFiltering/filterzyme/PLACER/PLACER.py", line 405, in run
    Xs,Ds,plDDTs,pDEVs = self.net()(**{k:item[k] for k in input_keys}, recycles=recycles, save_recycling_data=save_recycling_data)
  File "/home/helen/miniconda3/envs/placer_env/lib/python3.10/site-packages/torch/nn/modules/module.py", line 1532, in _wrapped_call_impl
    return self._call_impl(*args, **kwargs)
  File "/home/helen/miniconda3/envs/placer_env/lib/python3.10/site-packages/torch/nn/modules/module.py", line 1541, in _call_impl
    return forward_call(*args, **kwargs)
  File "/nvme2/helen/EnzymeStructuralFiltering/filterzyme/PLACER/modules/model.py", line 281, in forward
    single = self.init_single(f1d)
  File "/home/helen/miniconda3/envs/placer_env/lib/python3.10/site-packages/torch/nn/modules/module.py", line 1532, in _wrapped_call_impl
    return self._call_impl(*args, **kwargs)
  File "/home/helen/miniconda3/envs/placer_env/lib/python3.10/site-packages/torch/nn/modules/module.py", line 1541, in _call_impl
    return forward_call(*args, **kwargs)
  File "/nvme2/helen/EnzymeStructuralFiltering/filterzyme/PLACER/modules/model.py", line 155, in forward
    return self.net(f1d)
  File "/home/helen/miniconda3/envs/placer_env/lib/python3.10/site-packages/torch/nn/modules/module.py", line 1532, in _wrapped_call_impl
    return self._call_impl(*args, **kwargs)
  File "/home/helen/miniconda3/envs/placer_env/lib/python3.10/site-packages/torch/nn/modules/module.py", line 1541, in _call_impl
    return forward_call(*args, **kwargs)
  File "/home/helen/miniconda3/envs/placer_env/lib/python3.10/site-packages/torch/nn/modules/container.py", line 217, in forward
    input = module(input)
  File "/home/helen/miniconda3/envs/placer_env/lib/python3.10/site-packages/torch/nn/modules/module.py", line 1532, in _wrapped_call_impl
    return self._call_impl(*args, **kwargs)
  File "/home/helen/miniconda3/envs/placer_env/lib/python3.10/site-packages/torch/nn/modules/module.py", line 1541, in _call_impl
    return forward_call(*args, **kwargs)
  File "/home/helen/miniconda3/envs/placer_env/lib/python3.10/site-packages/torch/nn/modules/linear.py", line 116, in forward
    return F.linear(input, self.weight, self.bias)
RuntimeError: CUDA error: CUBLAS_STATUS_NOT_INITIALIZED when calling `cublasCreate(handle)`

2025-12-15 14:52:45,316 | INFO |Entry EH1_Geranyl_acetate_0_chai: Single ligand detected. Running standard mode...
2025-12-15 14:53:05,088 | ERROR |PLACER failed for EH1_Geranyl_acetate_0_chai: Traceback (most recent call last):
  File "/nvme2/helen/EnzymeStructuralFiltering/filterzyme/PLACER/run_PLACER.py", line 282, in <module>
    main(args)
  File "/nvme2/helen/EnzymeStructuralFiltering/filterzyme/PLACER/run_PLACER.py", line 196, in main
    outputs = placer.run(placer_input_iter, args.nsamples)
  File "/nvme2/helen/EnzymeStructuralFiltering/filterzyme/PLACER/PLACER.py", line 405, in run
    Xs,Ds,plDDTs,pDEVs = self.net()(**{k:item[k] for k in input_keys}, recycles=recycles, save_recycling_data=save_recycling_data)
  File "/home/helen/miniconda3/envs/placer_env/lib/python3.10/site-packages/torch/nn/modules/module.py", line 1532, in _wrapped_call_impl
    return self._call_impl(*args, **kwargs)
  File "/home/helen/miniconda3/envs/placer_env/lib/python3.10/site-packages/torch/nn/modules/module.py", line 1541, in _call_impl
    return forward_call(*args, **kwargs)
  File "/nvme2/helen/EnzymeStructuralFiltering/filterzyme/PLACER/modules/model.py", line 281, in forward
    single = self.init_single(f1d)
  File "/home/helen/miniconda3/envs/placer_env/lib/python3.10/site-packages/torch/nn/modules/module.py", line 1532, in _wrapped_call_impl
    return self._call_impl(*args, **kwargs)
  File "/home/helen/miniconda3/envs/placer_env/lib/python3.10/site-packages/torch/nn/modules/module.py", line 1541, in _call_impl
    return forward_call(*args, **kwargs)
  File "/nvme2/helen/EnzymeStructuralFiltering/filterzyme/PLACER/modules/model.py", line 155, in forward
    return self.net(f1d)
  File "/home/helen/miniconda3/envs/placer_env/lib/python3.10/site-packages/torch/nn/modules/module.py", line 1532, in _wrapped_call_impl
    return self._call_impl(*args, **kwargs)
  File "/home/helen/miniconda3/envs/placer_env/lib/python3.10/site-packages/torch/nn/modules/module.py", line 1541, in _call_impl
    return forward_call(*args, **kwargs)
  File "/home/helen/miniconda3/envs/placer_env/lib/python3.10/site-packages/torch/nn/modules/container.py", line 217, in forward
    input = module(input)
  File "/home/helen/miniconda3/envs/placer_env/lib/python3.10/site-packages/torch/nn/modules/module.py", line 1532, in _wrapped_call_impl
    return self._call_impl(*args, **kwargs)
  File "/home/helen/miniconda3/envs/placer_env/lib/python3.10/site-packages/torch/nn/modules/module.py", line 1541, in _call_impl
    return forward_call(*args, **kwargs)
  File "/home/helen/miniconda3/envs/placer_env/lib/python3.10/site-packages/torch/nn/modules/linear.py", line 116, in forward
    return F.linear(input, self.weight, self.bias)
RuntimeError: CUDA error: CUBLAS_STATUS_NOT_INITIALIZED when calling `cublasCreate(handle)`

2025-12-15 14:53:05,092 | INFO |Entry EH1_L_Pantolactone_0_chai: Single ligand detected. Running standard mode...
2025-12-15 14:53:26,171 | ERROR |PLACER failed for EH1_L_Pantolactone_0_chai: Traceback (most recent call last):
  File "/nvme2/helen/EnzymeStructuralFiltering/filterzyme/PLACER/run_PLACER.py", line 282, in <module>
    main(args)
  File "/nvme2/helen/EnzymeStructuralFiltering/filterzyme/PLACER/run_PLACER.py", line 196, in main
    outputs = placer.run(placer_input_iter, args.nsamples)
  File "/nvme2/helen/EnzymeStructuralFiltering/filterzyme/PLACER/PLACER.py", line 405, in run
    Xs,Ds,plDDTs,pDEVs = self.net()(**{k:item[k] for k in input_keys}, recycles=recycles, save_recycling_data=save_recycling_data)
  File "/home/helen/miniconda3/envs/placer_env/lib/python3.10/site-packages/torch/nn/modules/module.py", line 1532, in _wrapped_call_impl
    return self._call_impl(*args, **kwargs)
  File "/home/helen/miniconda3/envs/placer_env/lib/python3.10/site-packages/torch/nn/modules/module.py", line 1541, in _call_impl
    return forward_call(*args, **kwargs)
  File "/nvme2/helen/EnzymeStructuralFiltering/filterzyme/PLACER/modules/model.py", line 281, in forward
    single = self.init_single(f1d)
  File "/home/helen/miniconda3/envs/placer_env/lib/python3.10/site-packages/torch/nn/modules/module.py", line 1532, in _wrapped_call_impl
    return self._call_impl(*args, **kwargs)
  File "/home/helen/miniconda3/envs/placer_env/lib/python3.10/site-packages/torch/nn/modules/module.py", line 1541, in _call_impl
    return forward_call(*args, **kwargs)
  File "/nvme2/helen/EnzymeStructuralFiltering/filterzyme/PLACER/modules/model.py", line 155, in forward
    return self.net(f1d)
  File "/home/helen/miniconda3/envs/placer_env/lib/python3.10/site-packages/torch/nn/modules/module.py", line 1532, in _wrapped_call_impl
    return self._call_impl(*args, **kwargs)
  File "/home/helen/miniconda3/envs/placer_env/lib/python3.10/site-packages/torch/nn/modules/module.py", line 1541, in _call_impl
    return forward_call(*args, **kwargs)
  File "/home/helen/miniconda3/envs/placer_env/lib/python3.10/site-packages/torch/nn/modules/container.py", line 217, in forward
    input = module(input)
  File "/home/helen/miniconda3/envs/placer_env/lib/python3.10/site-packages/torch/nn/modules/module.py", line 1532, in _wrapped_call_impl
    return self._call_impl(*args, **kwargs)
  File "/home/helen/miniconda3/envs/placer_env/lib/python3.10/site-packages/torch/nn/modules/module.py", line 1541, in _call_impl
    return forward_call(*args, **kwargs)
  File "/home/helen/miniconda3/envs/placer_env/lib/python3.10/site-packages/torch/nn/modules/linear.py", line 116, in forward
    return F.linear(input, self.weight, self.bias)
RuntimeError: CUDA error: CUBLAS_STATUS_NOT_INITIALIZED when calling `cublasCreate(handle)`

2025-12-15 14:53:26,175 | INFO |Entry EH1_Vinyl_propionate_0_chai: Single ligand detected. Running standard mode...
2025-12-15 14:53:45,601 | ERROR |PLACER failed for EH1_Vinyl_propionate_0_chai: Traceback (most recent call last):
  File "/nvme2/helen/EnzymeStructuralFiltering/filterzyme/PLACER/run_PLACER.py", line 282, in <module>
    main(args)
  File "/nvme2/helen/EnzymeStructuralFiltering/filterzyme/PLACER/run_PLACER.py", line 196, in main
    outputs = placer.run(placer_input_iter, args.nsamples)
  File "/nvme2/helen/EnzymeStructuralFiltering/filterzyme/PLACER/PLACER.py", line 405, in run
    Xs,Ds,plDDTs,pDEVs = self.net()(**{k:item[k] for k in input_keys}, recycles=recycles, save_recycling_data=save_recycling_data)
  File "/home/helen/miniconda3/envs/placer_env/lib/python3.10/site-packages/torch/nn/modules/module.py", line 1532, in _wrapped_call_impl
    return self._call_impl(*args, **kwargs)
  File "/home/helen/miniconda3/envs/placer_env/lib/python3.10/site-packages/torch/nn/modules/module.py", line 1541, in _call_impl
    return forward_call(*args, **kwargs)
  File "/nvme2/helen/EnzymeStructuralFiltering/filterzyme/PLACER/modules/model.py", line 281, in forward
    single = self.init_single(f1d)
  File "/home/helen/miniconda3/envs/placer_env/lib/python3.10/site-packages/torch/nn/modules/module.py", line 1532, in _wrapped_call_impl
    return self._call_impl(*args, **kwargs)
  File "/home/helen/miniconda3/envs/placer_env/lib/python3.10/site-packages/torch/nn/modules/module.py", line 1541, in _call_impl
    return forward_call(*args, **kwargs)
  File "/nvme2/helen/EnzymeStructuralFiltering/filterzyme/PLACER/modules/model.py", line 155, in forward
    return self.net(f1d)
  File "/home/helen/miniconda3/envs/placer_env/lib/python3.10/site-packages/torch/nn/modules/module.py", line 1532, in _wrapped_call_impl
    return self._call_impl(*args, **kwargs)
  File "/home/helen/miniconda3/envs/placer_env/lib/python3.10/site-packages/torch/nn/modules/module.py", line 1541, in _call_impl
    return forward_call(*args, **kwargs)
  File "/home/helen/miniconda3/envs/placer_env/lib/python3.10/site-packages/torch/nn/modules/container.py", line 217, in forward
    input = module(input)
  File "/home/helen/miniconda3/envs/placer_env/lib/python3.10/site-packages/torch/nn/modules/module.py", line 1532, in _wrapped_call_impl
    return self._call_impl(*args, **kwargs)
  File "/home/helen/miniconda3/envs/placer_env/lib/python3.10/site-packages/torch/nn/modules/module.py", line 1541, in _call_impl
    return forward_call(*args, **kwargs)
  File "/home/helen/miniconda3/envs/placer_env/lib/python3.10/site-packages/torch/nn/modules/linear.py", line 116, in forward
    return F.linear(input, self.weight, self.bias)
RuntimeError: CUDA error: CUBLAS_STATUS_NOT_INITIALIZED when calling `cublasCreate(handle)`

2025-12-15 14:53:45,603 | INFO |Entry EH20_1_Napthyl_acetate_0_chai: Single ligand detected. Running standard mode...
2025-12-15 14:54:07,142 | ERROR |PLACER failed for EH20_1_Napthyl_acetate_0_chai: Traceback (most recent call last):
  File "/nvme2/helen/EnzymeStructuralFiltering/filterzyme/PLACER/run_PLACER.py", line 282, in <module>
    main(args)
  File "/nvme2/helen/EnzymeStructuralFiltering/filterzyme/PLACER/run_PLACER.py", line 196, in main
    outputs = placer.run(placer_input_iter, args.nsamples)
  File "/nvme2/helen/EnzymeStructuralFiltering/filterzyme/PLACER/PLACER.py", line 405, in run
    Xs,Ds,plDDTs,pDEVs = self.net()(**{k:item[k] for k in input_keys}, recycles=recycles, save_recycling_data=save_recycling_data)
  File "/home/helen/miniconda3/envs/placer_env/lib/python3.10/site-packages/torch/nn/modules/module.py", line 1532, in _wrapped_call_impl
    return self._call_impl(*args, **kwargs)
  File "/home/helen/miniconda3/envs/placer_env/lib/python3.10/site-packages/torch/nn/modules/module.py", line 1541, in _call_impl
    return forward_call(*args, **kwargs)
  File "/nvme2/helen/EnzymeStructuralFiltering/filterzyme/PLACER/modules/model.py", line 281, in forward
    single = self.init_single(f1d)
  File "/home/helen/miniconda3/envs/placer_env/lib/python3.10/site-packages/torch/nn/modules/module.py", line 1532, in _wrapped_call_impl
    return self._call_impl(*args, **kwargs)
  File "/home/helen/miniconda3/envs/placer_env/lib/python3.10/site-packages/torch/nn/modules/module.py", line 1541, in _call_impl
    return forward_call(*args, **kwargs)
  File "/nvme2/helen/EnzymeStructuralFiltering/filterzyme/PLACER/modules/model.py", line 155, in forward
    return self.net(f1d)
  File "/home/helen/miniconda3/envs/placer_env/lib/python3.10/site-packages/torch/nn/modules/module.py", line 1532, in _wrapped_call_impl
    return self._call_impl(*args, **kwargs)
  File "/home/helen/miniconda3/envs/placer_env/lib/python3.10/site-packages/torch/nn/modules/module.py", line 1541, in _call_impl
    return forward_call(*args, **kwargs)
  File "/home/helen/miniconda3/envs/placer_env/lib/python3.10/site-packages/torch/nn/modules/container.py", line 217, in forward
    input = module(input)
  File "/home/helen/miniconda3/envs/placer_env/lib/python3.10/site-packages/torch/nn/modules/module.py", line 1532, in _wrapped_call_impl
    return self._call_impl(*args, **kwargs)
  File "/home/helen/miniconda3/envs/placer_env/lib/python3.10/site-packages/torch/nn/modules/module.py", line 1541, in _call_impl
    return forward_call(*args, **kwargs)
  File "/home/helen/miniconda3/envs/placer_env/lib/python3.10/site-packages/torch/nn/modules/linear.py", line 116, in forward
    return F.linear(input, self.weight, self.bias)
RuntimeError: CUDA error: CUBLAS_STATUS_NOT_INITIALIZED when calling `cublasCreate(handle)`

2025-12-15 14:54:07,147 | INFO |Entry EH20_Ethyl_3_oxohexanoate_0_chai: Single ligand detected. Running standard mode...
2025-12-15 14:56:26,805 | INFO |Entry EH20_Geranyl_acetate_0_chai: Single ligand detected. Running standard mode...
2025-12-15 14:59:43,549 | INFO |Entry EH20_L_Pantolactone_0_chai: Single ligand detected. Running standard mode...
2025-12-15 14:59:58,846 | ERROR |PLACER failed for EH20_L_Pantolactone_0_chai: Traceback (most recent call last):
  File "/nvme2/helen/EnzymeStructuralFiltering/filterzyme/PLACER/run_PLACER.py", line 282, in <module>
    main(args)
  File "/nvme2/helen/EnzymeStructuralFiltering/filterzyme/PLACER/run_PLACER.py", line 196, in main
    outputs = placer.run(placer_input_iter, args.nsamples)
  File "/nvme2/helen/EnzymeStructuralFiltering/filterzyme/PLACER/PLACER.py", line 405, in run
    Xs,Ds,plDDTs,pDEVs = self.net()(**{k:item[k] for k in input_keys}, recycles=recycles, save_recycling_data=save_recycling_data)
  File "/home/helen/miniconda3/envs/placer_env/lib/python3.10/site-packages/torch/nn/modules/module.py", line 1532, in _wrapped_call_impl
    return self._call_impl(*args, **kwargs)
  File "/home/helen/miniconda3/envs/placer_env/lib/python3.10/site-packages/torch/nn/modules/module.py", line 1541, in _call_impl
    return forward_call(*args, **kwargs)
  File "/nvme2/helen/EnzymeStructuralFiltering/filterzyme/PLACER/modules/model.py", line 281, in forward
    single = self.init_single(f1d)
  File "/home/helen/miniconda3/envs/placer_env/lib/python3.10/site-packages/torch/nn/modules/module.py", line 1532, in _wrapped_call_impl
    return self._call_impl(*args, **kwargs)
  File "/home/helen/miniconda3/envs/placer_env/lib/python3.10/site-packages/torch/nn/modules/module.py", line 1541, in _call_impl
    return forward_call(*args, **kwargs)
  File "/nvme2/helen/EnzymeStructuralFiltering/filterzyme/PLACER/modules/model.py", line 155, in forward
    return self.net(f1d)
  File "/home/helen/miniconda3/envs/placer_env/lib/python3.10/site-packages/torch/nn/modules/module.py", line 1532, in _wrapped_call_impl
    return self._call_impl(*args, **kwargs)
  File "/home/helen/miniconda3/envs/placer_env/lib/python3.10/site-packages/torch/nn/modules/module.py", line 1541, in _call_impl
    return forward_call(*args, **kwargs)
  File "/home/helen/miniconda3/envs/placer_env/lib/python3.10/site-packages/torch/nn/modules/container.py", line 217, in forward
    input = module(input)
  File "/home/helen/miniconda3/envs/placer_env/lib/python3.10/site-packages/torch/nn/modules/module.py", line 1532, in _wrapped_call_impl
    return self._call_impl(*args, **kwargs)
  File "/home/helen/miniconda3/envs/placer_env/lib/python3.10/site-packages/torch/nn/modules/module.py", line 1541, in _call_impl
    return forward_call(*args, **kwargs)
  File "/home/helen/miniconda3/envs/placer_env/lib/python3.10/site-packages/torch/nn/modules/linear.py", line 116, in forward
    return F.linear(input, self.weight, self.bias)
RuntimeError: CUDA error: CUBLAS_STATUS_NOT_INITIALIZED when calling `cublasCreate(handle)`

2025-12-15 14:59:58,851 | INFO |Entry EH20_Vinyl_propionate_0_chai: Single ligand detected. Running standard mode...
2025-12-15 15:00:22,221 | ERROR |PLACER failed for EH20_Vinyl_propionate_0_chai: Traceback (most recent call last):
  File "/nvme2/helen/EnzymeStructuralFiltering/filterzyme/PLACER/run_PLACER.py", line 282, in <module>
    main(args)
  File "/nvme2/helen/EnzymeStructuralFiltering/filterzyme/PLACER/run_PLACER.py", line 196, in main
    outputs = placer.run(placer_input_iter, args.nsamples)
  File "/nvme2/helen/EnzymeStructuralFiltering/filterzyme/PLACER/PLACER.py", line 405, in run
    Xs,Ds,plDDTs,pDEVs = self.net()(**{k:item[k] for k in input_keys}, recycles=recycles, save_recycling_data=save_recycling_data)
  File "/home/helen/miniconda3/envs/placer_env/lib/python3.10/site-packages/torch/nn/modules/module.py", line 1532, in _wrapped_call_impl
    return self._call_impl(*args, **kwargs)
  File "/home/helen/miniconda3/envs/placer_env/lib/python3.10/site-packages/torch/nn/modules/module.py", line 1541, in _call_impl
    return forward_call(*args, **kwargs)
  File "/nvme2/helen/EnzymeStructuralFiltering/filterzyme/PLACER/modules/model.py", line 281, in forward
    single = self.init_single(f1d)
  File "/home/helen/miniconda3/envs/placer_env/lib/python3.10/site-packages/torch/nn/modules/module.py", line 1532, in _wrapped_call_impl
    return self._call_impl(*args, **kwargs)
  File "/home/helen/miniconda3/envs/placer_env/lib/python3.10/site-packages/torch/nn/modules/module.py", line 1541, in _call_impl
    return forward_call(*args, **kwargs)
  File "/nvme2/helen/EnzymeStructuralFiltering/filterzyme/PLACER/modules/model.py", line 155, in forward
    return self.net(f1d)
  File "/home/helen/miniconda3/envs/placer_env/lib/python3.10/site-packages/torch/nn/modules/module.py", line 1532, in _wrapped_call_impl
    return self._call_impl(*args, **kwargs)
  File "/home/helen/miniconda3/envs/placer_env/lib/python3.10/site-packages/torch/nn/modules/module.py", line 1541, in _call_impl
    return forward_call(*args, **kwargs)
  File "/home/helen/miniconda3/envs/placer_env/lib/python3.10/site-packages/torch/nn/modules/container.py", line 217, in forward
    input = module(input)
  File "/home/helen/miniconda3/envs/placer_env/lib/python3.10/site-packages/torch/nn/modules/module.py", line 1532, in _wrapped_call_impl
    return self._call_impl(*args, **kwargs)
  File "/home/helen/miniconda3/envs/placer_env/lib/python3.10/site-packages/torch/nn/modules/module.py", line 1541, in _call_impl
    return forward_call(*args, **kwargs)
  File "/home/helen/miniconda3/envs/placer_env/lib/python3.10/site-packages/torch/nn/modules/linear.py", line 116, in forward
    return F.linear(input, self.weight, self.bias)
RuntimeError: CUDA error: CUBLAS_STATUS_NOT_INITIALIZED when calling `cublasCreate(handle)`

2025-12-15 15:00:22,225 | INFO |Entry EH21_1_Napthyl_acetate_0_chai: Single ligand detected. Running standard mode...
2025-12-15 15:00:46,091 | ERROR |PLACER failed for EH21_1_Napthyl_acetate_0_chai: Traceback (most recent call last):
  File "/nvme2/helen/EnzymeStructuralFiltering/filterzyme/PLACER/run_PLACER.py", line 282, in <module>
    main(args)
  File "/nvme2/helen/EnzymeStructuralFiltering/filterzyme/PLACER/run_PLACER.py", line 196, in main
    outputs = placer.run(placer_input_iter, args.nsamples)
  File "/nvme2/helen/EnzymeStructuralFiltering/filterzyme/PLACER/PLACER.py", line 405, in run
    Xs,Ds,plDDTs,pDEVs = self.net()(**{k:item[k] for k in input_keys}, recycles=recycles, save_recycling_data=save_recycling_data)
  File "/home/helen/miniconda3/envs/placer_env/lib/python3.10/site-packages/torch/nn/modules/module.py", line 1532, in _wrapped_call_impl
    return self._call_impl(*args, **kwargs)
  File "/home/helen/miniconda3/envs/placer_env/lib/python3.10/site-packages/torch/nn/modules/module.py", line 1541, in _call_impl
    return forward_call(*args, **kwargs)
  File "/nvme2/helen/EnzymeStructuralFiltering/filterzyme/PLACER/modules/model.py", line 281, in forward
    single = self.init_single(f1d)
  File "/home/helen/miniconda3/envs/placer_env/lib/python3.10/site-packages/torch/nn/modules/module.py", line 1532, in _wrapped_call_impl
    return self._call_impl(*args, **kwargs)
  File "/home/helen/miniconda3/envs/placer_env/lib/python3.10/site-packages/torch/nn/modules/module.py", line 1541, in _call_impl
    return forward_call(*args, **kwargs)
  File "/nvme2/helen/EnzymeStructuralFiltering/filterzyme/PLACER/modules/model.py", line 155, in forward
    return self.net(f1d)
  File "/home/helen/miniconda3/envs/placer_env/lib/python3.10/site-packages/torch/nn/modules/module.py", line 1532, in _wrapped_call_impl
    return self._call_impl(*args, **kwargs)
  File "/home/helen/miniconda3/envs/placer_env/lib/python3.10/site-packages/torch/nn/modules/module.py", line 1541, in _call_impl
    return forward_call(*args, **kwargs)
  File "/home/helen/miniconda3/envs/placer_env/lib/python3.10/site-packages/torch/nn/modules/container.py", line 217, in forward
    input = module(input)
  File "/home/helen/miniconda3/envs/placer_env/lib/python3.10/site-packages/torch/nn/modules/module.py", line 1532, in _wrapped_call_impl
    return self._call_impl(*args, **kwargs)
  File "/home/helen/miniconda3/envs/placer_env/lib/python3.10/site-packages/torch/nn/modules/module.py", line 1541, in _call_impl
    return forward_call(*args, **kwargs)
  File "/home/helen/miniconda3/envs/placer_env/lib/python3.10/site-packages/torch/nn/modules/linear.py", line 116, in forward
    return F.linear(input, self.weight, self.bias)
RuntimeError: CUDA error: CUBLAS_STATUS_NOT_INITIALIZED when calling `cublasCreate(handle)`

2025-12-15 15:00:46,095 | INFO |Entry EH21_Ethyl_3_oxohexanoate_0_chai: Single ligand detected. Running standard mode...
2025-12-15 15:01:08,762 | ERROR |PLACER failed for EH21_Ethyl_3_oxohexanoate_0_chai: Traceback (most recent call last):
  File "/nvme2/helen/EnzymeStructuralFiltering/filterzyme/PLACER/run_PLACER.py", line 282, in <module>
    main(args)
  File "/nvme2/helen/EnzymeStructuralFiltering/filterzyme/PLACER/run_PLACER.py", line 196, in main
    outputs = placer.run(placer_input_iter, args.nsamples)
  File "/nvme2/helen/EnzymeStructuralFiltering/filterzyme/PLACER/PLACER.py", line 405, in run
    Xs,Ds,plDDTs,pDEVs = self.net()(**{k:item[k] for k in input_keys}, recycles=recycles, save_recycling_data=save_recycling_data)
  File "/home/helen/miniconda3/envs/placer_env/lib/python3.10/site-packages/torch/nn/modules/module.py", line 1532, in _wrapped_call_impl
    return self._call_impl(*args, **kwargs)
  File "/home/helen/miniconda3/envs/placer_env/lib/python3.10/site-packages/torch/nn/modules/module.py", line 1541, in _call_impl
    return forward_call(*args, **kwargs)
  File "/nvme2/helen/EnzymeStructuralFiltering/filterzyme/PLACER/modules/model.py", line 281, in forward
    single = self.init_single(f1d)
  File "/home/helen/miniconda3/envs/placer_env/lib/python3.10/site-packages/torch/nn/modules/module.py", line 1532, in _wrapped_call_impl
    return self._call_impl(*args, **kwargs)
  File "/home/helen/miniconda3/envs/placer_env/lib/python3.10/site-packages/torch/nn/modules/module.py", line 1541, in _call_impl
    return forward_call(*args, **kwargs)
  File "/nvme2/helen/EnzymeStructuralFiltering/filterzyme/PLACER/modules/model.py", line 155, in forward
    return self.net(f1d)
  File "/home/helen/miniconda3/envs/placer_env/lib/python3.10/site-packages/torch/nn/modules/module.py", line 1532, in _wrapped_call_impl
    return self._call_impl(*args, **kwargs)
  File "/home/helen/miniconda3/envs/placer_env/lib/python3.10/site-packages/torch/nn/modules/module.py", line 1541, in _call_impl
    return forward_call(*args, **kwargs)
  File "/home/helen/miniconda3/envs/placer_env/lib/python3.10/site-packages/torch/nn/modules/container.py", line 217, in forward
    input = module(input)
  File "/home/helen/miniconda3/envs/placer_env/lib/python3.10/site-packages/torch/nn/modules/module.py", line 1532, in _wrapped_call_impl
    return self._call_impl(*args, **kwargs)
  File "/home/helen/miniconda3/envs/placer_env/lib/python3.10/site-packages/torch/nn/modules/module.py", line 1541, in _call_impl
    return forward_call(*args, **kwargs)
  File "/home/helen/miniconda3/envs/placer_env/lib/python3.10/site-packages/torch/nn/modules/linear.py", line 116, in forward
    return F.linear(input, self.weight, self.bias)
RuntimeError: CUDA error: CUBLAS_STATUS_NOT_INITIALIZED when calling `cublasCreate(handle)`

2025-12-15 15:01:08,766 | INFO |Entry EH21_Geranyl_acetate_0_chai: Single ligand detected. Running standard mode...
2025-12-15 15:01:32,021 | ERROR |PLACER failed for EH21_Geranyl_acetate_0_chai: Traceback (most recent call last):
  File "/nvme2/helen/EnzymeStructuralFiltering/filterzyme/PLACER/run_PLACER.py", line 282, in <module>
    main(args)
  File "/nvme2/helen/EnzymeStructuralFiltering/filterzyme/PLACER/run_PLACER.py", line 196, in main
    outputs = placer.run(placer_input_iter, args.nsamples)
  File "/nvme2/helen/EnzymeStructuralFiltering/filterzyme/PLACER/PLACER.py", line 405, in run
    Xs,Ds,plDDTs,pDEVs = self.net()(**{k:item[k] for k in input_keys}, recycles=recycles, save_recycling_data=save_recycling_data)
  File "/home/helen/miniconda3/envs/placer_env/lib/python3.10/site-packages/torch/nn/modules/module.py", line 1532, in _wrapped_call_impl
    return self._call_impl(*args, **kwargs)
  File "/home/helen/miniconda3/envs/placer_env/lib/python3.10/site-packages/torch/nn/modules/module.py", line 1541, in _call_impl
    return forward_call(*args, **kwargs)
  File "/nvme2/helen/EnzymeStructuralFiltering/filterzyme/PLACER/modules/model.py", line 281, in forward
    single = self.init_single(f1d)
  File "/home/helen/miniconda3/envs/placer_env/lib/python3.10/site-packages/torch/nn/modules/module.py", line 1532, in _wrapped_call_impl
    return self._call_impl(*args, **kwargs)
  File "/home/helen/miniconda3/envs/placer_env/lib/python3.10/site-packages/torch/nn/modules/module.py", line 1541, in _call_impl
    return forward_call(*args, **kwargs)
  File "/nvme2/helen/EnzymeStructuralFiltering/filterzyme/PLACER/modules/model.py", line 155, in forward
    return self.net(f1d)
  File "/home/helen/miniconda3/envs/placer_env/lib/python3.10/site-packages/torch/nn/modules/module.py", line 1532, in _wrapped_call_impl
    return self._call_impl(*args, **kwargs)
  File "/home/helen/miniconda3/envs/placer_env/lib/python3.10/site-packages/torch/nn/modules/module.py", line 1541, in _call_impl
    return forward_call(*args, **kwargs)
  File "/home/helen/miniconda3/envs/placer_env/lib/python3.10/site-packages/torch/nn/modules/container.py", line 217, in forward
    input = module(input)
  File "/home/helen/miniconda3/envs/placer_env/lib/python3.10/site-packages/torch/nn/modules/module.py", line 1532, in _wrapped_call_impl
    return self._call_impl(*args, **kwargs)
  File "/home/helen/miniconda3/envs/placer_env/lib/python3.10/site-packages/torch/nn/modules/module.py", line 1541, in _call_impl
    return forward_call(*args, **kwargs)
  File "/home/helen/miniconda3/envs/placer_env/lib/python3.10/site-packages/torch/nn/modules/linear.py", line 116, in forward
    return F.linear(input, self.weight, self.bias)
RuntimeError: CUDA error: CUBLAS_STATUS_NOT_INITIALIZED when calling `cublasCreate(handle)`

2025-12-15 15:01:32,025 | INFO |Entry EH21_L_Pantolactone_0_chai: Single ligand detected. Running standard mode...
2025-12-15 15:01:54,683 | ERROR |PLACER failed for EH21_L_Pantolactone_0_chai: Traceback (most recent call last):
  File "/nvme2/helen/EnzymeStructuralFiltering/filterzyme/PLACER/run_PLACER.py", line 282, in <module>
    main(args)
  File "/nvme2/helen/EnzymeStructuralFiltering/filterzyme/PLACER/run_PLACER.py", line 196, in main
    outputs = placer.run(placer_input_iter, args.nsamples)
  File "/nvme2/helen/EnzymeStructuralFiltering/filterzyme/PLACER/PLACER.py", line 405, in run
    Xs,Ds,plDDTs,pDEVs = self.net()(**{k:item[k] for k in input_keys}, recycles=recycles, save_recycling_data=save_recycling_data)
  File "/home/helen/miniconda3/envs/placer_env/lib/python3.10/site-packages/torch/nn/modules/module.py", line 1532, in _wrapped_call_impl
    return self._call_impl(*args, **kwargs)
  File "/home/helen/miniconda3/envs/placer_env/lib/python3.10/site-packages/torch/nn/modules/module.py", line 1541, in _call_impl
    return forward_call(*args, **kwargs)
  File "/nvme2/helen/EnzymeStructuralFiltering/filterzyme/PLACER/modules/model.py", line 281, in forward
    single = self.init_single(f1d)
  File "/home/helen/miniconda3/envs/placer_env/lib/python3.10/site-packages/torch/nn/modules/module.py", line 1532, in _wrapped_call_impl
    return self._call_impl(*args, **kwargs)
  File "/home/helen/miniconda3/envs/placer_env/lib/python3.10/site-packages/torch/nn/modules/module.py", line 1541, in _call_impl
    return forward_call(*args, **kwargs)
  File "/nvme2/helen/EnzymeStructuralFiltering/filterzyme/PLACER/modules/model.py", line 155, in forward
    return self.net(f1d)
  File "/home/helen/miniconda3/envs/placer_env/lib/python3.10/site-packages/torch/nn/modules/module.py", line 1532, in _wrapped_call_impl
    return self._call_impl(*args, **kwargs)
  File "/home/helen/miniconda3/envs/placer_env/lib/python3.10/site-packages/torch/nn/modules/module.py", line 1541, in _call_impl
    return forward_call(*args, **kwargs)
  File "/home/helen/miniconda3/envs/placer_env/lib/python3.10/site-packages/torch/nn/modules/container.py", line 217, in forward
    input = module(input)
  File "/home/helen/miniconda3/envs/placer_env/lib/python3.10/site-packages/torch/nn/modules/module.py", line 1532, in _wrapped_call_impl
    return self._call_impl(*args, **kwargs)
  File "/home/helen/miniconda3/envs/placer_env/lib/python3.10/site-packages/torch/nn/modules/module.py", line 1541, in _call_impl
    return forward_call(*args, **kwargs)
  File "/home/helen/miniconda3/envs/placer_env/lib/python3.10/site-packages/torch/nn/modules/linear.py", line 116, in forward
    return F.linear(input, self.weight, self.bias)
RuntimeError: CUDA error: CUBLAS_STATUS_NOT_INITIALIZED when calling `cublasCreate(handle)`

2025-12-15 15:01:54,687 | INFO |Entry EH21_Vinyl_propionate_0_chai: Single ligand detected. Running standard mode...
2025-12-15 15:02:17,347 | ERROR |PLACER failed for EH21_Vinyl_propionate_0_chai: Traceback (most recent call last):
  File "/nvme2/helen/EnzymeStructuralFiltering/filterzyme/PLACER/run_PLACER.py", line 282, in <module>
    main(args)
  File "/nvme2/helen/EnzymeStructuralFiltering/filterzyme/PLACER/run_PLACER.py", line 196, in main
    outputs = placer.run(placer_input_iter, args.nsamples)
  File "/nvme2/helen/EnzymeStructuralFiltering/filterzyme/PLACER/PLACER.py", line 405, in run
    Xs,Ds,plDDTs,pDEVs = self.net()(**{k:item[k] for k in input_keys}, recycles=recycles, save_recycling_data=save_recycling_data)
  File "/home/helen/miniconda3/envs/placer_env/lib/python3.10/site-packages/torch/nn/modules/module.py", line 1532, in _wrapped_call_impl
    return self._call_impl(*args, **kwargs)
  File "/home/helen/miniconda3/envs/placer_env/lib/python3.10/site-packages/torch/nn/modules/module.py", line 1541, in _call_impl
    return forward_call(*args, **kwargs)
  File "/nvme2/helen/EnzymeStructuralFiltering/filterzyme/PLACER/modules/model.py", line 281, in forward
    single = self.init_single(f1d)
  File "/home/helen/miniconda3/envs/placer_env/lib/python3.10/site-packages/torch/nn/modules/module.py", line 1532, in _wrapped_call_impl
    return self._call_impl(*args, **kwargs)
  File "/home/helen/miniconda3/envs/placer_env/lib/python3.10/site-packages/torch/nn/modules/module.py", line 1541, in _call_impl
    return forward_call(*args, **kwargs)
  File "/nvme2/helen/EnzymeStructuralFiltering/filterzyme/PLACER/modules/model.py", line 155, in forward
    return self.net(f1d)
  File "/home/helen/miniconda3/envs/placer_env/lib/python3.10/site-packages/torch/nn/modules/module.py", line 1532, in _wrapped_call_impl
    return self._call_impl(*args, **kwargs)
  File "/home/helen/miniconda3/envs/placer_env/lib/python3.10/site-packages/torch/nn/modules/module.py", line 1541, in _call_impl
    return forward_call(*args, **kwargs)
  File "/home/helen/miniconda3/envs/placer_env/lib/python3.10/site-packages/torch/nn/modules/container.py", line 217, in forward
    input = module(input)
  File "/home/helen/miniconda3/envs/placer_env/lib/python3.10/site-packages/torch/nn/modules/module.py", line 1532, in _wrapped_call_impl
    return self._call_impl(*args, **kwargs)
  File "/home/helen/miniconda3/envs/placer_env/lib/python3.10/site-packages/torch/nn/modules/module.py", line 1541, in _call_impl
    return forward_call(*args, **kwargs)
  File "/home/helen/miniconda3/envs/placer_env/lib/python3.10/site-packages/torch/nn/modules/linear.py", line 116, in forward
    return F.linear(input, self.weight, self.bias)
RuntimeError: CUDA error: CUBLAS_STATUS_NOT_INITIALIZED when calling `cublasCreate(handle)`

2025-12-15 15:02:17,351 | INFO |Entry EH22_1_Napthyl_acetate_0_chai: Single ligand detected. Running standard mode...
2025-12-15 15:02:40,450 | ERROR |PLACER failed for EH22_1_Napthyl_acetate_0_chai: Traceback (most recent call last):
  File "/nvme2/helen/EnzymeStructuralFiltering/filterzyme/PLACER/run_PLACER.py", line 282, in <module>
    main(args)
  File "/nvme2/helen/EnzymeStructuralFiltering/filterzyme/PLACER/run_PLACER.py", line 196, in main
    outputs = placer.run(placer_input_iter, args.nsamples)
  File "/nvme2/helen/EnzymeStructuralFiltering/filterzyme/PLACER/PLACER.py", line 405, in run
    Xs,Ds,plDDTs,pDEVs = self.net()(**{k:item[k] for k in input_keys}, recycles=recycles, save_recycling_data=save_recycling_data)
  File "/home/helen/miniconda3/envs/placer_env/lib/python3.10/site-packages/torch/nn/modules/module.py", line 1532, in _wrapped_call_impl
    return self._call_impl(*args, **kwargs)
  File "/home/helen/miniconda3/envs/placer_env/lib/python3.10/site-packages/torch/nn/modules/module.py", line 1541, in _call_impl
    return forward_call(*args, **kwargs)
  File "/nvme2/helen/EnzymeStructuralFiltering/filterzyme/PLACER/modules/model.py", line 281, in forward
    single = self.init_single(f1d)
  File "/home/helen/miniconda3/envs/placer_env/lib/python3.10/site-packages/torch/nn/modules/module.py", line 1532, in _wrapped_call_impl
    return self._call_impl(*args, **kwargs)
  File "/home/helen/miniconda3/envs/placer_env/lib/python3.10/site-packages/torch/nn/modules/module.py", line 1541, in _call_impl
    return forward_call(*args, **kwargs)
  File "/nvme2/helen/EnzymeStructuralFiltering/filterzyme/PLACER/modules/model.py", line 155, in forward
    return self.net(f1d)
  File "/home/helen/miniconda3/envs/placer_env/lib/python3.10/site-packages/torch/nn/modules/module.py", line 1532, in _wrapped_call_impl
    return self._call_impl(*args, **kwargs)
  File "/home/helen/miniconda3/envs/placer_env/lib/python3.10/site-packages/torch/nn/modules/module.py", line 1541, in _call_impl
    return forward_call(*args, **kwargs)
  File "/home/helen/miniconda3/envs/placer_env/lib/python3.10/site-packages/torch/nn/modules/container.py", line 217, in forward
    input = module(input)
  File "/home/helen/miniconda3/envs/placer_env/lib/python3.10/site-packages/torch/nn/modules/module.py", line 1532, in _wrapped_call_impl
    return self._call_impl(*args, **kwargs)
  File "/home/helen/miniconda3/envs/placer_env/lib/python3.10/site-packages/torch/nn/modules/module.py", line 1541, in _call_impl
    return forward_call(*args, **kwargs)
  File "/home/helen/miniconda3/envs/placer_env/lib/python3.10/site-packages/torch/nn/modules/linear.py", line 116, in forward
    return F.linear(input, self.weight, self.bias)
RuntimeError: CUDA error: CUBLAS_STATUS_NOT_INITIALIZED when calling `cublasCreate(handle)`

2025-12-15 15:02:40,452 | INFO |Entry EH22_Ethyl_3_oxohexanoate_0_chai: Single ligand detected. Running standard mode...
2025-12-15 15:05:54,162 | INFO |Entry EH22_Geranyl_acetate_0_chai: Single ligand detected. Running standard mode...
2025-12-15 15:09:10,949 | INFO |Entry EH22_L_Pantolactone_0_chai: Single ligand detected. Running standard mode...
2025-12-15 15:12:25,304 | INFO |Entry EH22_Vinyl_propionate_0_chai: Single ligand detected. Running standard mode...
2025-12-15 15:15:37,787 | INFO |Entry EH23_1_Napthyl_acetate_0_chai: Single ligand detected. Running standard mode...
2025-12-15 15:15:58,676 | ERROR |PLACER failed for EH23_1_Napthyl_acetate_0_chai: Traceback (most recent call last):
  File "/nvme2/helen/EnzymeStructuralFiltering/filterzyme/PLACER/run_PLACER.py", line 282, in <module>
    main(args)
  File "/nvme2/helen/EnzymeStructuralFiltering/filterzyme/PLACER/run_PLACER.py", line 196, in main
    outputs = placer.run(placer_input_iter, args.nsamples)
  File "/nvme2/helen/EnzymeStructuralFiltering/filterzyme/PLACER/PLACER.py", line 405, in run
    Xs,Ds,plDDTs,pDEVs = self.net()(**{k:item[k] for k in input_keys}, recycles=recycles, save_recycling_data=save_recycling_data)
  File "/home/helen/miniconda3/envs/placer_env/lib/python3.10/site-packages/torch/nn/modules/module.py", line 1532, in _wrapped_call_impl
    return self._call_impl(*args, **kwargs)
  File "/home/helen/miniconda3/envs/placer_env/lib/python3.10/site-packages/torch/nn/modules/module.py", line 1541, in _call_impl
    return forward_call(*args, **kwargs)
  File "/nvme2/helen/EnzymeStructuralFiltering/filterzyme/PLACER/modules/model.py", line 281, in forward
    single = self.init_single(f1d)
  File "/home/helen/miniconda3/envs/placer_env/lib/python3.10/site-packages/torch/nn/modules/module.py", line 1532, in _wrapped_call_impl
    return self._call_impl(*args, **kwargs)
  File "/home/helen/miniconda3/envs/placer_env/lib/python3.10/site-packages/torch/nn/modules/module.py", line 1541, in _call_impl
    return forward_call(*args, **kwargs)
  File "/nvme2/helen/EnzymeStructuralFiltering/filterzyme/PLACER/modules/model.py", line 155, in forward
    return self.net(f1d)
  File "/home/helen/miniconda3/envs/placer_env/lib/python3.10/site-packages/torch/nn/modules/module.py", line 1532, in _wrapped_call_impl
    return self._call_impl(*args, **kwargs)
  File "/home/helen/miniconda3/envs/placer_env/lib/python3.10/site-packages/torch/nn/modules/module.py", line 1541, in _call_impl
    return forward_call(*args, **kwargs)
  File "/home/helen/miniconda3/envs/placer_env/lib/python3.10/site-packages/torch/nn/modules/container.py", line 217, in forward
    input = module(input)
  File "/home/helen/miniconda3/envs/placer_env/lib/python3.10/site-packages/torch/nn/modules/module.py", line 1532, in _wrapped_call_impl
    return self._call_impl(*args, **kwargs)
  File "/home/helen/miniconda3/envs/placer_env/lib/python3.10/site-packages/torch/nn/modules/module.py", line 1541, in _call_impl
    return forward_call(*args, **kwargs)
  File "/home/helen/miniconda3/envs/placer_env/lib/python3.10/site-packages/torch/nn/modules/linear.py", line 116, in forward
    return F.linear(input, self.weight, self.bias)
RuntimeError: CUDA error: CUBLAS_STATUS_NOT_INITIALIZED when calling `cublasCreate(handle)`

2025-12-15 15:15:58,679 | INFO |Entry EH23_Ethyl_3_oxohexanoate_0_chai: Single ligand detected. Running standard mode...
2025-12-15 15:16:22,987 | ERROR |PLACER failed for EH23_Ethyl_3_oxohexanoate_0_chai: Traceback (most recent call last):
  File "/nvme2/helen/EnzymeStructuralFiltering/filterzyme/PLACER/run_PLACER.py", line 282, in <module>
    main(args)
  File "/nvme2/helen/EnzymeStructuralFiltering/filterzyme/PLACER/run_PLACER.py", line 196, in main
    outputs = placer.run(placer_input_iter, args.nsamples)
  File "/nvme2/helen/EnzymeStructuralFiltering/filterzyme/PLACER/PLACER.py", line 405, in run
    Xs,Ds,plDDTs,pDEVs = self.net()(**{k:item[k] for k in input_keys}, recycles=recycles, save_recycling_data=save_recycling_data)
  File "/home/helen/miniconda3/envs/placer_env/lib/python3.10/site-packages/torch/nn/modules/module.py", line 1532, in _wrapped_call_impl
    return self._call_impl(*args, **kwargs)
  File "/home/helen/miniconda3/envs/placer_env/lib/python3.10/site-packages/torch/nn/modules/module.py", line 1541, in _call_impl
    return forward_call(*args, **kwargs)
  File "/nvme2/helen/EnzymeStructuralFiltering/filterzyme/PLACER/modules/model.py", line 281, in forward
    single = self.init_single(f1d)
  File "/home/helen/miniconda3/envs/placer_env/lib/python3.10/site-packages/torch/nn/modules/module.py", line 1532, in _wrapped_call_impl
    return self._call_impl(*args, **kwargs)
  File "/home/helen/miniconda3/envs/placer_env/lib/python3.10/site-packages/torch/nn/modules/module.py", line 1541, in _call_impl
    return forward_call(*args, **kwargs)
  File "/nvme2/helen/EnzymeStructuralFiltering/filterzyme/PLACER/modules/model.py", line 155, in forward
    return self.net(f1d)
  File "/home/helen/miniconda3/envs/placer_env/lib/python3.10/site-packages/torch/nn/modules/module.py", line 1532, in _wrapped_call_impl
    return self._call_impl(*args, **kwargs)
  File "/home/helen/miniconda3/envs/placer_env/lib/python3.10/site-packages/torch/nn/modules/module.py", line 1541, in _call_impl
    return forward_call(*args, **kwargs)
  File "/home/helen/miniconda3/envs/placer_env/lib/python3.10/site-packages/torch/nn/modules/container.py", line 217, in forward
    input = module(input)
  File "/home/helen/miniconda3/envs/placer_env/lib/python3.10/site-packages/torch/nn/modules/module.py", line 1532, in _wrapped_call_impl
    return self._call_impl(*args, **kwargs)
  File "/home/helen/miniconda3/envs/placer_env/lib/python3.10/site-packages/torch/nn/modules/module.py", line 1541, in _call_impl
    return forward_call(*args, **kwargs)
  File "/home/helen/miniconda3/envs/placer_env/lib/python3.10/site-packages/torch/nn/modules/linear.py", line 116, in forward
    return F.linear(input, self.weight, self.bias)
RuntimeError: CUDA error: CUBLAS_STATUS_NOT_INITIALIZED when calling `cublasCreate(handle)`

2025-12-15 15:16:22,992 | INFO |Entry EH23_Geranyl_acetate_0_chai: Single ligand detected. Running standard mode...
2025-12-15 15:16:45,399 | ERROR |PLACER failed for EH23_Geranyl_acetate_0_chai: Traceback (most recent call last):
  File "/nvme2/helen/EnzymeStructuralFiltering/filterzyme/PLACER/run_PLACER.py", line 282, in <module>
    main(args)
  File "/nvme2/helen/EnzymeStructuralFiltering/filterzyme/PLACER/run_PLACER.py", line 196, in main
    outputs = placer.run(placer_input_iter, args.nsamples)
  File "/nvme2/helen/EnzymeStructuralFiltering/filterzyme/PLACER/PLACER.py", line 405, in run
    Xs,Ds,plDDTs,pDEVs = self.net()(**{k:item[k] for k in input_keys}, recycles=recycles, save_recycling_data=save_recycling_data)
  File "/home/helen/miniconda3/envs/placer_env/lib/python3.10/site-packages/torch/nn/modules/module.py", line 1532, in _wrapped_call_impl
    return self._call_impl(*args, **kwargs)
  File "/home/helen/miniconda3/envs/placer_env/lib/python3.10/site-packages/torch/nn/modules/module.py", line 1541, in _call_impl
    return forward_call(*args, **kwargs)
  File "/nvme2/helen/EnzymeStructuralFiltering/filterzyme/PLACER/modules/model.py", line 281, in forward
    single = self.init_single(f1d)
  File "/home/helen/miniconda3/envs/placer_env/lib/python3.10/site-packages/torch/nn/modules/module.py", line 1532, in _wrapped_call_impl
    return self._call_impl(*args, **kwargs)
  File "/home/helen/miniconda3/envs/placer_env/lib/python3.10/site-packages/torch/nn/modules/module.py", line 1541, in _call_impl
    return forward_call(*args, **kwargs)
  File "/nvme2/helen/EnzymeStructuralFiltering/filterzyme/PLACER/modules/model.py", line 155, in forward
    return self.net(f1d)
  File "/home/helen/miniconda3/envs/placer_env/lib/python3.10/site-packages/torch/nn/modules/module.py", line 1532, in _wrapped_call_impl
    return self._call_impl(*args, **kwargs)
  File "/home/helen/miniconda3/envs/placer_env/lib/python3.10/site-packages/torch/nn/modules/module.py", line 1541, in _call_impl
    return forward_call(*args, **kwargs)
  File "/home/helen/miniconda3/envs/placer_env/lib/python3.10/site-packages/torch/nn/modules/container.py", line 217, in forward
    input = module(input)
  File "/home/helen/miniconda3/envs/placer_env/lib/python3.10/site-packages/torch/nn/modules/module.py", line 1532, in _wrapped_call_impl
    return self._call_impl(*args, **kwargs)
  File "/home/helen/miniconda3/envs/placer_env/lib/python3.10/site-packages/torch/nn/modules/module.py", line 1541, in _call_impl
    return forward_call(*args, **kwargs)
  File "/home/helen/miniconda3/envs/placer_env/lib/python3.10/site-packages/torch/nn/modules/linear.py", line 116, in forward
    return F.linear(input, self.weight, self.bias)
RuntimeError: CUDA error: CUBLAS_STATUS_NOT_INITIALIZED when calling `cublasCreate(handle)`

2025-12-15 15:16:45,403 | INFO |Entry EH23_L_Pantolactone_0_chai: Single ligand detected. Running standard mode...
2025-12-15 15:17:09,334 | ERROR |PLACER failed for EH23_L_Pantolactone_0_chai: Traceback (most recent call last):
  File "/nvme2/helen/EnzymeStructuralFiltering/filterzyme/PLACER/run_PLACER.py", line 282, in <module>
    main(args)
  File "/nvme2/helen/EnzymeStructuralFiltering/filterzyme/PLACER/run_PLACER.py", line 196, in main
    outputs = placer.run(placer_input_iter, args.nsamples)
  File "/nvme2/helen/EnzymeStructuralFiltering/filterzyme/PLACER/PLACER.py", line 405, in run
    Xs,Ds,plDDTs,pDEVs = self.net()(**{k:item[k] for k in input_keys}, recycles=recycles, save_recycling_data=save_recycling_data)
  File "/home/helen/miniconda3/envs/placer_env/lib/python3.10/site-packages/torch/nn/modules/module.py", line 1532, in _wrapped_call_impl
    return self._call_impl(*args, **kwargs)
  File "/home/helen/miniconda3/envs/placer_env/lib/python3.10/site-packages/torch/nn/modules/module.py", line 1541, in _call_impl
    return forward_call(*args, **kwargs)
  File "/nvme2/helen/EnzymeStructuralFiltering/filterzyme/PLACER/modules/model.py", line 281, in forward
    single = self.init_single(f1d)
  File "/home/helen/miniconda3/envs/placer_env/lib/python3.10/site-packages/torch/nn/modules/module.py", line 1532, in _wrapped_call_impl
    return self._call_impl(*args, **kwargs)
  File "/home/helen/miniconda3/envs/placer_env/lib/python3.10/site-packages/torch/nn/modules/module.py", line 1541, in _call_impl
    return forward_call(*args, **kwargs)
  File "/nvme2/helen/EnzymeStructuralFiltering/filterzyme/PLACER/modules/model.py", line 155, in forward
    return self.net(f1d)
  File "/home/helen/miniconda3/envs/placer_env/lib/python3.10/site-packages/torch/nn/modules/module.py", line 1532, in _wrapped_call_impl
    return self._call_impl(*args, **kwargs)
  File "/home/helen/miniconda3/envs/placer_env/lib/python3.10/site-packages/torch/nn/modules/module.py", line 1541, in _call_impl
    return forward_call(*args, **kwargs)
  File "/home/helen/miniconda3/envs/placer_env/lib/python3.10/site-packages/torch/nn/modules/container.py", line 217, in forward
    input = module(input)
  File "/home/helen/miniconda3/envs/placer_env/lib/python3.10/site-packages/torch/nn/modules/module.py", line 1532, in _wrapped_call_impl
    return self._call_impl(*args, **kwargs)
  File "/home/helen/miniconda3/envs/placer_env/lib/python3.10/site-packages/torch/nn/modules/module.py", line 1541, in _call_impl
    return forward_call(*args, **kwargs)
  File "/home/helen/miniconda3/envs/placer_env/lib/python3.10/site-packages/torch/nn/modules/linear.py", line 116, in forward
    return F.linear(input, self.weight, self.bias)
RuntimeError: CUDA error: CUBLAS_STATUS_NOT_INITIALIZED when calling `cublasCreate(handle)`

2025-12-15 15:17:09,338 | INFO |Entry EH23_Vinyl_propionate_0_chai: Single ligand detected. Running standard mode...
2025-12-15 15:17:32,675 | ERROR |PLACER failed for EH23_Vinyl_propionate_0_chai: Traceback (most recent call last):
  File "/nvme2/helen/EnzymeStructuralFiltering/filterzyme/PLACER/run_PLACER.py", line 282, in <module>
    main(args)
  File "/nvme2/helen/EnzymeStructuralFiltering/filterzyme/PLACER/run_PLACER.py", line 196, in main
    outputs = placer.run(placer_input_iter, args.nsamples)
  File "/nvme2/helen/EnzymeStructuralFiltering/filterzyme/PLACER/PLACER.py", line 405, in run
    Xs,Ds,plDDTs,pDEVs = self.net()(**{k:item[k] for k in input_keys}, recycles=recycles, save_recycling_data=save_recycling_data)
  File "/home/helen/miniconda3/envs/placer_env/lib/python3.10/site-packages/torch/nn/modules/module.py", line 1532, in _wrapped_call_impl
    return self._call_impl(*args, **kwargs)
  File "/home/helen/miniconda3/envs/placer_env/lib/python3.10/site-packages/torch/nn/modules/module.py", line 1541, in _call_impl
    return forward_call(*args, **kwargs)
  File "/nvme2/helen/EnzymeStructuralFiltering/filterzyme/PLACER/modules/model.py", line 281, in forward
    single = self.init_single(f1d)
  File "/home/helen/miniconda3/envs/placer_env/lib/python3.10/site-packages/torch/nn/modules/module.py", line 1532, in _wrapped_call_impl
    return self._call_impl(*args, **kwargs)
  File "/home/helen/miniconda3/envs/placer_env/lib/python3.10/site-packages/torch/nn/modules/module.py", line 1541, in _call_impl
    return forward_call(*args, **kwargs)
  File "/nvme2/helen/EnzymeStructuralFiltering/filterzyme/PLACER/modules/model.py", line 155, in forward
    return self.net(f1d)
  File "/home/helen/miniconda3/envs/placer_env/lib/python3.10/site-packages/torch/nn/modules/module.py", line 1532, in _wrapped_call_impl
    return self._call_impl(*args, **kwargs)
  File "/home/helen/miniconda3/envs/placer_env/lib/python3.10/site-packages/torch/nn/modules/module.py", line 1541, in _call_impl
    return forward_call(*args, **kwargs)
  File "/home/helen/miniconda3/envs/placer_env/lib/python3.10/site-packages/torch/nn/modules/container.py", line 217, in forward
    input = module(input)
  File "/home/helen/miniconda3/envs/placer_env/lib/python3.10/site-packages/torch/nn/modules/module.py", line 1532, in _wrapped_call_impl
    return self._call_impl(*args, **kwargs)
  File "/home/helen/miniconda3/envs/placer_env/lib/python3.10/site-packages/torch/nn/modules/module.py", line 1541, in _call_impl
    return forward_call(*args, **kwargs)
  File "/home/helen/miniconda3/envs/placer_env/lib/python3.10/site-packages/torch/nn/modules/linear.py", line 116, in forward
    return F.linear(input, self.weight, self.bias)
RuntimeError: CUDA error: CUBLAS_STATUS_NOT_INITIALIZED when calling `cublasCreate(handle)`

2025-12-15 15:17:32,680 | INFO |Entry EH24_1_Napthyl_acetate_0_chai: Single ligand detected. Running standard mode...
2025-12-15 15:20:37,060 | INFO |Entry EH24_Ethyl_3_oxohexanoate_0_chai: Single ligand detected. Running standard mode...
2025-12-15 15:20:57,092 | ERROR |PLACER failed for EH24_Ethyl_3_oxohexanoate_0_chai: Traceback (most recent call last):
  File "/nvme2/helen/EnzymeStructuralFiltering/filterzyme/PLACER/run_PLACER.py", line 282, in <module>
    main(args)
  File "/nvme2/helen/EnzymeStructuralFiltering/filterzyme/PLACER/run_PLACER.py", line 196, in main
    outputs = placer.run(placer_input_iter, args.nsamples)
  File "/nvme2/helen/EnzymeStructuralFiltering/filterzyme/PLACER/PLACER.py", line 405, in run
    Xs,Ds,plDDTs,pDEVs = self.net()(**{k:item[k] for k in input_keys}, recycles=recycles, save_recycling_data=save_recycling_data)
  File "/home/helen/miniconda3/envs/placer_env/lib/python3.10/site-packages/torch/nn/modules/module.py", line 1532, in _wrapped_call_impl
    return self._call_impl(*args, **kwargs)
  File "/home/helen/miniconda3/envs/placer_env/lib/python3.10/site-packages/torch/nn/modules/module.py", line 1541, in _call_impl
    return forward_call(*args, **kwargs)
  File "/nvme2/helen/EnzymeStructuralFiltering/filterzyme/PLACER/modules/model.py", line 281, in forward
    single = self.init_single(f1d)
  File "/home/helen/miniconda3/envs/placer_env/lib/python3.10/site-packages/torch/nn/modules/module.py", line 1532, in _wrapped_call_impl
    return self._call_impl(*args, **kwargs)
  File "/home/helen/miniconda3/envs/placer_env/lib/python3.10/site-packages/torch/nn/modules/module.py", line 1541, in _call_impl
    return forward_call(*args, **kwargs)
  File "/nvme2/helen/EnzymeStructuralFiltering/filterzyme/PLACER/modules/model.py", line 155, in forward
    return self.net(f1d)
  File "/home/helen/miniconda3/envs/placer_env/lib/python3.10/site-packages/torch/nn/modules/module.py", line 1532, in _wrapped_call_impl
    return self._call_impl(*args, **kwargs)
  File "/home/helen/miniconda3/envs/placer_env/lib/python3.10/site-packages/torch/nn/modules/module.py", line 1541, in _call_impl
    return forward_call(*args, **kwargs)
  File "/home/helen/miniconda3/envs/placer_env/lib/python3.10/site-packages/torch/nn/modules/container.py", line 217, in forward
    input = module(input)
  File "/home/helen/miniconda3/envs/placer_env/lib/python3.10/site-packages/torch/nn/modules/module.py", line 1532, in _wrapped_call_impl
    return self._call_impl(*args, **kwargs)
  File "/home/helen/miniconda3/envs/placer_env/lib/python3.10/site-packages/torch/nn/modules/module.py", line 1541, in _call_impl
    return forward_call(*args, **kwargs)
  File "/home/helen/miniconda3/envs/placer_env/lib/python3.10/site-packages/torch/nn/modules/linear.py", line 116, in forward
    return F.linear(input, self.weight, self.bias)
RuntimeError: CUDA error: CUBLAS_STATUS_NOT_INITIALIZED when calling `cublasCreate(handle)`

2025-12-15 15:20:57,097 | INFO |Entry EH24_Geranyl_acetate_0_chai: Single ligand detected. Running standard mode...
2025-12-15 15:21:18,169 | ERROR |PLACER failed for EH24_Geranyl_acetate_0_chai: Traceback (most recent call last):
  File "/nvme2/helen/EnzymeStructuralFiltering/filterzyme/PLACER/run_PLACER.py", line 282, in <module>
    main(args)
  File "/nvme2/helen/EnzymeStructuralFiltering/filterzyme/PLACER/run_PLACER.py", line 196, in main
    outputs = placer.run(placer_input_iter, args.nsamples)
  File "/nvme2/helen/EnzymeStructuralFiltering/filterzyme/PLACER/PLACER.py", line 405, in run
    Xs,Ds,plDDTs,pDEVs = self.net()(**{k:item[k] for k in input_keys}, recycles=recycles, save_recycling_data=save_recycling_data)
  File "/home/helen/miniconda3/envs/placer_env/lib/python3.10/site-packages/torch/nn/modules/module.py", line 1532, in _wrapped_call_impl
    return self._call_impl(*args, **kwargs)
  File "/home/helen/miniconda3/envs/placer_env/lib/python3.10/site-packages/torch/nn/modules/module.py", line 1541, in _call_impl
    return forward_call(*args, **kwargs)
  File "/nvme2/helen/EnzymeStructuralFiltering/filterzyme/PLACER/modules/model.py", line 281, in forward
    single = self.init_single(f1d)
  File "/home/helen/miniconda3/envs/placer_env/lib/python3.10/site-packages/torch/nn/modules/module.py", line 1532, in _wrapped_call_impl
    return self._call_impl(*args, **kwargs)
  File "/home/helen/miniconda3/envs/placer_env/lib/python3.10/site-packages/torch/nn/modules/module.py", line 1541, in _call_impl
    return forward_call(*args, **kwargs)
  File "/nvme2/helen/EnzymeStructuralFiltering/filterzyme/PLACER/modules/model.py", line 155, in forward
    return self.net(f1d)
  File "/home/helen/miniconda3/envs/placer_env/lib/python3.10/site-packages/torch/nn/modules/module.py", line 1532, in _wrapped_call_impl
    return self._call_impl(*args, **kwargs)
  File "/home/helen/miniconda3/envs/placer_env/lib/python3.10/site-packages/torch/nn/modules/module.py", line 1541, in _call_impl
    return forward_call(*args, **kwargs)
  File "/home/helen/miniconda3/envs/placer_env/lib/python3.10/site-packages/torch/nn/modules/container.py", line 217, in forward
    input = module(input)
  File "/home/helen/miniconda3/envs/placer_env/lib/python3.10/site-packages/torch/nn/modules/module.py", line 1532, in _wrapped_call_impl
    return self._call_impl(*args, **kwargs)
  File "/home/helen/miniconda3/envs/placer_env/lib/python3.10/site-packages/torch/nn/modules/module.py", line 1541, in _call_impl
    return forward_call(*args, **kwargs)
  File "/home/helen/miniconda3/envs/placer_env/lib/python3.10/site-packages/torch/nn/modules/linear.py", line 116, in forward
    return F.linear(input, self.weight, self.bias)
RuntimeError: CUDA error: CUBLAS_STATUS_NOT_INITIALIZED when calling `cublasCreate(handle)`

2025-12-15 15:21:18,178 | INFO |Entry EH24_L_Pantolactone_0_chai: Single ligand detected. Running standard mode...
2025-12-15 15:24:17,776 | INFO |Entry EH24_Vinyl_propionate_0_chai: Single ligand detected. Running standard mode...
2025-12-15 15:24:38,872 | ERROR |CUDA OOM on EH24_Vinyl_propionate_0_chai.
2025-12-15 15:24:38,876 | INFO |Entry EH25_1_Napthyl_acetate_0_chai: Single ligand detected. Running standard mode...
2025-12-15 15:25:02,078 | ERROR |CUDA OOM on EH25_1_Napthyl_acetate_0_chai.
2025-12-15 15:25:02,082 | INFO |Entry EH25_Ethyl_3_oxohexanoate_0_chai: Single ligand detected. Running standard mode...
2025-12-15 15:25:26,226 | ERROR |CUDA OOM on EH25_Ethyl_3_oxohexanoate_0_chai.
2025-12-15 15:25:26,230 | INFO |Entry EH25_Geranyl_acetate_0_chai: Single ligand detected. Running standard mode...
2025-12-15 15:28:36,801 | INFO |Entry EH25_L_Pantolactone_0_chai: Single ligand detected. Running standard mode...
2025-12-15 15:29:00,980 | ERROR |CUDA OOM on EH25_L_Pantolactone_0_chai.
2025-12-15 15:29:00,984 | INFO |Entry EH25_Vinyl_propionate_0_chai: Single ligand detected. Running standard mode...
2025-12-15 15:32:14,083 | INFO |Entry EH26_1_Napthyl_acetate_0_chai: Single ligand detected. Running standard mode...
2025-12-15 15:32:36,193 | ERROR |CUDA OOM on EH26_1_Napthyl_acetate_0_chai.
2025-12-15 15:32:36,197 | INFO |Entry EH26_Ethyl_3_oxohexanoate_0_chai: Single ligand detected. Running standard mode...
2025-12-15 15:33:00,630 | ERROR |CUDA OOM on EH26_Ethyl_3_oxohexanoate_0_chai.
2025-12-15 15:33:00,634 | INFO |Entry EH26_Geranyl_acetate_0_chai: Single ligand detected. Running standard mode...
2025-12-15 15:36:17,745 | INFO |Entry EH26_L_Pantolactone_0_chai: Single ligand detected. Running standard mode...
2025-12-15 15:36:38,313 | ERROR |CUDA OOM on EH26_L_Pantolactone_0_chai.
2025-12-15 15:36:38,317 | INFO |Entry EH26_Vinyl_propionate_0_chai: Single ligand detected. Running standard mode...
2025-12-15 15:37:02,346 | ERROR |CUDA OOM on EH26_Vinyl_propionate_0_chai.
2025-12-15 15:37:02,348 | INFO |Skipping EH27_1_Napthyl_acetate_0_chai, output already exists: EH27_1_Napthyl_acetate_0_chai.csv
2025-12-15 15:37:02,353 | INFO |Entry EH27_Ethyl_3_oxohexanoate_0_chai: Single ligand detected. Running standard mode...
2025-12-15 15:37:26,769 | ERROR |CUDA OOM on EH27_Ethyl_3_oxohexanoate_0_chai.
2025-12-15 15:37:26,774 | INFO |Entry EH27_Geranyl_acetate_0_chai: Single ligand detected. Running standard mode...
2025-12-15 15:37:50,574 | ERROR |CUDA OOM on EH27_Geranyl_acetate_0_chai.
2025-12-15 15:37:50,578 | INFO |Entry EH27_L_Pantolactone_0_chai: Single ligand detected. Running standard mode...
2025-12-15 15:38:14,183 | ERROR |CUDA OOM on EH27_L_Pantolactone_0_chai.
2025-12-15 15:38:14,188 | INFO |Entry EH27_Vinyl_propionate_0_chai: Single ligand detected. Running standard mode...
2025-12-15 15:41:32,151 | INFO |Entry EH28_1_Napthyl_acetate_0_chai: Single ligand detected. Running standard mode...
2025-12-15 15:44:44,804 | INFO |Entry EH28_Ethyl_3_oxohexanoate_0_chai: Single ligand detected. Running standard mode...
2025-12-15 15:45:00,344 | ERROR |PLACER failed for EH28_Ethyl_3_oxohexanoate_0_chai: Traceback (most recent call last):
  File "/nvme2/helen/EnzymeStructuralFiltering/filterzyme/PLACER/run_PLACER.py", line 282, in <module>
    main(args)
  File "/nvme2/helen/EnzymeStructuralFiltering/filterzyme/PLACER/run_PLACER.py", line 196, in main
    outputs = placer.run(placer_input_iter, args.nsamples)
  File "/nvme2/helen/EnzymeStructuralFiltering/filterzyme/PLACER/PLACER.py", line 405, in run
    Xs,Ds,plDDTs,pDEVs = self.net()(**{k:item[k] for k in input_keys}, recycles=recycles, save_recycling_data=save_recycling_data)
  File "/home/helen/miniconda3/envs/placer_env/lib/python3.10/site-packages/torch/nn/modules/module.py", line 1532, in _wrapped_call_impl
    return self._call_impl(*args, **kwargs)
  File "/home/helen/miniconda3/envs/placer_env/lib/python3.10/site-packages/torch/nn/modules/module.py", line 1541, in _call_impl
    return forward_call(*args, **kwargs)
  File "/nvme2/helen/EnzymeStructuralFiltering/filterzyme/PLACER/modules/model.py", line 281, in forward
    single = self.init_single(f1d)
  File "/home/helen/miniconda3/envs/placer_env/lib/python3.10/site-packages/torch/nn/modules/module.py", line 1532, in _wrapped_call_impl
    return self._call_impl(*args, **kwargs)
  File "/home/helen/miniconda3/envs/placer_env/lib/python3.10/site-packages/torch/nn/modules/module.py", line 1541, in _call_impl
    return forward_call(*args, **kwargs)
  File "/nvme2/helen/EnzymeStructuralFiltering/filterzyme/PLACER/modules/model.py", line 155, in forward
    return self.net(f1d)
  File "/home/helen/miniconda3/envs/placer_env/lib/python3.10/site-packages/torch/nn/modules/module.py", line 1532, in _wrapped_call_impl
    return self._call_impl(*args, **kwargs)
  File "/home/helen/miniconda3/envs/placer_env/lib/python3.10/site-packages/torch/nn/modules/module.py", line 1541, in _call_impl
    return forward_call(*args, **kwargs)
  File "/home/helen/miniconda3/envs/placer_env/lib/python3.10/site-packages/torch/nn/modules/container.py", line 217, in forward
    input = module(input)
  File "/home/helen/miniconda3/envs/placer_env/lib/python3.10/site-packages/torch/nn/modules/module.py", line 1532, in _wrapped_call_impl
    return self._call_impl(*args, **kwargs)
  File "/home/helen/miniconda3/envs/placer_env/lib/python3.10/site-packages/torch/nn/modules/module.py", line 1541, in _call_impl
    return forward_call(*args, **kwargs)
  File "/home/helen/miniconda3/envs/placer_env/lib/python3.10/site-packages/torch/nn/modules/linear.py", line 116, in forward
    return F.linear(input, self.weight, self.bias)
RuntimeError: CUDA error: CUBLAS_STATUS_NOT_INITIALIZED when calling `cublasCreate(handle)`

2025-12-15 15:45:00,348 | INFO |Entry EH28_Geranyl_acetate_0_chai: Single ligand detected. Running standard mode...
2025-12-15 15:48:09,158 | INFO |Entry EH28_L_Pantolactone_0_chai: Single ligand detected. Running standard mode...
2025-12-15 15:48:29,511 | ERROR |PLACER failed for EH28_L_Pantolactone_0_chai: Traceback (most recent call last):
  File "/nvme2/helen/EnzymeStructuralFiltering/filterzyme/PLACER/run_PLACER.py", line 282, in <module>
    main(args)
  File "/nvme2/helen/EnzymeStructuralFiltering/filterzyme/PLACER/run_PLACER.py", line 196, in main
    outputs = placer.run(placer_input_iter, args.nsamples)
  File "/nvme2/helen/EnzymeStructuralFiltering/filterzyme/PLACER/PLACER.py", line 405, in run
    Xs,Ds,plDDTs,pDEVs = self.net()(**{k:item[k] for k in input_keys}, recycles=recycles, save_recycling_data=save_recycling_data)
  File "/home/helen/miniconda3/envs/placer_env/lib/python3.10/site-packages/torch/nn/modules/module.py", line 1532, in _wrapped_call_impl
    return self._call_impl(*args, **kwargs)
  File "/home/helen/miniconda3/envs/placer_env/lib/python3.10/site-packages/torch/nn/modules/module.py", line 1541, in _call_impl
    return forward_call(*args, **kwargs)
  File "/nvme2/helen/EnzymeStructuralFiltering/filterzyme/PLACER/modules/model.py", line 281, in forward
    single = self.init_single(f1d)
  File "/home/helen/miniconda3/envs/placer_env/lib/python3.10/site-packages/torch/nn/modules/module.py", line 1532, in _wrapped_call_impl
    return self._call_impl(*args, **kwargs)
  File "/home/helen/miniconda3/envs/placer_env/lib/python3.10/site-packages/torch/nn/modules/module.py", line 1541, in _call_impl
    return forward_call(*args, **kwargs)
  File "/nvme2/helen/EnzymeStructuralFiltering/filterzyme/PLACER/modules/model.py", line 155, in forward
    return self.net(f1d)
  File "/home/helen/miniconda3/envs/placer_env/lib/python3.10/site-packages/torch/nn/modules/module.py", line 1532, in _wrapped_call_impl
    return self._call_impl(*args, **kwargs)
  File "/home/helen/miniconda3/envs/placer_env/lib/python3.10/site-packages/torch/nn/modules/module.py", line 1541, in _call_impl
    return forward_call(*args, **kwargs)
  File "/home/helen/miniconda3/envs/placer_env/lib/python3.10/site-packages/torch/nn/modules/container.py", line 217, in forward
    input = module(input)
  File "/home/helen/miniconda3/envs/placer_env/lib/python3.10/site-packages/torch/nn/modules/module.py", line 1532, in _wrapped_call_impl
    return self._call_impl(*args, **kwargs)
  File "/home/helen/miniconda3/envs/placer_env/lib/python3.10/site-packages/torch/nn/modules/module.py", line 1541, in _call_impl
    return forward_call(*args, **kwargs)
  File "/home/helen/miniconda3/envs/placer_env/lib/python3.10/site-packages/torch/nn/modules/linear.py", line 116, in forward
    return F.linear(input, self.weight, self.bias)
RuntimeError: CUDA error: CUBLAS_STATUS_NOT_INITIALIZED when calling `cublasCreate(handle)`

2025-12-15 15:48:29,516 | INFO |Entry EH28_Vinyl_propionate_0_chai: Single ligand detected. Running standard mode...
2025-12-15 15:48:51,236 | ERROR |PLACER failed for EH28_Vinyl_propionate_0_chai: Traceback (most recent call last):
  File "/nvme2/helen/EnzymeStructuralFiltering/filterzyme/PLACER/run_PLACER.py", line 282, in <module>
    main(args)
  File "/nvme2/helen/EnzymeStructuralFiltering/filterzyme/PLACER/run_PLACER.py", line 196, in main
    outputs = placer.run(placer_input_iter, args.nsamples)
  File "/nvme2/helen/EnzymeStructuralFiltering/filterzyme/PLACER/PLACER.py", line 405, in run
    Xs,Ds,plDDTs,pDEVs = self.net()(**{k:item[k] for k in input_keys}, recycles=recycles, save_recycling_data=save_recycling_data)
  File "/home/helen/miniconda3/envs/placer_env/lib/python3.10/site-packages/torch/nn/modules/module.py", line 1532, in _wrapped_call_impl
    return self._call_impl(*args, **kwargs)
  File "/home/helen/miniconda3/envs/placer_env/lib/python3.10/site-packages/torch/nn/modules/module.py", line 1541, in _call_impl
    return forward_call(*args, **kwargs)
  File "/nvme2/helen/EnzymeStructuralFiltering/filterzyme/PLACER/modules/model.py", line 281, in forward
    single = self.init_single(f1d)
  File "/home/helen/miniconda3/envs/placer_env/lib/python3.10/site-packages/torch/nn/modules/module.py", line 1532, in _wrapped_call_impl
    return self._call_impl(*args, **kwargs)
  File "/home/helen/miniconda3/envs/placer_env/lib/python3.10/site-packages/torch/nn/modules/module.py", line 1541, in _call_impl
    return forward_call(*args, **kwargs)
  File "/nvme2/helen/EnzymeStructuralFiltering/filterzyme/PLACER/modules/model.py", line 155, in forward
    return self.net(f1d)
  File "/home/helen/miniconda3/envs/placer_env/lib/python3.10/site-packages/torch/nn/modules/module.py", line 1532, in _wrapped_call_impl
    return self._call_impl(*args, **kwargs)
  File "/home/helen/miniconda3/envs/placer_env/lib/python3.10/site-packages/torch/nn/modules/module.py", line 1541, in _call_impl
    return forward_call(*args, **kwargs)
  File "/home/helen/miniconda3/envs/placer_env/lib/python3.10/site-packages/torch/nn/modules/container.py", line 217, in forward
    input = module(input)
  File "/home/helen/miniconda3/envs/placer_env/lib/python3.10/site-packages/torch/nn/modules/module.py", line 1532, in _wrapped_call_impl
    return self._call_impl(*args, **kwargs)
  File "/home/helen/miniconda3/envs/placer_env/lib/python3.10/site-packages/torch/nn/modules/module.py", line 1541, in _call_impl
    return forward_call(*args, **kwargs)
  File "/home/helen/miniconda3/envs/placer_env/lib/python3.10/site-packages/torch/nn/modules/linear.py", line 116, in forward
    return F.linear(input, self.weight, self.bias)
RuntimeError: CUDA error: CUBLAS_STATUS_NOT_INITIALIZED when calling `cublasCreate(handle)`

2025-12-15 15:48:51,240 | INFO |Entry EH29_1_Napthyl_acetate_0_chai: Single ligand detected. Running standard mode...
2025-12-15 15:49:13,037 | ERROR |PLACER failed for EH29_1_Napthyl_acetate_0_chai: Traceback (most recent call last):
  File "/nvme2/helen/EnzymeStructuralFiltering/filterzyme/PLACER/run_PLACER.py", line 282, in <module>
    main(args)
  File "/nvme2/helen/EnzymeStructuralFiltering/filterzyme/PLACER/run_PLACER.py", line 196, in main
    outputs = placer.run(placer_input_iter, args.nsamples)
  File "/nvme2/helen/EnzymeStructuralFiltering/filterzyme/PLACER/PLACER.py", line 405, in run
    Xs,Ds,plDDTs,pDEVs = self.net()(**{k:item[k] for k in input_keys}, recycles=recycles, save_recycling_data=save_recycling_data)
  File "/home/helen/miniconda3/envs/placer_env/lib/python3.10/site-packages/torch/nn/modules/module.py", line 1532, in _wrapped_call_impl
    return self._call_impl(*args, **kwargs)
  File "/home/helen/miniconda3/envs/placer_env/lib/python3.10/site-packages/torch/nn/modules/module.py", line 1541, in _call_impl
    return forward_call(*args, **kwargs)
  File "/nvme2/helen/EnzymeStructuralFiltering/filterzyme/PLACER/modules/model.py", line 281, in forward
    single = self.init_single(f1d)
  File "/home/helen/miniconda3/envs/placer_env/lib/python3.10/site-packages/torch/nn/modules/module.py", line 1532, in _wrapped_call_impl
    return self._call_impl(*args, **kwargs)
  File "/home/helen/miniconda3/envs/placer_env/lib/python3.10/site-packages/torch/nn/modules/module.py", line 1541, in _call_impl
    return forward_call(*args, **kwargs)
  File "/nvme2/helen/EnzymeStructuralFiltering/filterzyme/PLACER/modules/model.py", line 155, in forward
    return self.net(f1d)
  File "/home/helen/miniconda3/envs/placer_env/lib/python3.10/site-packages/torch/nn/modules/module.py", line 1532, in _wrapped_call_impl
    return self._call_impl(*args, **kwargs)
  File "/home/helen/miniconda3/envs/placer_env/lib/python3.10/site-packages/torch/nn/modules/module.py", line 1541, in _call_impl
    return forward_call(*args, **kwargs)
  File "/home/helen/miniconda3/envs/placer_env/lib/python3.10/site-packages/torch/nn/modules/container.py", line 217, in forward
    input = module(input)
  File "/home/helen/miniconda3/envs/placer_env/lib/python3.10/site-packages/torch/nn/modules/module.py", line 1532, in _wrapped_call_impl
    return self._call_impl(*args, **kwargs)
  File "/home/helen/miniconda3/envs/placer_env/lib/python3.10/site-packages/torch/nn/modules/module.py", line 1541, in _call_impl
    return forward_call(*args, **kwargs)
  File "/home/helen/miniconda3/envs/placer_env/lib/python3.10/site-packages/torch/nn/modules/linear.py", line 116, in forward
    return F.linear(input, self.weight, self.bias)
RuntimeError: CUDA error: CUBLAS_STATUS_NOT_INITIALIZED when calling `cublasCreate(handle)`

2025-12-15 15:49:13,041 | INFO |Entry EH29_Ethyl_3_oxohexanoate_0_chai: Single ligand detected. Running standard mode...
2025-12-15 15:49:34,635 | ERROR |PLACER failed for EH29_Ethyl_3_oxohexanoate_0_chai: Traceback (most recent call last):
  File "/nvme2/helen/EnzymeStructuralFiltering/filterzyme/PLACER/run_PLACER.py", line 282, in <module>
    main(args)
  File "/nvme2/helen/EnzymeStructuralFiltering/filterzyme/PLACER/run_PLACER.py", line 196, in main
    outputs = placer.run(placer_input_iter, args.nsamples)
  File "/nvme2/helen/EnzymeStructuralFiltering/filterzyme/PLACER/PLACER.py", line 405, in run
    Xs,Ds,plDDTs,pDEVs = self.net()(**{k:item[k] for k in input_keys}, recycles=recycles, save_recycling_data=save_recycling_data)
  File "/home/helen/miniconda3/envs/placer_env/lib/python3.10/site-packages/torch/nn/modules/module.py", line 1532, in _wrapped_call_impl
    return self._call_impl(*args, **kwargs)
  File "/home/helen/miniconda3/envs/placer_env/lib/python3.10/site-packages/torch/nn/modules/module.py", line 1541, in _call_impl
    return forward_call(*args, **kwargs)
  File "/nvme2/helen/EnzymeStructuralFiltering/filterzyme/PLACER/modules/model.py", line 281, in forward
    single = self.init_single(f1d)
  File "/home/helen/miniconda3/envs/placer_env/lib/python3.10/site-packages/torch/nn/modules/module.py", line 1532, in _wrapped_call_impl
    return self._call_impl(*args, **kwargs)
  File "/home/helen/miniconda3/envs/placer_env/lib/python3.10/site-packages/torch/nn/modules/module.py", line 1541, in _call_impl
    return forward_call(*args, **kwargs)
  File "/nvme2/helen/EnzymeStructuralFiltering/filterzyme/PLACER/modules/model.py", line 155, in forward
    return self.net(f1d)
  File "/home/helen/miniconda3/envs/placer_env/lib/python3.10/site-packages/torch/nn/modules/module.py", line 1532, in _wrapped_call_impl
    return self._call_impl(*args, **kwargs)
  File "/home/helen/miniconda3/envs/placer_env/lib/python3.10/site-packages/torch/nn/modules/module.py", line 1541, in _call_impl
    return forward_call(*args, **kwargs)
  File "/home/helen/miniconda3/envs/placer_env/lib/python3.10/site-packages/torch/nn/modules/container.py", line 217, in forward
    input = module(input)
  File "/home/helen/miniconda3/envs/placer_env/lib/python3.10/site-packages/torch/nn/modules/module.py", line 1532, in _wrapped_call_impl
    return self._call_impl(*args, **kwargs)
  File "/home/helen/miniconda3/envs/placer_env/lib/python3.10/site-packages/torch/nn/modules/module.py", line 1541, in _call_impl
    return forward_call(*args, **kwargs)
  File "/home/helen/miniconda3/envs/placer_env/lib/python3.10/site-packages/torch/nn/modules/linear.py", line 116, in forward
    return F.linear(input, self.weight, self.bias)
RuntimeError: CUDA error: CUBLAS_STATUS_NOT_INITIALIZED when calling `cublasCreate(handle)`

2025-12-15 15:49:34,639 | INFO |Entry EH29_Geranyl_acetate_0_chai: Single ligand detected. Running standard mode...
2025-12-15 15:49:56,677 | ERROR |PLACER failed for EH29_Geranyl_acetate_0_chai: Traceback (most recent call last):
  File "/nvme2/helen/EnzymeStructuralFiltering/filterzyme/PLACER/run_PLACER.py", line 282, in <module>
    main(args)
  File "/nvme2/helen/EnzymeStructuralFiltering/filterzyme/PLACER/run_PLACER.py", line 196, in main
    outputs = placer.run(placer_input_iter, args.nsamples)
  File "/nvme2/helen/EnzymeStructuralFiltering/filterzyme/PLACER/PLACER.py", line 405, in run
    Xs,Ds,plDDTs,pDEVs = self.net()(**{k:item[k] for k in input_keys}, recycles=recycles, save_recycling_data=save_recycling_data)
  File "/home/helen/miniconda3/envs/placer_env/lib/python3.10/site-packages/torch/nn/modules/module.py", line 1532, in _wrapped_call_impl
    return self._call_impl(*args, **kwargs)
  File "/home/helen/miniconda3/envs/placer_env/lib/python3.10/site-packages/torch/nn/modules/module.py", line 1541, in _call_impl
    return forward_call(*args, **kwargs)
  File "/nvme2/helen/EnzymeStructuralFiltering/filterzyme/PLACER/modules/model.py", line 281, in forward
    single = self.init_single(f1d)
  File "/home/helen/miniconda3/envs/placer_env/lib/python3.10/site-packages/torch/nn/modules/module.py", line 1532, in _wrapped_call_impl
    return self._call_impl(*args, **kwargs)
  File "/home/helen/miniconda3/envs/placer_env/lib/python3.10/site-packages/torch/nn/modules/module.py", line 1541, in _call_impl
    return forward_call(*args, **kwargs)
  File "/nvme2/helen/EnzymeStructuralFiltering/filterzyme/PLACER/modules/model.py", line 155, in forward
    return self.net(f1d)
  File "/home/helen/miniconda3/envs/placer_env/lib/python3.10/site-packages/torch/nn/modules/module.py", line 1532, in _wrapped_call_impl
    return self._call_impl(*args, **kwargs)
  File "/home/helen/miniconda3/envs/placer_env/lib/python3.10/site-packages/torch/nn/modules/module.py", line 1541, in _call_impl
    return forward_call(*args, **kwargs)
  File "/home/helen/miniconda3/envs/placer_env/lib/python3.10/site-packages/torch/nn/modules/container.py", line 217, in forward
    input = module(input)
  File "/home/helen/miniconda3/envs/placer_env/lib/python3.10/site-packages/torch/nn/modules/module.py", line 1532, in _wrapped_call_impl
    return self._call_impl(*args, **kwargs)
  File "/home/helen/miniconda3/envs/placer_env/lib/python3.10/site-packages/torch/nn/modules/module.py", line 1541, in _call_impl
    return forward_call(*args, **kwargs)
  File "/home/helen/miniconda3/envs/placer_env/lib/python3.10/site-packages/torch/nn/modules/linear.py", line 116, in forward
    return F.linear(input, self.weight, self.bias)
RuntimeError: CUDA error: CUBLAS_STATUS_NOT_INITIALIZED when calling `cublasCreate(handle)`

2025-12-15 15:49:56,681 | INFO |Entry EH29_L_Pantolactone_0_chai: Single ligand detected. Running standard mode...
2025-12-15 15:50:18,538 | ERROR |PLACER failed for EH29_L_Pantolactone_0_chai: Traceback (most recent call last):
  File "/nvme2/helen/EnzymeStructuralFiltering/filterzyme/PLACER/run_PLACER.py", line 282, in <module>
    main(args)
  File "/nvme2/helen/EnzymeStructuralFiltering/filterzyme/PLACER/run_PLACER.py", line 196, in main
    outputs = placer.run(placer_input_iter, args.nsamples)
  File "/nvme2/helen/EnzymeStructuralFiltering/filterzyme/PLACER/PLACER.py", line 405, in run
    Xs,Ds,plDDTs,pDEVs = self.net()(**{k:item[k] for k in input_keys}, recycles=recycles, save_recycling_data=save_recycling_data)
  File "/home/helen/miniconda3/envs/placer_env/lib/python3.10/site-packages/torch/nn/modules/module.py", line 1532, in _wrapped_call_impl
    return self._call_impl(*args, **kwargs)
  File "/home/helen/miniconda3/envs/placer_env/lib/python3.10/site-packages/torch/nn/modules/module.py", line 1541, in _call_impl
    return forward_call(*args, **kwargs)
  File "/nvme2/helen/EnzymeStructuralFiltering/filterzyme/PLACER/modules/model.py", line 281, in forward
    single = self.init_single(f1d)
  File "/home/helen/miniconda3/envs/placer_env/lib/python3.10/site-packages/torch/nn/modules/module.py", line 1532, in _wrapped_call_impl
    return self._call_impl(*args, **kwargs)
  File "/home/helen/miniconda3/envs/placer_env/lib/python3.10/site-packages/torch/nn/modules/module.py", line 1541, in _call_impl
    return forward_call(*args, **kwargs)
  File "/nvme2/helen/EnzymeStructuralFiltering/filterzyme/PLACER/modules/model.py", line 155, in forward
    return self.net(f1d)
  File "/home/helen/miniconda3/envs/placer_env/lib/python3.10/site-packages/torch/nn/modules/module.py", line 1532, in _wrapped_call_impl
    return self._call_impl(*args, **kwargs)
  File "/home/helen/miniconda3/envs/placer_env/lib/python3.10/site-packages/torch/nn/modules/module.py", line 1541, in _call_impl
    return forward_call(*args, **kwargs)
  File "/home/helen/miniconda3/envs/placer_env/lib/python3.10/site-packages/torch/nn/modules/container.py", line 217, in forward
    input = module(input)
  File "/home/helen/miniconda3/envs/placer_env/lib/python3.10/site-packages/torch/nn/modules/module.py", line 1532, in _wrapped_call_impl
    return self._call_impl(*args, **kwargs)
  File "/home/helen/miniconda3/envs/placer_env/lib/python3.10/site-packages/torch/nn/modules/module.py", line 1541, in _call_impl
    return forward_call(*args, **kwargs)
  File "/home/helen/miniconda3/envs/placer_env/lib/python3.10/site-packages/torch/nn/modules/linear.py", line 116, in forward
    return F.linear(input, self.weight, self.bias)
RuntimeError: CUDA error: CUBLAS_STATUS_NOT_INITIALIZED when calling `cublasCreate(handle)`

2025-12-15 15:50:18,541 | INFO |Entry EH29_Vinyl_propionate_0_chai: Single ligand detected. Running standard mode...
2025-12-15 15:50:39,451 | ERROR |PLACER failed for EH29_Vinyl_propionate_0_chai: Traceback (most recent call last):
  File "/nvme2/helen/EnzymeStructuralFiltering/filterzyme/PLACER/run_PLACER.py", line 282, in <module>
    main(args)
  File "/nvme2/helen/EnzymeStructuralFiltering/filterzyme/PLACER/run_PLACER.py", line 196, in main
    outputs = placer.run(placer_input_iter, args.nsamples)
  File "/nvme2/helen/EnzymeStructuralFiltering/filterzyme/PLACER/PLACER.py", line 405, in run
    Xs,Ds,plDDTs,pDEVs = self.net()(**{k:item[k] for k in input_keys}, recycles=recycles, save_recycling_data=save_recycling_data)
  File "/home/helen/miniconda3/envs/placer_env/lib/python3.10/site-packages/torch/nn/modules/module.py", line 1532, in _wrapped_call_impl
    return self._call_impl(*args, **kwargs)
  File "/home/helen/miniconda3/envs/placer_env/lib/python3.10/site-packages/torch/nn/modules/module.py", line 1541, in _call_impl
    return forward_call(*args, **kwargs)
  File "/nvme2/helen/EnzymeStructuralFiltering/filterzyme/PLACER/modules/model.py", line 281, in forward
    single = self.init_single(f1d)
  File "/home/helen/miniconda3/envs/placer_env/lib/python3.10/site-packages/torch/nn/modules/module.py", line 1532, in _wrapped_call_impl
    return self._call_impl(*args, **kwargs)
  File "/home/helen/miniconda3/envs/placer_env/lib/python3.10/site-packages/torch/nn/modules/module.py", line 1541, in _call_impl
    return forward_call(*args, **kwargs)
  File "/nvme2/helen/EnzymeStructuralFiltering/filterzyme/PLACER/modules/model.py", line 155, in forward
    return self.net(f1d)
  File "/home/helen/miniconda3/envs/placer_env/lib/python3.10/site-packages/torch/nn/modules/module.py", line 1532, in _wrapped_call_impl
    return self._call_impl(*args, **kwargs)
  File "/home/helen/miniconda3/envs/placer_env/lib/python3.10/site-packages/torch/nn/modules/module.py", line 1541, in _call_impl
    return forward_call(*args, **kwargs)
  File "/home/helen/miniconda3/envs/placer_env/lib/python3.10/site-packages/torch/nn/modules/container.py", line 217, in forward
    input = module(input)
  File "/home/helen/miniconda3/envs/placer_env/lib/python3.10/site-packages/torch/nn/modules/module.py", line 1532, in _wrapped_call_impl
    return self._call_impl(*args, **kwargs)
  File "/home/helen/miniconda3/envs/placer_env/lib/python3.10/site-packages/torch/nn/modules/module.py", line 1541, in _call_impl
    return forward_call(*args, **kwargs)
  File "/home/helen/miniconda3/envs/placer_env/lib/python3.10/site-packages/torch/nn/modules/linear.py", line 116, in forward
    return F.linear(input, self.weight, self.bias)
RuntimeError: CUDA error: CUBLAS_STATUS_NOT_INITIALIZED when calling `cublasCreate(handle)`

2025-12-15 15:50:39,455 | INFO |Entry EH2_1_Napthyl_acetate_0_chai: Single ligand detected. Running standard mode...
2025-12-15 15:51:00,306 | ERROR |PLACER failed for EH2_1_Napthyl_acetate_0_chai: Traceback (most recent call last):
  File "/nvme2/helen/EnzymeStructuralFiltering/filterzyme/PLACER/run_PLACER.py", line 282, in <module>
    main(args)
  File "/nvme2/helen/EnzymeStructuralFiltering/filterzyme/PLACER/run_PLACER.py", line 196, in main
    outputs = placer.run(placer_input_iter, args.nsamples)
  File "/nvme2/helen/EnzymeStructuralFiltering/filterzyme/PLACER/PLACER.py", line 405, in run
    Xs,Ds,plDDTs,pDEVs = self.net()(**{k:item[k] for k in input_keys}, recycles=recycles, save_recycling_data=save_recycling_data)
  File "/home/helen/miniconda3/envs/placer_env/lib/python3.10/site-packages/torch/nn/modules/module.py", line 1532, in _wrapped_call_impl
    return self._call_impl(*args, **kwargs)
  File "/home/helen/miniconda3/envs/placer_env/lib/python3.10/site-packages/torch/nn/modules/module.py", line 1541, in _call_impl
    return forward_call(*args, **kwargs)
  File "/nvme2/helen/EnzymeStructuralFiltering/filterzyme/PLACER/modules/model.py", line 281, in forward
    single = self.init_single(f1d)
  File "/home/helen/miniconda3/envs/placer_env/lib/python3.10/site-packages/torch/nn/modules/module.py", line 1532, in _wrapped_call_impl
    return self._call_impl(*args, **kwargs)
  File "/home/helen/miniconda3/envs/placer_env/lib/python3.10/site-packages/torch/nn/modules/module.py", line 1541, in _call_impl
    return forward_call(*args, **kwargs)
  File "/nvme2/helen/EnzymeStructuralFiltering/filterzyme/PLACER/modules/model.py", line 155, in forward
    return self.net(f1d)
  File "/home/helen/miniconda3/envs/placer_env/lib/python3.10/site-packages/torch/nn/modules/module.py", line 1532, in _wrapped_call_impl
    return self._call_impl(*args, **kwargs)
  File "/home/helen/miniconda3/envs/placer_env/lib/python3.10/site-packages/torch/nn/modules/module.py", line 1541, in _call_impl
    return forward_call(*args, **kwargs)
  File "/home/helen/miniconda3/envs/placer_env/lib/python3.10/site-packages/torch/nn/modules/container.py", line 217, in forward
    input = module(input)
  File "/home/helen/miniconda3/envs/placer_env/lib/python3.10/site-packages/torch/nn/modules/module.py", line 1532, in _wrapped_call_impl
    return self._call_impl(*args, **kwargs)
  File "/home/helen/miniconda3/envs/placer_env/lib/python3.10/site-packages/torch/nn/modules/module.py", line 1541, in _call_impl
    return forward_call(*args, **kwargs)
  File "/home/helen/miniconda3/envs/placer_env/lib/python3.10/site-packages/torch/nn/modules/linear.py", line 116, in forward
    return F.linear(input, self.weight, self.bias)
RuntimeError: CUDA error: CUBLAS_STATUS_NOT_INITIALIZED when calling `cublasCreate(handle)`

2025-12-15 15:51:00,308 | INFO |Entry EH2_Ethyl_3_oxohexanoate_0_chai: Single ligand detected. Running standard mode...
2025-12-15 15:53:23,484 | INFO |Entry EH2_Geranyl_acetate_0_chai: Single ligand detected. Running standard mode...
2025-12-15 15:53:43,599 | ERROR |CUDA OOM on EH2_Geranyl_acetate_0_chai.
2025-12-15 15:53:43,604 | INFO |Entry EH2_L_Pantolactone_0_chai: Single ligand detected. Running standard mode...
2025-12-15 15:54:04,364 | ERROR |PLACER failed for EH2_L_Pantolactone_0_chai: Traceback (most recent call last):
  File "/nvme2/helen/EnzymeStructuralFiltering/filterzyme/PLACER/run_PLACER.py", line 282, in <module>
    main(args)
  File "/nvme2/helen/EnzymeStructuralFiltering/filterzyme/PLACER/run_PLACER.py", line 196, in main
    outputs = placer.run(placer_input_iter, args.nsamples)
  File "/nvme2/helen/EnzymeStructuralFiltering/filterzyme/PLACER/PLACER.py", line 405, in run
    Xs,Ds,plDDTs,pDEVs = self.net()(**{k:item[k] for k in input_keys}, recycles=recycles, save_recycling_data=save_recycling_data)
  File "/home/helen/miniconda3/envs/placer_env/lib/python3.10/site-packages/torch/nn/modules/module.py", line 1532, in _wrapped_call_impl
    return self._call_impl(*args, **kwargs)
  File "/home/helen/miniconda3/envs/placer_env/lib/python3.10/site-packages/torch/nn/modules/module.py", line 1541, in _call_impl
    return forward_call(*args, **kwargs)
  File "/nvme2/helen/EnzymeStructuralFiltering/filterzyme/PLACER/modules/model.py", line 281, in forward
    single = self.init_single(f1d)
  File "/home/helen/miniconda3/envs/placer_env/lib/python3.10/site-packages/torch/nn/modules/module.py", line 1532, in _wrapped_call_impl
    return self._call_impl(*args, **kwargs)
  File "/home/helen/miniconda3/envs/placer_env/lib/python3.10/site-packages/torch/nn/modules/module.py", line 1541, in _call_impl
    return forward_call(*args, **kwargs)
  File "/nvme2/helen/EnzymeStructuralFiltering/filterzyme/PLACER/modules/model.py", line 155, in forward
    return self.net(f1d)
  File "/home/helen/miniconda3/envs/placer_env/lib/python3.10/site-packages/torch/nn/modules/module.py", line 1532, in _wrapped_call_impl
    return self._call_impl(*args, **kwargs)
  File "/home/helen/miniconda3/envs/placer_env/lib/python3.10/site-packages/torch/nn/modules/module.py", line 1541, in _call_impl
    return forward_call(*args, **kwargs)
  File "/home/helen/miniconda3/envs/placer_env/lib/python3.10/site-packages/torch/nn/modules/container.py", line 217, in forward
    input = module(input)
  File "/home/helen/miniconda3/envs/placer_env/lib/python3.10/site-packages/torch/nn/modules/module.py", line 1532, in _wrapped_call_impl
    return self._call_impl(*args, **kwargs)
  File "/home/helen/miniconda3/envs/placer_env/lib/python3.10/site-packages/torch/nn/modules/module.py", line 1541, in _call_impl
    return forward_call(*args, **kwargs)
  File "/home/helen/miniconda3/envs/placer_env/lib/python3.10/site-packages/torch/nn/modules/linear.py", line 116, in forward
    return F.linear(input, self.weight, self.bias)
RuntimeError: CUDA error: CUBLAS_STATUS_NOT_INITIALIZED when calling `cublasCreate(handle)`

2025-12-15 15:54:04,367 | INFO |Entry EH2_Vinyl_propionate_0_chai: Single ligand detected. Running standard mode...
2025-12-15 15:54:24,560 | ERROR |PLACER failed for EH2_Vinyl_propionate_0_chai: Traceback (most recent call last):
  File "/nvme2/helen/EnzymeStructuralFiltering/filterzyme/PLACER/run_PLACER.py", line 282, in <module>
    main(args)
  File "/nvme2/helen/EnzymeStructuralFiltering/filterzyme/PLACER/run_PLACER.py", line 196, in main
    outputs = placer.run(placer_input_iter, args.nsamples)
  File "/nvme2/helen/EnzymeStructuralFiltering/filterzyme/PLACER/PLACER.py", line 405, in run
    Xs,Ds,plDDTs,pDEVs = self.net()(**{k:item[k] for k in input_keys}, recycles=recycles, save_recycling_data=save_recycling_data)
  File "/home/helen/miniconda3/envs/placer_env/lib/python3.10/site-packages/torch/nn/modules/module.py", line 1532, in _wrapped_call_impl
    return self._call_impl(*args, **kwargs)
  File "/home/helen/miniconda3/envs/placer_env/lib/python3.10/site-packages/torch/nn/modules/module.py", line 1541, in _call_impl
    return forward_call(*args, **kwargs)
  File "/nvme2/helen/EnzymeStructuralFiltering/filterzyme/PLACER/modules/model.py", line 281, in forward
    single = self.init_single(f1d)
  File "/home/helen/miniconda3/envs/placer_env/lib/python3.10/site-packages/torch/nn/modules/module.py", line 1532, in _wrapped_call_impl
    return self._call_impl(*args, **kwargs)
  File "/home/helen/miniconda3/envs/placer_env/lib/python3.10/site-packages/torch/nn/modules/module.py", line 1541, in _call_impl
    return forward_call(*args, **kwargs)
  File "/nvme2/helen/EnzymeStructuralFiltering/filterzyme/PLACER/modules/model.py", line 155, in forward
    return self.net(f1d)
  File "/home/helen/miniconda3/envs/placer_env/lib/python3.10/site-packages/torch/nn/modules/module.py", line 1532, in _wrapped_call_impl
    return self._call_impl(*args, **kwargs)
  File "/home/helen/miniconda3/envs/placer_env/lib/python3.10/site-packages/torch/nn/modules/module.py", line 1541, in _call_impl
    return forward_call(*args, **kwargs)
  File "/home/helen/miniconda3/envs/placer_env/lib/python3.10/site-packages/torch/nn/modules/container.py", line 217, in forward
    input = module(input)
  File "/home/helen/miniconda3/envs/placer_env/lib/python3.10/site-packages/torch/nn/modules/module.py", line 1532, in _wrapped_call_impl
    return self._call_impl(*args, **kwargs)
  File "/home/helen/miniconda3/envs/placer_env/lib/python3.10/site-packages/torch/nn/modules/module.py", line 1541, in _call_impl
    return forward_call(*args, **kwargs)
  File "/home/helen/miniconda3/envs/placer_env/lib/python3.10/site-packages/torch/nn/modules/linear.py", line 116, in forward
    return F.linear(input, self.weight, self.bias)
RuntimeError: CUDA error: CUBLAS_STATUS_NOT_INITIALIZED when calling `cublasCreate(handle)`

2025-12-15 15:54:24,562 | INFO |Entry EH30_1_Napthyl_acetate_0_chai: Single ligand detected. Running standard mode...
2025-12-15 15:54:45,098 | ERROR |PLACER failed for EH30_1_Napthyl_acetate_0_chai: Traceback (most recent call last):
  File "/nvme2/helen/EnzymeStructuralFiltering/filterzyme/PLACER/run_PLACER.py", line 282, in <module>
    main(args)
  File "/nvme2/helen/EnzymeStructuralFiltering/filterzyme/PLACER/run_PLACER.py", line 196, in main
    outputs = placer.run(placer_input_iter, args.nsamples)
  File "/nvme2/helen/EnzymeStructuralFiltering/filterzyme/PLACER/PLACER.py", line 405, in run
    Xs,Ds,plDDTs,pDEVs = self.net()(**{k:item[k] for k in input_keys}, recycles=recycles, save_recycling_data=save_recycling_data)
  File "/home/helen/miniconda3/envs/placer_env/lib/python3.10/site-packages/torch/nn/modules/module.py", line 1532, in _wrapped_call_impl
    return self._call_impl(*args, **kwargs)
  File "/home/helen/miniconda3/envs/placer_env/lib/python3.10/site-packages/torch/nn/modules/module.py", line 1541, in _call_impl
    return forward_call(*args, **kwargs)
  File "/nvme2/helen/EnzymeStructuralFiltering/filterzyme/PLACER/modules/model.py", line 281, in forward
    single = self.init_single(f1d)
  File "/home/helen/miniconda3/envs/placer_env/lib/python3.10/site-packages/torch/nn/modules/module.py", line 1532, in _wrapped_call_impl
    return self._call_impl(*args, **kwargs)
  File "/home/helen/miniconda3/envs/placer_env/lib/python3.10/site-packages/torch/nn/modules/module.py", line 1541, in _call_impl
    return forward_call(*args, **kwargs)
  File "/nvme2/helen/EnzymeStructuralFiltering/filterzyme/PLACER/modules/model.py", line 155, in forward
    return self.net(f1d)
  File "/home/helen/miniconda3/envs/placer_env/lib/python3.10/site-packages/torch/nn/modules/module.py", line 1532, in _wrapped_call_impl
    return self._call_impl(*args, **kwargs)
  File "/home/helen/miniconda3/envs/placer_env/lib/python3.10/site-packages/torch/nn/modules/module.py", line 1541, in _call_impl
    return forward_call(*args, **kwargs)
  File "/home/helen/miniconda3/envs/placer_env/lib/python3.10/site-packages/torch/nn/modules/container.py", line 217, in forward
    input = module(input)
  File "/home/helen/miniconda3/envs/placer_env/lib/python3.10/site-packages/torch/nn/modules/module.py", line 1532, in _wrapped_call_impl
    return self._call_impl(*args, **kwargs)
  File "/home/helen/miniconda3/envs/placer_env/lib/python3.10/site-packages/torch/nn/modules/module.py", line 1541, in _call_impl
    return forward_call(*args, **kwargs)
  File "/home/helen/miniconda3/envs/placer_env/lib/python3.10/site-packages/torch/nn/modules/linear.py", line 116, in forward
    return F.linear(input, self.weight, self.bias)
RuntimeError: CUDA error: CUBLAS_STATUS_NOT_INITIALIZED when calling `cublasCreate(handle)`

2025-12-15 15:54:45,101 | INFO |Entry EH30_Ethyl_3_oxohexanoate_0_chai: Single ligand detected. Running standard mode...
2025-12-15 15:55:05,237 | ERROR |PLACER failed for EH30_Ethyl_3_oxohexanoate_0_chai: Traceback (most recent call last):
  File "/nvme2/helen/EnzymeStructuralFiltering/filterzyme/PLACER/run_PLACER.py", line 282, in <module>
    main(args)
  File "/nvme2/helen/EnzymeStructuralFiltering/filterzyme/PLACER/run_PLACER.py", line 196, in main
    outputs = placer.run(placer_input_iter, args.nsamples)
  File "/nvme2/helen/EnzymeStructuralFiltering/filterzyme/PLACER/PLACER.py", line 405, in run
    Xs,Ds,plDDTs,pDEVs = self.net()(**{k:item[k] for k in input_keys}, recycles=recycles, save_recycling_data=save_recycling_data)
  File "/home/helen/miniconda3/envs/placer_env/lib/python3.10/site-packages/torch/nn/modules/module.py", line 1532, in _wrapped_call_impl
    return self._call_impl(*args, **kwargs)
  File "/home/helen/miniconda3/envs/placer_env/lib/python3.10/site-packages/torch/nn/modules/module.py", line 1541, in _call_impl
    return forward_call(*args, **kwargs)
  File "/nvme2/helen/EnzymeStructuralFiltering/filterzyme/PLACER/modules/model.py", line 281, in forward
    single = self.init_single(f1d)
  File "/home/helen/miniconda3/envs/placer_env/lib/python3.10/site-packages/torch/nn/modules/module.py", line 1532, in _wrapped_call_impl
    return self._call_impl(*args, **kwargs)
  File "/home/helen/miniconda3/envs/placer_env/lib/python3.10/site-packages/torch/nn/modules/module.py", line 1541, in _call_impl
    return forward_call(*args, **kwargs)
  File "/nvme2/helen/EnzymeStructuralFiltering/filterzyme/PLACER/modules/model.py", line 155, in forward
    return self.net(f1d)
  File "/home/helen/miniconda3/envs/placer_env/lib/python3.10/site-packages/torch/nn/modules/module.py", line 1532, in _wrapped_call_impl
    return self._call_impl(*args, **kwargs)
  File "/home/helen/miniconda3/envs/placer_env/lib/python3.10/site-packages/torch/nn/modules/module.py", line 1541, in _call_impl
    return forward_call(*args, **kwargs)
  File "/home/helen/miniconda3/envs/placer_env/lib/python3.10/site-packages/torch/nn/modules/container.py", line 217, in forward
    input = module(input)
  File "/home/helen/miniconda3/envs/placer_env/lib/python3.10/site-packages/torch/nn/modules/module.py", line 1532, in _wrapped_call_impl
    return self._call_impl(*args, **kwargs)
  File "/home/helen/miniconda3/envs/placer_env/lib/python3.10/site-packages/torch/nn/modules/module.py", line 1541, in _call_impl
    return forward_call(*args, **kwargs)
  File "/home/helen/miniconda3/envs/placer_env/lib/python3.10/site-packages/torch/nn/modules/linear.py", line 116, in forward
    return F.linear(input, self.weight, self.bias)
RuntimeError: CUDA error: CUBLAS_STATUS_NOT_INITIALIZED when calling `cublasCreate(handle)`

2025-12-15 15:55:05,239 | INFO |Entry EH30_Geranyl_acetate_0_chai: Single ligand detected. Running standard mode...
2025-12-15 15:55:24,575 | ERROR |PLACER failed for EH30_Geranyl_acetate_0_chai: Traceback (most recent call last):
  File "/nvme2/helen/EnzymeStructuralFiltering/filterzyme/PLACER/run_PLACER.py", line 282, in <module>
    main(args)
  File "/nvme2/helen/EnzymeStructuralFiltering/filterzyme/PLACER/run_PLACER.py", line 196, in main
    outputs = placer.run(placer_input_iter, args.nsamples)
  File "/nvme2/helen/EnzymeStructuralFiltering/filterzyme/PLACER/PLACER.py", line 405, in run
    Xs,Ds,plDDTs,pDEVs = self.net()(**{k:item[k] for k in input_keys}, recycles=recycles, save_recycling_data=save_recycling_data)
  File "/home/helen/miniconda3/envs/placer_env/lib/python3.10/site-packages/torch/nn/modules/module.py", line 1532, in _wrapped_call_impl
    return self._call_impl(*args, **kwargs)
  File "/home/helen/miniconda3/envs/placer_env/lib/python3.10/site-packages/torch/nn/modules/module.py", line 1541, in _call_impl
    return forward_call(*args, **kwargs)
  File "/nvme2/helen/EnzymeStructuralFiltering/filterzyme/PLACER/modules/model.py", line 281, in forward
    single = self.init_single(f1d)
  File "/home/helen/miniconda3/envs/placer_env/lib/python3.10/site-packages/torch/nn/modules/module.py", line 1532, in _wrapped_call_impl
    return self._call_impl(*args, **kwargs)
  File "/home/helen/miniconda3/envs/placer_env/lib/python3.10/site-packages/torch/nn/modules/module.py", line 1541, in _call_impl
    return forward_call(*args, **kwargs)
  File "/nvme2/helen/EnzymeStructuralFiltering/filterzyme/PLACER/modules/model.py", line 155, in forward
    return self.net(f1d)
  File "/home/helen/miniconda3/envs/placer_env/lib/python3.10/site-packages/torch/nn/modules/module.py", line 1532, in _wrapped_call_impl
    return self._call_impl(*args, **kwargs)
  File "/home/helen/miniconda3/envs/placer_env/lib/python3.10/site-packages/torch/nn/modules/module.py", line 1541, in _call_impl
    return forward_call(*args, **kwargs)
  File "/home/helen/miniconda3/envs/placer_env/lib/python3.10/site-packages/torch/nn/modules/container.py", line 217, in forward
    input = module(input)
  File "/home/helen/miniconda3/envs/placer_env/lib/python3.10/site-packages/torch/nn/modules/module.py", line 1532, in _wrapped_call_impl
    return self._call_impl(*args, **kwargs)
  File "/home/helen/miniconda3/envs/placer_env/lib/python3.10/site-packages/torch/nn/modules/module.py", line 1541, in _call_impl
    return forward_call(*args, **kwargs)
  File "/home/helen/miniconda3/envs/placer_env/lib/python3.10/site-packages/torch/nn/modules/linear.py", line 116, in forward
    return F.linear(input, self.weight, self.bias)
RuntimeError: CUDA error: CUBLAS_STATUS_NOT_INITIALIZED when calling `cublasCreate(handle)`

2025-12-15 15:55:24,579 | INFO |Entry EH30_L_Pantolactone_0_chai: Single ligand detected. Running standard mode...
2025-12-15 15:55:45,926 | ERROR |PLACER failed for EH30_L_Pantolactone_0_chai: Traceback (most recent call last):
  File "/nvme2/helen/EnzymeStructuralFiltering/filterzyme/PLACER/run_PLACER.py", line 282, in <module>
    main(args)
  File "/nvme2/helen/EnzymeStructuralFiltering/filterzyme/PLACER/run_PLACER.py", line 196, in main
    outputs = placer.run(placer_input_iter, args.nsamples)
  File "/nvme2/helen/EnzymeStructuralFiltering/filterzyme/PLACER/PLACER.py", line 405, in run
    Xs,Ds,plDDTs,pDEVs = self.net()(**{k:item[k] for k in input_keys}, recycles=recycles, save_recycling_data=save_recycling_data)
  File "/home/helen/miniconda3/envs/placer_env/lib/python3.10/site-packages/torch/nn/modules/module.py", line 1532, in _wrapped_call_impl
    return self._call_impl(*args, **kwargs)
  File "/home/helen/miniconda3/envs/placer_env/lib/python3.10/site-packages/torch/nn/modules/module.py", line 1541, in _call_impl
    return forward_call(*args, **kwargs)
  File "/nvme2/helen/EnzymeStructuralFiltering/filterzyme/PLACER/modules/model.py", line 281, in forward
    single = self.init_single(f1d)
  File "/home/helen/miniconda3/envs/placer_env/lib/python3.10/site-packages/torch/nn/modules/module.py", line 1532, in _wrapped_call_impl
    return self._call_impl(*args, **kwargs)
  File "/home/helen/miniconda3/envs/placer_env/lib/python3.10/site-packages/torch/nn/modules/module.py", line 1541, in _call_impl
    return forward_call(*args, **kwargs)
  File "/nvme2/helen/EnzymeStructuralFiltering/filterzyme/PLACER/modules/model.py", line 155, in forward
    return self.net(f1d)
  File "/home/helen/miniconda3/envs/placer_env/lib/python3.10/site-packages/torch/nn/modules/module.py", line 1532, in _wrapped_call_impl
    return self._call_impl(*args, **kwargs)
  File "/home/helen/miniconda3/envs/placer_env/lib/python3.10/site-packages/torch/nn/modules/module.py", line 1541, in _call_impl
    return forward_call(*args, **kwargs)
  File "/home/helen/miniconda3/envs/placer_env/lib/python3.10/site-packages/torch/nn/modules/container.py", line 217, in forward
    input = module(input)
  File "/home/helen/miniconda3/envs/placer_env/lib/python3.10/site-packages/torch/nn/modules/module.py", line 1532, in _wrapped_call_impl
    return self._call_impl(*args, **kwargs)
  File "/home/helen/miniconda3/envs/placer_env/lib/python3.10/site-packages/torch/nn/modules/module.py", line 1541, in _call_impl
    return forward_call(*args, **kwargs)
  File "/home/helen/miniconda3/envs/placer_env/lib/python3.10/site-packages/torch/nn/modules/linear.py", line 116, in forward
    return F.linear(input, self.weight, self.bias)
RuntimeError: CUDA error: CUBLAS_STATUS_NOT_INITIALIZED when calling `cublasCreate(handle)`

2025-12-15 15:55:45,930 | INFO |Entry EH30_Vinyl_propionate_0_chai: Single ligand detected. Running standard mode...
2025-12-15 15:56:04,971 | ERROR |PLACER failed for EH30_Vinyl_propionate_0_chai: Traceback (most recent call last):
  File "/nvme2/helen/EnzymeStructuralFiltering/filterzyme/PLACER/run_PLACER.py", line 282, in <module>
    main(args)
  File "/nvme2/helen/EnzymeStructuralFiltering/filterzyme/PLACER/run_PLACER.py", line 196, in main
    outputs = placer.run(placer_input_iter, args.nsamples)
  File "/nvme2/helen/EnzymeStructuralFiltering/filterzyme/PLACER/PLACER.py", line 405, in run
    Xs,Ds,plDDTs,pDEVs = self.net()(**{k:item[k] for k in input_keys}, recycles=recycles, save_recycling_data=save_recycling_data)
  File "/home/helen/miniconda3/envs/placer_env/lib/python3.10/site-packages/torch/nn/modules/module.py", line 1532, in _wrapped_call_impl
    return self._call_impl(*args, **kwargs)
  File "/home/helen/miniconda3/envs/placer_env/lib/python3.10/site-packages/torch/nn/modules/module.py", line 1541, in _call_impl
    return forward_call(*args, **kwargs)
  File "/nvme2/helen/EnzymeStructuralFiltering/filterzyme/PLACER/modules/model.py", line 281, in forward
    single = self.init_single(f1d)
  File "/home/helen/miniconda3/envs/placer_env/lib/python3.10/site-packages/torch/nn/modules/module.py", line 1532, in _wrapped_call_impl
    return self._call_impl(*args, **kwargs)
  File "/home/helen/miniconda3/envs/placer_env/lib/python3.10/site-packages/torch/nn/modules/module.py", line 1541, in _call_impl
    return forward_call(*args, **kwargs)
  File "/nvme2/helen/EnzymeStructuralFiltering/filterzyme/PLACER/modules/model.py", line 155, in forward
    return self.net(f1d)
  File "/home/helen/miniconda3/envs/placer_env/lib/python3.10/site-packages/torch/nn/modules/module.py", line 1532, in _wrapped_call_impl
    return self._call_impl(*args, **kwargs)
  File "/home/helen/miniconda3/envs/placer_env/lib/python3.10/site-packages/torch/nn/modules/module.py", line 1541, in _call_impl
    return forward_call(*args, **kwargs)
  File "/home/helen/miniconda3/envs/placer_env/lib/python3.10/site-packages/torch/nn/modules/container.py", line 217, in forward
    input = module(input)
  File "/home/helen/miniconda3/envs/placer_env/lib/python3.10/site-packages/torch/nn/modules/module.py", line 1532, in _wrapped_call_impl
    return self._call_impl(*args, **kwargs)
  File "/home/helen/miniconda3/envs/placer_env/lib/python3.10/site-packages/torch/nn/modules/module.py", line 1541, in _call_impl
    return forward_call(*args, **kwargs)
  File "/home/helen/miniconda3/envs/placer_env/lib/python3.10/site-packages/torch/nn/modules/linear.py", line 116, in forward
    return F.linear(input, self.weight, self.bias)
RuntimeError: CUDA error: CUBLAS_STATUS_NOT_INITIALIZED when calling `cublasCreate(handle)`

2025-12-15 15:56:04,974 | INFO |Entry EH31_1_Napthyl_acetate_0_chai: Single ligand detected. Running standard mode...
2025-12-15 15:56:25,222 | ERROR |PLACER failed for EH31_1_Napthyl_acetate_0_chai: Traceback (most recent call last):
  File "/nvme2/helen/EnzymeStructuralFiltering/filterzyme/PLACER/run_PLACER.py", line 282, in <module>
    main(args)
  File "/nvme2/helen/EnzymeStructuralFiltering/filterzyme/PLACER/run_PLACER.py", line 196, in main
    outputs = placer.run(placer_input_iter, args.nsamples)
  File "/nvme2/helen/EnzymeStructuralFiltering/filterzyme/PLACER/PLACER.py", line 405, in run
    Xs,Ds,plDDTs,pDEVs = self.net()(**{k:item[k] for k in input_keys}, recycles=recycles, save_recycling_data=save_recycling_data)
  File "/home/helen/miniconda3/envs/placer_env/lib/python3.10/site-packages/torch/nn/modules/module.py", line 1532, in _wrapped_call_impl
    return self._call_impl(*args, **kwargs)
  File "/home/helen/miniconda3/envs/placer_env/lib/python3.10/site-packages/torch/nn/modules/module.py", line 1541, in _call_impl
    return forward_call(*args, **kwargs)
  File "/nvme2/helen/EnzymeStructuralFiltering/filterzyme/PLACER/modules/model.py", line 281, in forward
    single = self.init_single(f1d)
  File "/home/helen/miniconda3/envs/placer_env/lib/python3.10/site-packages/torch/nn/modules/module.py", line 1532, in _wrapped_call_impl
    return self._call_impl(*args, **kwargs)
  File "/home/helen/miniconda3/envs/placer_env/lib/python3.10/site-packages/torch/nn/modules/module.py", line 1541, in _call_impl
    return forward_call(*args, **kwargs)
  File "/nvme2/helen/EnzymeStructuralFiltering/filterzyme/PLACER/modules/model.py", line 155, in forward
    return self.net(f1d)
  File "/home/helen/miniconda3/envs/placer_env/lib/python3.10/site-packages/torch/nn/modules/module.py", line 1532, in _wrapped_call_impl
    return self._call_impl(*args, **kwargs)
  File "/home/helen/miniconda3/envs/placer_env/lib/python3.10/site-packages/torch/nn/modules/module.py", line 1541, in _call_impl
    return forward_call(*args, **kwargs)
  File "/home/helen/miniconda3/envs/placer_env/lib/python3.10/site-packages/torch/nn/modules/container.py", line 217, in forward
    input = module(input)
  File "/home/helen/miniconda3/envs/placer_env/lib/python3.10/site-packages/torch/nn/modules/module.py", line 1532, in _wrapped_call_impl
    return self._call_impl(*args, **kwargs)
  File "/home/helen/miniconda3/envs/placer_env/lib/python3.10/site-packages/torch/nn/modules/module.py", line 1541, in _call_impl
    return forward_call(*args, **kwargs)
  File "/home/helen/miniconda3/envs/placer_env/lib/python3.10/site-packages/torch/nn/modules/linear.py", line 116, in forward
    return F.linear(input, self.weight, self.bias)
RuntimeError: CUDA error: CUBLAS_STATUS_NOT_INITIALIZED when calling `cublasCreate(handle)`

2025-12-15 15:56:25,226 | INFO |Entry EH31_Ethyl_3_oxohexanoate_0_chai: Single ligand detected. Running standard mode...
2025-12-15 15:59:37,956 | INFO |Entry EH31_Geranyl_acetate_0_chai: Single ligand detected. Running standard mode...
2025-12-15 16:02:42,553 | INFO |Entry EH31_L_Pantolactone_0_chai: Single ligand detected. Running standard mode...
2025-12-15 16:03:02,304 | ERROR |PLACER failed for EH31_L_Pantolactone_0_chai: Traceback (most recent call last):
  File "/nvme2/helen/EnzymeStructuralFiltering/filterzyme/PLACER/run_PLACER.py", line 282, in <module>
    main(args)
  File "/nvme2/helen/EnzymeStructuralFiltering/filterzyme/PLACER/run_PLACER.py", line 196, in main
    outputs = placer.run(placer_input_iter, args.nsamples)
  File "/nvme2/helen/EnzymeStructuralFiltering/filterzyme/PLACER/PLACER.py", line 405, in run
    Xs,Ds,plDDTs,pDEVs = self.net()(**{k:item[k] for k in input_keys}, recycles=recycles, save_recycling_data=save_recycling_data)
  File "/home/helen/miniconda3/envs/placer_env/lib/python3.10/site-packages/torch/nn/modules/module.py", line 1532, in _wrapped_call_impl
    return self._call_impl(*args, **kwargs)
  File "/home/helen/miniconda3/envs/placer_env/lib/python3.10/site-packages/torch/nn/modules/module.py", line 1541, in _call_impl
    return forward_call(*args, **kwargs)
  File "/nvme2/helen/EnzymeStructuralFiltering/filterzyme/PLACER/modules/model.py", line 281, in forward
    single = self.init_single(f1d)
  File "/home/helen/miniconda3/envs/placer_env/lib/python3.10/site-packages/torch/nn/modules/module.py", line 1532, in _wrapped_call_impl
    return self._call_impl(*args, **kwargs)
  File "/home/helen/miniconda3/envs/placer_env/lib/python3.10/site-packages/torch/nn/modules/module.py", line 1541, in _call_impl
    return forward_call(*args, **kwargs)
  File "/nvme2/helen/EnzymeStructuralFiltering/filterzyme/PLACER/modules/model.py", line 155, in forward
    return self.net(f1d)
  File "/home/helen/miniconda3/envs/placer_env/lib/python3.10/site-packages/torch/nn/modules/module.py", line 1532, in _wrapped_call_impl
    return self._call_impl(*args, **kwargs)
  File "/home/helen/miniconda3/envs/placer_env/lib/python3.10/site-packages/torch/nn/modules/module.py", line 1541, in _call_impl
    return forward_call(*args, **kwargs)
  File "/home/helen/miniconda3/envs/placer_env/lib/python3.10/site-packages/torch/nn/modules/container.py", line 217, in forward
    input = module(input)
  File "/home/helen/miniconda3/envs/placer_env/lib/python3.10/site-packages/torch/nn/modules/module.py", line 1532, in _wrapped_call_impl
    return self._call_impl(*args, **kwargs)
  File "/home/helen/miniconda3/envs/placer_env/lib/python3.10/site-packages/torch/nn/modules/module.py", line 1541, in _call_impl
    return forward_call(*args, **kwargs)
  File "/home/helen/miniconda3/envs/placer_env/lib/python3.10/site-packages/torch/nn/modules/linear.py", line 116, in forward
    return F.linear(input, self.weight, self.bias)
RuntimeError: CUDA error: CUBLAS_STATUS_NOT_INITIALIZED when calling `cublasCreate(handle)`

2025-12-15 16:03:02,307 | INFO |Entry EH31_Vinyl_propionate_0_chai: Single ligand detected. Running standard mode...
2025-12-15 16:03:24,072 | ERROR |PLACER failed for EH31_Vinyl_propionate_0_chai: Traceback (most recent call last):
  File "/nvme2/helen/EnzymeStructuralFiltering/filterzyme/PLACER/run_PLACER.py", line 282, in <module>
    main(args)
  File "/nvme2/helen/EnzymeStructuralFiltering/filterzyme/PLACER/run_PLACER.py", line 196, in main
    outputs = placer.run(placer_input_iter, args.nsamples)
  File "/nvme2/helen/EnzymeStructuralFiltering/filterzyme/PLACER/PLACER.py", line 405, in run
    Xs,Ds,plDDTs,pDEVs = self.net()(**{k:item[k] for k in input_keys}, recycles=recycles, save_recycling_data=save_recycling_data)
  File "/home/helen/miniconda3/envs/placer_env/lib/python3.10/site-packages/torch/nn/modules/module.py", line 1532, in _wrapped_call_impl
    return self._call_impl(*args, **kwargs)
  File "/home/helen/miniconda3/envs/placer_env/lib/python3.10/site-packages/torch/nn/modules/module.py", line 1541, in _call_impl
    return forward_call(*args, **kwargs)
  File "/nvme2/helen/EnzymeStructuralFiltering/filterzyme/PLACER/modules/model.py", line 281, in forward
    single = self.init_single(f1d)
  File "/home/helen/miniconda3/envs/placer_env/lib/python3.10/site-packages/torch/nn/modules/module.py", line 1532, in _wrapped_call_impl
    return self._call_impl(*args, **kwargs)
  File "/home/helen/miniconda3/envs/placer_env/lib/python3.10/site-packages/torch/nn/modules/module.py", line 1541, in _call_impl
    return forward_call(*args, **kwargs)
  File "/nvme2/helen/EnzymeStructuralFiltering/filterzyme/PLACER/modules/model.py", line 155, in forward
    return self.net(f1d)
  File "/home/helen/miniconda3/envs/placer_env/lib/python3.10/site-packages/torch/nn/modules/module.py", line 1532, in _wrapped_call_impl
    return self._call_impl(*args, **kwargs)
  File "/home/helen/miniconda3/envs/placer_env/lib/python3.10/site-packages/torch/nn/modules/module.py", line 1541, in _call_impl
    return forward_call(*args, **kwargs)
  File "/home/helen/miniconda3/envs/placer_env/lib/python3.10/site-packages/torch/nn/modules/container.py", line 217, in forward
    input = module(input)
  File "/home/helen/miniconda3/envs/placer_env/lib/python3.10/site-packages/torch/nn/modules/module.py", line 1532, in _wrapped_call_impl
    return self._call_impl(*args, **kwargs)
  File "/home/helen/miniconda3/envs/placer_env/lib/python3.10/site-packages/torch/nn/modules/module.py", line 1541, in _call_impl
    return forward_call(*args, **kwargs)
  File "/home/helen/miniconda3/envs/placer_env/lib/python3.10/site-packages/torch/nn/modules/linear.py", line 116, in forward
    return F.linear(input, self.weight, self.bias)
RuntimeError: CUDA error: CUBLAS_STATUS_NOT_INITIALIZED when calling `cublasCreate(handle)`

2025-12-15 16:03:24,076 | INFO |Entry EH32_1_Napthyl_acetate_0_chai: Single ligand detected. Running standard mode...
2025-12-15 16:06:31,845 | INFO |Entry EH32_Ethyl_3_oxohexanoate_0_chai: Single ligand detected. Running standard mode...
2025-12-15 16:06:50,204 | ERROR |PLACER failed for EH32_Ethyl_3_oxohexanoate_0_chai: Traceback (most recent call last):
  File "/nvme2/helen/EnzymeStructuralFiltering/filterzyme/PLACER/run_PLACER.py", line 282, in <module>
    main(args)
  File "/nvme2/helen/EnzymeStructuralFiltering/filterzyme/PLACER/run_PLACER.py", line 196, in main
    outputs = placer.run(placer_input_iter, args.nsamples)
  File "/nvme2/helen/EnzymeStructuralFiltering/filterzyme/PLACER/PLACER.py", line 405, in run
    Xs,Ds,plDDTs,pDEVs = self.net()(**{k:item[k] for k in input_keys}, recycles=recycles, save_recycling_data=save_recycling_data)
  File "/home/helen/miniconda3/envs/placer_env/lib/python3.10/site-packages/torch/nn/modules/module.py", line 1532, in _wrapped_call_impl
    return self._call_impl(*args, **kwargs)
  File "/home/helen/miniconda3/envs/placer_env/lib/python3.10/site-packages/torch/nn/modules/module.py", line 1541, in _call_impl
    return forward_call(*args, **kwargs)
  File "/nvme2/helen/EnzymeStructuralFiltering/filterzyme/PLACER/modules/model.py", line 281, in forward
    single = self.init_single(f1d)
  File "/home/helen/miniconda3/envs/placer_env/lib/python3.10/site-packages/torch/nn/modules/module.py", line 1532, in _wrapped_call_impl
    return self._call_impl(*args, **kwargs)
  File "/home/helen/miniconda3/envs/placer_env/lib/python3.10/site-packages/torch/nn/modules/module.py", line 1541, in _call_impl
    return forward_call(*args, **kwargs)
  File "/nvme2/helen/EnzymeStructuralFiltering/filterzyme/PLACER/modules/model.py", line 155, in forward
    return self.net(f1d)
  File "/home/helen/miniconda3/envs/placer_env/lib/python3.10/site-packages/torch/nn/modules/module.py", line 1532, in _wrapped_call_impl
    return self._call_impl(*args, **kwargs)
  File "/home/helen/miniconda3/envs/placer_env/lib/python3.10/site-packages/torch/nn/modules/module.py", line 1541, in _call_impl
    return forward_call(*args, **kwargs)
  File "/home/helen/miniconda3/envs/placer_env/lib/python3.10/site-packages/torch/nn/modules/container.py", line 217, in forward
    input = module(input)
  File "/home/helen/miniconda3/envs/placer_env/lib/python3.10/site-packages/torch/nn/modules/module.py", line 1532, in _wrapped_call_impl
    return self._call_impl(*args, **kwargs)
  File "/home/helen/miniconda3/envs/placer_env/lib/python3.10/site-packages/torch/nn/modules/module.py", line 1541, in _call_impl
    return forward_call(*args, **kwargs)
  File "/home/helen/miniconda3/envs/placer_env/lib/python3.10/site-packages/torch/nn/modules/linear.py", line 116, in forward
    return F.linear(input, self.weight, self.bias)
RuntimeError: CUDA error: CUBLAS_STATUS_NOT_INITIALIZED when calling `cublasCreate(handle)`

2025-12-15 16:06:50,209 | INFO |Entry EH32_Geranyl_acetate_0_chai: Single ligand detected. Running standard mode...
2025-12-15 16:07:11,465 | ERROR |PLACER failed for EH32_Geranyl_acetate_0_chai: Traceback (most recent call last):
  File "/nvme2/helen/EnzymeStructuralFiltering/filterzyme/PLACER/run_PLACER.py", line 282, in <module>
    main(args)
  File "/nvme2/helen/EnzymeStructuralFiltering/filterzyme/PLACER/run_PLACER.py", line 196, in main
    outputs = placer.run(placer_input_iter, args.nsamples)
  File "/nvme2/helen/EnzymeStructuralFiltering/filterzyme/PLACER/PLACER.py", line 405, in run
    Xs,Ds,plDDTs,pDEVs = self.net()(**{k:item[k] for k in input_keys}, recycles=recycles, save_recycling_data=save_recycling_data)
  File "/home/helen/miniconda3/envs/placer_env/lib/python3.10/site-packages/torch/nn/modules/module.py", line 1532, in _wrapped_call_impl
    return self._call_impl(*args, **kwargs)
  File "/home/helen/miniconda3/envs/placer_env/lib/python3.10/site-packages/torch/nn/modules/module.py", line 1541, in _call_impl
    return forward_call(*args, **kwargs)
  File "/nvme2/helen/EnzymeStructuralFiltering/filterzyme/PLACER/modules/model.py", line 281, in forward
    single = self.init_single(f1d)
  File "/home/helen/miniconda3/envs/placer_env/lib/python3.10/site-packages/torch/nn/modules/module.py", line 1532, in _wrapped_call_impl
    return self._call_impl(*args, **kwargs)
  File "/home/helen/miniconda3/envs/placer_env/lib/python3.10/site-packages/torch/nn/modules/module.py", line 1541, in _call_impl
    return forward_call(*args, **kwargs)
  File "/nvme2/helen/EnzymeStructuralFiltering/filterzyme/PLACER/modules/model.py", line 155, in forward
    return self.net(f1d)
  File "/home/helen/miniconda3/envs/placer_env/lib/python3.10/site-packages/torch/nn/modules/module.py", line 1532, in _wrapped_call_impl
    return self._call_impl(*args, **kwargs)
  File "/home/helen/miniconda3/envs/placer_env/lib/python3.10/site-packages/torch/nn/modules/module.py", line 1541, in _call_impl
    return forward_call(*args, **kwargs)
  File "/home/helen/miniconda3/envs/placer_env/lib/python3.10/site-packages/torch/nn/modules/container.py", line 217, in forward
    input = module(input)
  File "/home/helen/miniconda3/envs/placer_env/lib/python3.10/site-packages/torch/nn/modules/module.py", line 1532, in _wrapped_call_impl
    return self._call_impl(*args, **kwargs)
  File "/home/helen/miniconda3/envs/placer_env/lib/python3.10/site-packages/torch/nn/modules/module.py", line 1541, in _call_impl
    return forward_call(*args, **kwargs)
  File "/home/helen/miniconda3/envs/placer_env/lib/python3.10/site-packages/torch/nn/modules/linear.py", line 116, in forward
    return F.linear(input, self.weight, self.bias)
RuntimeError: CUDA error: CUBLAS_STATUS_NOT_INITIALIZED when calling `cublasCreate(handle)`

2025-12-15 16:07:11,469 | INFO |Entry EH32_L_Pantolactone_0_chai: Single ligand detected. Running standard mode...
2025-12-15 16:07:32,956 | ERROR |PLACER failed for EH32_L_Pantolactone_0_chai: Traceback (most recent call last):
  File "/nvme2/helen/EnzymeStructuralFiltering/filterzyme/PLACER/run_PLACER.py", line 282, in <module>
    main(args)
  File "/nvme2/helen/EnzymeStructuralFiltering/filterzyme/PLACER/run_PLACER.py", line 196, in main
    outputs = placer.run(placer_input_iter, args.nsamples)
  File "/nvme2/helen/EnzymeStructuralFiltering/filterzyme/PLACER/PLACER.py", line 405, in run
    Xs,Ds,plDDTs,pDEVs = self.net()(**{k:item[k] for k in input_keys}, recycles=recycles, save_recycling_data=save_recycling_data)
  File "/home/helen/miniconda3/envs/placer_env/lib/python3.10/site-packages/torch/nn/modules/module.py", line 1532, in _wrapped_call_impl
    return self._call_impl(*args, **kwargs)
  File "/home/helen/miniconda3/envs/placer_env/lib/python3.10/site-packages/torch/nn/modules/module.py", line 1541, in _call_impl
    return forward_call(*args, **kwargs)
  File "/nvme2/helen/EnzymeStructuralFiltering/filterzyme/PLACER/modules/model.py", line 281, in forward
    single = self.init_single(f1d)
  File "/home/helen/miniconda3/envs/placer_env/lib/python3.10/site-packages/torch/nn/modules/module.py", line 1532, in _wrapped_call_impl
    return self._call_impl(*args, **kwargs)
  File "/home/helen/miniconda3/envs/placer_env/lib/python3.10/site-packages/torch/nn/modules/module.py", line 1541, in _call_impl
    return forward_call(*args, **kwargs)
  File "/nvme2/helen/EnzymeStructuralFiltering/filterzyme/PLACER/modules/model.py", line 155, in forward
    return self.net(f1d)
  File "/home/helen/miniconda3/envs/placer_env/lib/python3.10/site-packages/torch/nn/modules/module.py", line 1532, in _wrapped_call_impl
    return self._call_impl(*args, **kwargs)
  File "/home/helen/miniconda3/envs/placer_env/lib/python3.10/site-packages/torch/nn/modules/module.py", line 1541, in _call_impl
    return forward_call(*args, **kwargs)
  File "/home/helen/miniconda3/envs/placer_env/lib/python3.10/site-packages/torch/nn/modules/container.py", line 217, in forward
    input = module(input)
  File "/home/helen/miniconda3/envs/placer_env/lib/python3.10/site-packages/torch/nn/modules/module.py", line 1532, in _wrapped_call_impl
    return self._call_impl(*args, **kwargs)
  File "/home/helen/miniconda3/envs/placer_env/lib/python3.10/site-packages/torch/nn/modules/module.py", line 1541, in _call_impl
    return forward_call(*args, **kwargs)
  File "/home/helen/miniconda3/envs/placer_env/lib/python3.10/site-packages/torch/nn/modules/linear.py", line 116, in forward
    return F.linear(input, self.weight, self.bias)
RuntimeError: CUDA error: CUBLAS_STATUS_NOT_INITIALIZED when calling `cublasCreate(handle)`

2025-12-15 16:07:32,961 | INFO |Entry EH32_Vinyl_propionate_0_chai: Single ligand detected. Running standard mode...
2025-12-15 16:07:54,512 | ERROR |PLACER failed for EH32_Vinyl_propionate_0_chai: Traceback (most recent call last):
  File "/nvme2/helen/EnzymeStructuralFiltering/filterzyme/PLACER/run_PLACER.py", line 282, in <module>
    main(args)
  File "/nvme2/helen/EnzymeStructuralFiltering/filterzyme/PLACER/run_PLACER.py", line 196, in main
    outputs = placer.run(placer_input_iter, args.nsamples)
  File "/nvme2/helen/EnzymeStructuralFiltering/filterzyme/PLACER/PLACER.py", line 405, in run
    Xs,Ds,plDDTs,pDEVs = self.net()(**{k:item[k] for k in input_keys}, recycles=recycles, save_recycling_data=save_recycling_data)
  File "/home/helen/miniconda3/envs/placer_env/lib/python3.10/site-packages/torch/nn/modules/module.py", line 1532, in _wrapped_call_impl
    return self._call_impl(*args, **kwargs)
  File "/home/helen/miniconda3/envs/placer_env/lib/python3.10/site-packages/torch/nn/modules/module.py", line 1541, in _call_impl
    return forward_call(*args, **kwargs)
  File "/nvme2/helen/EnzymeStructuralFiltering/filterzyme/PLACER/modules/model.py", line 281, in forward
    single = self.init_single(f1d)
  File "/home/helen/miniconda3/envs/placer_env/lib/python3.10/site-packages/torch/nn/modules/module.py", line 1532, in _wrapped_call_impl
    return self._call_impl(*args, **kwargs)
  File "/home/helen/miniconda3/envs/placer_env/lib/python3.10/site-packages/torch/nn/modules/module.py", line 1541, in _call_impl
    return forward_call(*args, **kwargs)
  File "/nvme2/helen/EnzymeStructuralFiltering/filterzyme/PLACER/modules/model.py", line 155, in forward
    return self.net(f1d)
  File "/home/helen/miniconda3/envs/placer_env/lib/python3.10/site-packages/torch/nn/modules/module.py", line 1532, in _wrapped_call_impl
    return self._call_impl(*args, **kwargs)
  File "/home/helen/miniconda3/envs/placer_env/lib/python3.10/site-packages/torch/nn/modules/module.py", line 1541, in _call_impl
    return forward_call(*args, **kwargs)
  File "/home/helen/miniconda3/envs/placer_env/lib/python3.10/site-packages/torch/nn/modules/container.py", line 217, in forward
    input = module(input)
  File "/home/helen/miniconda3/envs/placer_env/lib/python3.10/site-packages/torch/nn/modules/module.py", line 1532, in _wrapped_call_impl
    return self._call_impl(*args, **kwargs)
  File "/home/helen/miniconda3/envs/placer_env/lib/python3.10/site-packages/torch/nn/modules/module.py", line 1541, in _call_impl
    return forward_call(*args, **kwargs)
  File "/home/helen/miniconda3/envs/placer_env/lib/python3.10/site-packages/torch/nn/modules/linear.py", line 116, in forward
    return F.linear(input, self.weight, self.bias)
RuntimeError: CUDA error: CUBLAS_STATUS_NOT_INITIALIZED when calling `cublasCreate(handle)`

2025-12-15 16:07:54,516 | INFO |Entry EH33_1_Napthyl_acetate_0_chai: Single ligand detected. Running standard mode...
2025-12-15 16:08:14,962 | ERROR |PLACER failed for EH33_1_Napthyl_acetate_0_chai: Traceback (most recent call last):
  File "/nvme2/helen/EnzymeStructuralFiltering/filterzyme/PLACER/run_PLACER.py", line 282, in <module>
    main(args)
  File "/nvme2/helen/EnzymeStructuralFiltering/filterzyme/PLACER/run_PLACER.py", line 196, in main
    outputs = placer.run(placer_input_iter, args.nsamples)
  File "/nvme2/helen/EnzymeStructuralFiltering/filterzyme/PLACER/PLACER.py", line 405, in run
    Xs,Ds,plDDTs,pDEVs = self.net()(**{k:item[k] for k in input_keys}, recycles=recycles, save_recycling_data=save_recycling_data)
  File "/home/helen/miniconda3/envs/placer_env/lib/python3.10/site-packages/torch/nn/modules/module.py", line 1532, in _wrapped_call_impl
    return self._call_impl(*args, **kwargs)
  File "/home/helen/miniconda3/envs/placer_env/lib/python3.10/site-packages/torch/nn/modules/module.py", line 1541, in _call_impl
    return forward_call(*args, **kwargs)
  File "/nvme2/helen/EnzymeStructuralFiltering/filterzyme/PLACER/modules/model.py", line 281, in forward
    single = self.init_single(f1d)
  File "/home/helen/miniconda3/envs/placer_env/lib/python3.10/site-packages/torch/nn/modules/module.py", line 1532, in _wrapped_call_impl
    return self._call_impl(*args, **kwargs)
  File "/home/helen/miniconda3/envs/placer_env/lib/python3.10/site-packages/torch/nn/modules/module.py", line 1541, in _call_impl
    return forward_call(*args, **kwargs)
  File "/nvme2/helen/EnzymeStructuralFiltering/filterzyme/PLACER/modules/model.py", line 155, in forward
    return self.net(f1d)
  File "/home/helen/miniconda3/envs/placer_env/lib/python3.10/site-packages/torch/nn/modules/module.py", line 1532, in _wrapped_call_impl
    return self._call_impl(*args, **kwargs)
  File "/home/helen/miniconda3/envs/placer_env/lib/python3.10/site-packages/torch/nn/modules/module.py", line 1541, in _call_impl
    return forward_call(*args, **kwargs)
  File "/home/helen/miniconda3/envs/placer_env/lib/python3.10/site-packages/torch/nn/modules/container.py", line 217, in forward
    input = module(input)
  File "/home/helen/miniconda3/envs/placer_env/lib/python3.10/site-packages/torch/nn/modules/module.py", line 1532, in _wrapped_call_impl
    return self._call_impl(*args, **kwargs)
  File "/home/helen/miniconda3/envs/placer_env/lib/python3.10/site-packages/torch/nn/modules/module.py", line 1541, in _call_impl
    return forward_call(*args, **kwargs)
  File "/home/helen/miniconda3/envs/placer_env/lib/python3.10/site-packages/torch/nn/modules/linear.py", line 116, in forward
    return F.linear(input, self.weight, self.bias)
RuntimeError: CUDA error: CUBLAS_STATUS_NOT_INITIALIZED when calling `cublasCreate(handle)`

2025-12-15 16:08:14,966 | INFO |Entry EH33_Ethyl_3_oxohexanoate_0_chai: Single ligand detected. Running standard mode...
2025-12-15 16:08:36,336 | ERROR |PLACER failed for EH33_Ethyl_3_oxohexanoate_0_chai: Traceback (most recent call last):
  File "/nvme2/helen/EnzymeStructuralFiltering/filterzyme/PLACER/run_PLACER.py", line 282, in <module>
    main(args)
  File "/nvme2/helen/EnzymeStructuralFiltering/filterzyme/PLACER/run_PLACER.py", line 196, in main
    outputs = placer.run(placer_input_iter, args.nsamples)
  File "/nvme2/helen/EnzymeStructuralFiltering/filterzyme/PLACER/PLACER.py", line 405, in run
    Xs,Ds,plDDTs,pDEVs = self.net()(**{k:item[k] for k in input_keys}, recycles=recycles, save_recycling_data=save_recycling_data)
  File "/home/helen/miniconda3/envs/placer_env/lib/python3.10/site-packages/torch/nn/modules/module.py", line 1532, in _wrapped_call_impl
    return self._call_impl(*args, **kwargs)
  File "/home/helen/miniconda3/envs/placer_env/lib/python3.10/site-packages/torch/nn/modules/module.py", line 1541, in _call_impl
    return forward_call(*args, **kwargs)
  File "/nvme2/helen/EnzymeStructuralFiltering/filterzyme/PLACER/modules/model.py", line 281, in forward
    single = self.init_single(f1d)
  File "/home/helen/miniconda3/envs/placer_env/lib/python3.10/site-packages/torch/nn/modules/module.py", line 1532, in _wrapped_call_impl
    return self._call_impl(*args, **kwargs)
  File "/home/helen/miniconda3/envs/placer_env/lib/python3.10/site-packages/torch/nn/modules/module.py", line 1541, in _call_impl
    return forward_call(*args, **kwargs)
  File "/nvme2/helen/EnzymeStructuralFiltering/filterzyme/PLACER/modules/model.py", line 155, in forward
    return self.net(f1d)
  File "/home/helen/miniconda3/envs/placer_env/lib/python3.10/site-packages/torch/nn/modules/module.py", line 1532, in _wrapped_call_impl
    return self._call_impl(*args, **kwargs)
  File "/home/helen/miniconda3/envs/placer_env/lib/python3.10/site-packages/torch/nn/modules/module.py", line 1541, in _call_impl
    return forward_call(*args, **kwargs)
  File "/home/helen/miniconda3/envs/placer_env/lib/python3.10/site-packages/torch/nn/modules/container.py", line 217, in forward
    input = module(input)
  File "/home/helen/miniconda3/envs/placer_env/lib/python3.10/site-packages/torch/nn/modules/module.py", line 1532, in _wrapped_call_impl
    return self._call_impl(*args, **kwargs)
  File "/home/helen/miniconda3/envs/placer_env/lib/python3.10/site-packages/torch/nn/modules/module.py", line 1541, in _call_impl
    return forward_call(*args, **kwargs)
  File "/home/helen/miniconda3/envs/placer_env/lib/python3.10/site-packages/torch/nn/modules/linear.py", line 116, in forward
    return F.linear(input, self.weight, self.bias)
RuntimeError: CUDA error: CUBLAS_STATUS_NOT_INITIALIZED when calling `cublasCreate(handle)`

2025-12-15 16:08:36,340 | INFO |Entry EH33_Geranyl_acetate_0_chai: Single ligand detected. Running standard mode...
2025-12-15 16:11:51,927 | INFO |Entry EH33_L_Pantolactone_0_chai: Single ligand detected. Running standard mode...
2025-12-15 16:15:06,119 | INFO |Entry EH33_Vinyl_propionate_0_chai: Single ligand detected. Running standard mode...
2025-12-15 16:18:17,553 | INFO |Entry EH34_1_Napthyl_acetate_0_chai: Single ligand detected. Running standard mode...
2025-12-15 16:21:27,192 | INFO |Entry EH34_Ethyl_3_oxohexanoate_0_chai: Single ligand detected. Running standard mode...
2025-12-15 16:21:41,304 | ERROR |PLACER failed for EH34_Ethyl_3_oxohexanoate_0_chai: Traceback (most recent call last):
  File "/nvme2/helen/EnzymeStructuralFiltering/filterzyme/PLACER/run_PLACER.py", line 282, in <module>
    main(args)
  File "/nvme2/helen/EnzymeStructuralFiltering/filterzyme/PLACER/run_PLACER.py", line 196, in main
    outputs = placer.run(placer_input_iter, args.nsamples)
  File "/nvme2/helen/EnzymeStructuralFiltering/filterzyme/PLACER/PLACER.py", line 405, in run
    Xs,Ds,plDDTs,pDEVs = self.net()(**{k:item[k] for k in input_keys}, recycles=recycles, save_recycling_data=save_recycling_data)
  File "/home/helen/miniconda3/envs/placer_env/lib/python3.10/site-packages/torch/nn/modules/module.py", line 1532, in _wrapped_call_impl
    return self._call_impl(*args, **kwargs)
  File "/home/helen/miniconda3/envs/placer_env/lib/python3.10/site-packages/torch/nn/modules/module.py", line 1541, in _call_impl
    return forward_call(*args, **kwargs)
  File "/nvme2/helen/EnzymeStructuralFiltering/filterzyme/PLACER/modules/model.py", line 281, in forward
    single = self.init_single(f1d)
  File "/home/helen/miniconda3/envs/placer_env/lib/python3.10/site-packages/torch/nn/modules/module.py", line 1532, in _wrapped_call_impl
    return self._call_impl(*args, **kwargs)
  File "/home/helen/miniconda3/envs/placer_env/lib/python3.10/site-packages/torch/nn/modules/module.py", line 1541, in _call_impl
    return forward_call(*args, **kwargs)
  File "/nvme2/helen/EnzymeStructuralFiltering/filterzyme/PLACER/modules/model.py", line 155, in forward
    return self.net(f1d)
  File "/home/helen/miniconda3/envs/placer_env/lib/python3.10/site-packages/torch/nn/modules/module.py", line 1532, in _wrapped_call_impl
    return self._call_impl(*args, **kwargs)
  File "/home/helen/miniconda3/envs/placer_env/lib/python3.10/site-packages/torch/nn/modules/module.py", line 1541, in _call_impl
    return forward_call(*args, **kwargs)
  File "/home/helen/miniconda3/envs/placer_env/lib/python3.10/site-packages/torch/nn/modules/container.py", line 217, in forward
    input = module(input)
  File "/home/helen/miniconda3/envs/placer_env/lib/python3.10/site-packages/torch/nn/modules/module.py", line 1532, in _wrapped_call_impl
    return self._call_impl(*args, **kwargs)
  File "/home/helen/miniconda3/envs/placer_env/lib/python3.10/site-packages/torch/nn/modules/module.py", line 1541, in _call_impl
    return forward_call(*args, **kwargs)
  File "/home/helen/miniconda3/envs/placer_env/lib/python3.10/site-packages/torch/nn/modules/linear.py", line 116, in forward
    return F.linear(input, self.weight, self.bias)
RuntimeError: CUDA error: CUBLAS_STATUS_NOT_INITIALIZED when calling `cublasCreate(handle)`

2025-12-15 16:21:41,307 | INFO |Entry EH34_Geranyl_acetate_0_chai: Single ligand detected. Running standard mode...
2025-12-15 16:22:03,210 | ERROR |PLACER failed for EH34_Geranyl_acetate_0_chai: Traceback (most recent call last):
  File "/nvme2/helen/EnzymeStructuralFiltering/filterzyme/PLACER/run_PLACER.py", line 282, in <module>
    main(args)
  File "/nvme2/helen/EnzymeStructuralFiltering/filterzyme/PLACER/run_PLACER.py", line 196, in main
    outputs = placer.run(placer_input_iter, args.nsamples)
  File "/nvme2/helen/EnzymeStructuralFiltering/filterzyme/PLACER/PLACER.py", line 405, in run
    Xs,Ds,plDDTs,pDEVs = self.net()(**{k:item[k] for k in input_keys}, recycles=recycles, save_recycling_data=save_recycling_data)
  File "/home/helen/miniconda3/envs/placer_env/lib/python3.10/site-packages/torch/nn/modules/module.py", line 1532, in _wrapped_call_impl
    return self._call_impl(*args, **kwargs)
  File "/home/helen/miniconda3/envs/placer_env/lib/python3.10/site-packages/torch/nn/modules/module.py", line 1541, in _call_impl
    return forward_call(*args, **kwargs)
  File "/nvme2/helen/EnzymeStructuralFiltering/filterzyme/PLACER/modules/model.py", line 281, in forward
    single = self.init_single(f1d)
  File "/home/helen/miniconda3/envs/placer_env/lib/python3.10/site-packages/torch/nn/modules/module.py", line 1532, in _wrapped_call_impl
    return self._call_impl(*args, **kwargs)
  File "/home/helen/miniconda3/envs/placer_env/lib/python3.10/site-packages/torch/nn/modules/module.py", line 1541, in _call_impl
    return forward_call(*args, **kwargs)
  File "/nvme2/helen/EnzymeStructuralFiltering/filterzyme/PLACER/modules/model.py", line 155, in forward
    return self.net(f1d)
  File "/home/helen/miniconda3/envs/placer_env/lib/python3.10/site-packages/torch/nn/modules/module.py", line 1532, in _wrapped_call_impl
    return self._call_impl(*args, **kwargs)
  File "/home/helen/miniconda3/envs/placer_env/lib/python3.10/site-packages/torch/nn/modules/module.py", line 1541, in _call_impl
    return forward_call(*args, **kwargs)
  File "/home/helen/miniconda3/envs/placer_env/lib/python3.10/site-packages/torch/nn/modules/container.py", line 217, in forward
    input = module(input)
  File "/home/helen/miniconda3/envs/placer_env/lib/python3.10/site-packages/torch/nn/modules/module.py", line 1532, in _wrapped_call_impl
    return self._call_impl(*args, **kwargs)
  File "/home/helen/miniconda3/envs/placer_env/lib/python3.10/site-packages/torch/nn/modules/module.py", line 1541, in _call_impl
    return forward_call(*args, **kwargs)
  File "/home/helen/miniconda3/envs/placer_env/lib/python3.10/site-packages/torch/nn/modules/linear.py", line 116, in forward
    return F.linear(input, self.weight, self.bias)
RuntimeError: CUDA error: CUBLAS_STATUS_NOT_INITIALIZED when calling `cublasCreate(handle)`

2025-12-15 16:22:03,214 | INFO |Entry EH34_L_Pantolactone_0_chai: Single ligand detected. Running standard mode...
2025-12-15 16:22:24,958 | ERROR |PLACER failed for EH34_L_Pantolactone_0_chai: Traceback (most recent call last):
  File "/nvme2/helen/EnzymeStructuralFiltering/filterzyme/PLACER/run_PLACER.py", line 282, in <module>
    main(args)
  File "/nvme2/helen/EnzymeStructuralFiltering/filterzyme/PLACER/run_PLACER.py", line 196, in main
    outputs = placer.run(placer_input_iter, args.nsamples)
  File "/nvme2/helen/EnzymeStructuralFiltering/filterzyme/PLACER/PLACER.py", line 405, in run
    Xs,Ds,plDDTs,pDEVs = self.net()(**{k:item[k] for k in input_keys}, recycles=recycles, save_recycling_data=save_recycling_data)
  File "/home/helen/miniconda3/envs/placer_env/lib/python3.10/site-packages/torch/nn/modules/module.py", line 1532, in _wrapped_call_impl
    return self._call_impl(*args, **kwargs)
  File "/home/helen/miniconda3/envs/placer_env/lib/python3.10/site-packages/torch/nn/modules/module.py", line 1541, in _call_impl
    return forward_call(*args, **kwargs)
  File "/nvme2/helen/EnzymeStructuralFiltering/filterzyme/PLACER/modules/model.py", line 281, in forward
    single = self.init_single(f1d)
  File "/home/helen/miniconda3/envs/placer_env/lib/python3.10/site-packages/torch/nn/modules/module.py", line 1532, in _wrapped_call_impl
    return self._call_impl(*args, **kwargs)
  File "/home/helen/miniconda3/envs/placer_env/lib/python3.10/site-packages/torch/nn/modules/module.py", line 1541, in _call_impl
    return forward_call(*args, **kwargs)
  File "/nvme2/helen/EnzymeStructuralFiltering/filterzyme/PLACER/modules/model.py", line 155, in forward
    return self.net(f1d)
  File "/home/helen/miniconda3/envs/placer_env/lib/python3.10/site-packages/torch/nn/modules/module.py", line 1532, in _wrapped_call_impl
    return self._call_impl(*args, **kwargs)
  File "/home/helen/miniconda3/envs/placer_env/lib/python3.10/site-packages/torch/nn/modules/module.py", line 1541, in _call_impl
    return forward_call(*args, **kwargs)
  File "/home/helen/miniconda3/envs/placer_env/lib/python3.10/site-packages/torch/nn/modules/container.py", line 217, in forward
    input = module(input)
  File "/home/helen/miniconda3/envs/placer_env/lib/python3.10/site-packages/torch/nn/modules/module.py", line 1532, in _wrapped_call_impl
    return self._call_impl(*args, **kwargs)
  File "/home/helen/miniconda3/envs/placer_env/lib/python3.10/site-packages/torch/nn/modules/module.py", line 1541, in _call_impl
    return forward_call(*args, **kwargs)
  File "/home/helen/miniconda3/envs/placer_env/lib/python3.10/site-packages/torch/nn/modules/linear.py", line 116, in forward
    return F.linear(input, self.weight, self.bias)
RuntimeError: CUDA error: CUBLAS_STATUS_NOT_INITIALIZED when calling `cublasCreate(handle)`

2025-12-15 16:22:24,961 | INFO |Entry EH34_Vinyl_propionate_0_chai: Single ligand detected. Running standard mode...
2025-12-15 16:22:46,130 | ERROR |PLACER failed for EH34_Vinyl_propionate_0_chai: Traceback (most recent call last):
  File "/nvme2/helen/EnzymeStructuralFiltering/filterzyme/PLACER/run_PLACER.py", line 282, in <module>
    main(args)
  File "/nvme2/helen/EnzymeStructuralFiltering/filterzyme/PLACER/run_PLACER.py", line 196, in main
    outputs = placer.run(placer_input_iter, args.nsamples)
  File "/nvme2/helen/EnzymeStructuralFiltering/filterzyme/PLACER/PLACER.py", line 405, in run
    Xs,Ds,plDDTs,pDEVs = self.net()(**{k:item[k] for k in input_keys}, recycles=recycles, save_recycling_data=save_recycling_data)
  File "/home/helen/miniconda3/envs/placer_env/lib/python3.10/site-packages/torch/nn/modules/module.py", line 1532, in _wrapped_call_impl
    return self._call_impl(*args, **kwargs)
  File "/home/helen/miniconda3/envs/placer_env/lib/python3.10/site-packages/torch/nn/modules/module.py", line 1541, in _call_impl
    return forward_call(*args, **kwargs)
  File "/nvme2/helen/EnzymeStructuralFiltering/filterzyme/PLACER/modules/model.py", line 281, in forward
    single = self.init_single(f1d)
  File "/home/helen/miniconda3/envs/placer_env/lib/python3.10/site-packages/torch/nn/modules/module.py", line 1532, in _wrapped_call_impl
    return self._call_impl(*args, **kwargs)
  File "/home/helen/miniconda3/envs/placer_env/lib/python3.10/site-packages/torch/nn/modules/module.py", line 1541, in _call_impl
    return forward_call(*args, **kwargs)
  File "/nvme2/helen/EnzymeStructuralFiltering/filterzyme/PLACER/modules/model.py", line 155, in forward
    return self.net(f1d)
  File "/home/helen/miniconda3/envs/placer_env/lib/python3.10/site-packages/torch/nn/modules/module.py", line 1532, in _wrapped_call_impl
    return self._call_impl(*args, **kwargs)
  File "/home/helen/miniconda3/envs/placer_env/lib/python3.10/site-packages/torch/nn/modules/module.py", line 1541, in _call_impl
    return forward_call(*args, **kwargs)
  File "/home/helen/miniconda3/envs/placer_env/lib/python3.10/site-packages/torch/nn/modules/container.py", line 217, in forward
    input = module(input)
  File "/home/helen/miniconda3/envs/placer_env/lib/python3.10/site-packages/torch/nn/modules/module.py", line 1532, in _wrapped_call_impl
    return self._call_impl(*args, **kwargs)
  File "/home/helen/miniconda3/envs/placer_env/lib/python3.10/site-packages/torch/nn/modules/module.py", line 1541, in _call_impl
    return forward_call(*args, **kwargs)
  File "/home/helen/miniconda3/envs/placer_env/lib/python3.10/site-packages/torch/nn/modules/linear.py", line 116, in forward
    return F.linear(input, self.weight, self.bias)
RuntimeError: CUDA error: CUBLAS_STATUS_NOT_INITIALIZED when calling `cublasCreate(handle)`

2025-12-15 16:22:46,134 | INFO |Entry EH35_1_Napthyl_acetate_0_chai: Single ligand detected. Running standard mode...
2025-12-15 16:23:08,274 | ERROR |PLACER failed for EH35_1_Napthyl_acetate_0_chai: Traceback (most recent call last):
  File "/nvme2/helen/EnzymeStructuralFiltering/filterzyme/PLACER/run_PLACER.py", line 282, in <module>
    main(args)
  File "/nvme2/helen/EnzymeStructuralFiltering/filterzyme/PLACER/run_PLACER.py", line 196, in main
    outputs = placer.run(placer_input_iter, args.nsamples)
  File "/nvme2/helen/EnzymeStructuralFiltering/filterzyme/PLACER/PLACER.py", line 405, in run
    Xs,Ds,plDDTs,pDEVs = self.net()(**{k:item[k] for k in input_keys}, recycles=recycles, save_recycling_data=save_recycling_data)
  File "/home/helen/miniconda3/envs/placer_env/lib/python3.10/site-packages/torch/nn/modules/module.py", line 1532, in _wrapped_call_impl
    return self._call_impl(*args, **kwargs)
  File "/home/helen/miniconda3/envs/placer_env/lib/python3.10/site-packages/torch/nn/modules/module.py", line 1541, in _call_impl
    return forward_call(*args, **kwargs)
  File "/nvme2/helen/EnzymeStructuralFiltering/filterzyme/PLACER/modules/model.py", line 281, in forward
    single = self.init_single(f1d)
  File "/home/helen/miniconda3/envs/placer_env/lib/python3.10/site-packages/torch/nn/modules/module.py", line 1532, in _wrapped_call_impl
    return self._call_impl(*args, **kwargs)
  File "/home/helen/miniconda3/envs/placer_env/lib/python3.10/site-packages/torch/nn/modules/module.py", line 1541, in _call_impl
    return forward_call(*args, **kwargs)
  File "/nvme2/helen/EnzymeStructuralFiltering/filterzyme/PLACER/modules/model.py", line 155, in forward
    return self.net(f1d)
  File "/home/helen/miniconda3/envs/placer_env/lib/python3.10/site-packages/torch/nn/modules/module.py", line 1532, in _wrapped_call_impl
    return self._call_impl(*args, **kwargs)
  File "/home/helen/miniconda3/envs/placer_env/lib/python3.10/site-packages/torch/nn/modules/module.py", line 1541, in _call_impl
    return forward_call(*args, **kwargs)
  File "/home/helen/miniconda3/envs/placer_env/lib/python3.10/site-packages/torch/nn/modules/container.py", line 217, in forward
    input = module(input)
  File "/home/helen/miniconda3/envs/placer_env/lib/python3.10/site-packages/torch/nn/modules/module.py", line 1532, in _wrapped_call_impl
    return self._call_impl(*args, **kwargs)
  File "/home/helen/miniconda3/envs/placer_env/lib/python3.10/site-packages/torch/nn/modules/module.py", line 1541, in _call_impl
    return forward_call(*args, **kwargs)
  File "/home/helen/miniconda3/envs/placer_env/lib/python3.10/site-packages/torch/nn/modules/linear.py", line 116, in forward
    return F.linear(input, self.weight, self.bias)
RuntimeError: CUDA error: CUBLAS_STATUS_NOT_INITIALIZED when calling `cublasCreate(handle)`

2025-12-15 16:23:08,278 | INFO |Entry EH35_Ethyl_3_oxohexanoate_0_chai: Single ligand detected. Running standard mode...
2025-12-15 16:23:30,426 | ERROR |PLACER failed for EH35_Ethyl_3_oxohexanoate_0_chai: Traceback (most recent call last):
  File "/nvme2/helen/EnzymeStructuralFiltering/filterzyme/PLACER/run_PLACER.py", line 282, in <module>
    main(args)
  File "/nvme2/helen/EnzymeStructuralFiltering/filterzyme/PLACER/run_PLACER.py", line 196, in main
    outputs = placer.run(placer_input_iter, args.nsamples)
  File "/nvme2/helen/EnzymeStructuralFiltering/filterzyme/PLACER/PLACER.py", line 405, in run
    Xs,Ds,plDDTs,pDEVs = self.net()(**{k:item[k] for k in input_keys}, recycles=recycles, save_recycling_data=save_recycling_data)
  File "/home/helen/miniconda3/envs/placer_env/lib/python3.10/site-packages/torch/nn/modules/module.py", line 1532, in _wrapped_call_impl
    return self._call_impl(*args, **kwargs)
  File "/home/helen/miniconda3/envs/placer_env/lib/python3.10/site-packages/torch/nn/modules/module.py", line 1541, in _call_impl
    return forward_call(*args, **kwargs)
  File "/nvme2/helen/EnzymeStructuralFiltering/filterzyme/PLACER/modules/model.py", line 281, in forward
    single = self.init_single(f1d)
  File "/home/helen/miniconda3/envs/placer_env/lib/python3.10/site-packages/torch/nn/modules/module.py", line 1532, in _wrapped_call_impl
    return self._call_impl(*args, **kwargs)
  File "/home/helen/miniconda3/envs/placer_env/lib/python3.10/site-packages/torch/nn/modules/module.py", line 1541, in _call_impl
    return forward_call(*args, **kwargs)
  File "/nvme2/helen/EnzymeStructuralFiltering/filterzyme/PLACER/modules/model.py", line 155, in forward
    return self.net(f1d)
  File "/home/helen/miniconda3/envs/placer_env/lib/python3.10/site-packages/torch/nn/modules/module.py", line 1532, in _wrapped_call_impl
    return self._call_impl(*args, **kwargs)
  File "/home/helen/miniconda3/envs/placer_env/lib/python3.10/site-packages/torch/nn/modules/module.py", line 1541, in _call_impl
    return forward_call(*args, **kwargs)
  File "/home/helen/miniconda3/envs/placer_env/lib/python3.10/site-packages/torch/nn/modules/container.py", line 217, in forward
    input = module(input)
  File "/home/helen/miniconda3/envs/placer_env/lib/python3.10/site-packages/torch/nn/modules/module.py", line 1532, in _wrapped_call_impl
    return self._call_impl(*args, **kwargs)
  File "/home/helen/miniconda3/envs/placer_env/lib/python3.10/site-packages/torch/nn/modules/module.py", line 1541, in _call_impl
    return forward_call(*args, **kwargs)
  File "/home/helen/miniconda3/envs/placer_env/lib/python3.10/site-packages/torch/nn/modules/linear.py", line 116, in forward
    return F.linear(input, self.weight, self.bias)
RuntimeError: CUDA error: CUBLAS_STATUS_NOT_INITIALIZED when calling `cublasCreate(handle)`

2025-12-15 16:23:30,430 | INFO |Entry EH35_Geranyl_acetate_0_chai: Single ligand detected. Running standard mode...
2025-12-15 16:23:52,618 | ERROR |PLACER failed for EH35_Geranyl_acetate_0_chai: Traceback (most recent call last):
  File "/nvme2/helen/EnzymeStructuralFiltering/filterzyme/PLACER/run_PLACER.py", line 282, in <module>
    main(args)
  File "/nvme2/helen/EnzymeStructuralFiltering/filterzyme/PLACER/run_PLACER.py", line 196, in main
    outputs = placer.run(placer_input_iter, args.nsamples)
  File "/nvme2/helen/EnzymeStructuralFiltering/filterzyme/PLACER/PLACER.py", line 405, in run
    Xs,Ds,plDDTs,pDEVs = self.net()(**{k:item[k] for k in input_keys}, recycles=recycles, save_recycling_data=save_recycling_data)
  File "/home/helen/miniconda3/envs/placer_env/lib/python3.10/site-packages/torch/nn/modules/module.py", line 1532, in _wrapped_call_impl
    return self._call_impl(*args, **kwargs)
  File "/home/helen/miniconda3/envs/placer_env/lib/python3.10/site-packages/torch/nn/modules/module.py", line 1541, in _call_impl
    return forward_call(*args, **kwargs)
  File "/nvme2/helen/EnzymeStructuralFiltering/filterzyme/PLACER/modules/model.py", line 281, in forward
    single = self.init_single(f1d)
  File "/home/helen/miniconda3/envs/placer_env/lib/python3.10/site-packages/torch/nn/modules/module.py", line 1532, in _wrapped_call_impl
    return self._call_impl(*args, **kwargs)
  File "/home/helen/miniconda3/envs/placer_env/lib/python3.10/site-packages/torch/nn/modules/module.py", line 1541, in _call_impl
    return forward_call(*args, **kwargs)
  File "/nvme2/helen/EnzymeStructuralFiltering/filterzyme/PLACER/modules/model.py", line 155, in forward
    return self.net(f1d)
  File "/home/helen/miniconda3/envs/placer_env/lib/python3.10/site-packages/torch/nn/modules/module.py", line 1532, in _wrapped_call_impl
    return self._call_impl(*args, **kwargs)
  File "/home/helen/miniconda3/envs/placer_env/lib/python3.10/site-packages/torch/nn/modules/module.py", line 1541, in _call_impl
    return forward_call(*args, **kwargs)
  File "/home/helen/miniconda3/envs/placer_env/lib/python3.10/site-packages/torch/nn/modules/container.py", line 217, in forward
    input = module(input)
  File "/home/helen/miniconda3/envs/placer_env/lib/python3.10/site-packages/torch/nn/modules/module.py", line 1532, in _wrapped_call_impl
    return self._call_impl(*args, **kwargs)
  File "/home/helen/miniconda3/envs/placer_env/lib/python3.10/site-packages/torch/nn/modules/module.py", line 1541, in _call_impl
    return forward_call(*args, **kwargs)
  File "/home/helen/miniconda3/envs/placer_env/lib/python3.10/site-packages/torch/nn/modules/linear.py", line 116, in forward
    return F.linear(input, self.weight, self.bias)
RuntimeError: CUDA error: CUBLAS_STATUS_NOT_INITIALIZED when calling `cublasCreate(handle)`

2025-12-15 16:23:52,622 | INFO |Entry EH35_L_Pantolactone_0_chai: Single ligand detected. Running standard mode...
2025-12-15 16:24:13,920 | ERROR |PLACER failed for EH35_L_Pantolactone_0_chai: Traceback (most recent call last):
  File "/nvme2/helen/EnzymeStructuralFiltering/filterzyme/PLACER/run_PLACER.py", line 282, in <module>
    main(args)
  File "/nvme2/helen/EnzymeStructuralFiltering/filterzyme/PLACER/run_PLACER.py", line 196, in main
    outputs = placer.run(placer_input_iter, args.nsamples)
  File "/nvme2/helen/EnzymeStructuralFiltering/filterzyme/PLACER/PLACER.py", line 405, in run
    Xs,Ds,plDDTs,pDEVs = self.net()(**{k:item[k] for k in input_keys}, recycles=recycles, save_recycling_data=save_recycling_data)
  File "/home/helen/miniconda3/envs/placer_env/lib/python3.10/site-packages/torch/nn/modules/module.py", line 1532, in _wrapped_call_impl
    return self._call_impl(*args, **kwargs)
  File "/home/helen/miniconda3/envs/placer_env/lib/python3.10/site-packages/torch/nn/modules/module.py", line 1541, in _call_impl
    return forward_call(*args, **kwargs)
  File "/nvme2/helen/EnzymeStructuralFiltering/filterzyme/PLACER/modules/model.py", line 281, in forward
    single = self.init_single(f1d)
  File "/home/helen/miniconda3/envs/placer_env/lib/python3.10/site-packages/torch/nn/modules/module.py", line 1532, in _wrapped_call_impl
    return self._call_impl(*args, **kwargs)
  File "/home/helen/miniconda3/envs/placer_env/lib/python3.10/site-packages/torch/nn/modules/module.py", line 1541, in _call_impl
    return forward_call(*args, **kwargs)
  File "/nvme2/helen/EnzymeStructuralFiltering/filterzyme/PLACER/modules/model.py", line 155, in forward
    return self.net(f1d)
  File "/home/helen/miniconda3/envs/placer_env/lib/python3.10/site-packages/torch/nn/modules/module.py", line 1532, in _wrapped_call_impl
    return self._call_impl(*args, **kwargs)
  File "/home/helen/miniconda3/envs/placer_env/lib/python3.10/site-packages/torch/nn/modules/module.py", line 1541, in _call_impl
    return forward_call(*args, **kwargs)
  File "/home/helen/miniconda3/envs/placer_env/lib/python3.10/site-packages/torch/nn/modules/container.py", line 217, in forward
    input = module(input)
  File "/home/helen/miniconda3/envs/placer_env/lib/python3.10/site-packages/torch/nn/modules/module.py", line 1532, in _wrapped_call_impl
    return self._call_impl(*args, **kwargs)
  File "/home/helen/miniconda3/envs/placer_env/lib/python3.10/site-packages/torch/nn/modules/module.py", line 1541, in _call_impl
    return forward_call(*args, **kwargs)
  File "/home/helen/miniconda3/envs/placer_env/lib/python3.10/site-packages/torch/nn/modules/linear.py", line 116, in forward
    return F.linear(input, self.weight, self.bias)
RuntimeError: CUDA error: CUBLAS_STATUS_NOT_INITIALIZED when calling `cublasCreate(handle)`

2025-12-15 16:24:13,924 | INFO |Entry EH35_Vinyl_propionate_0_chai: Single ligand detected. Running standard mode...
2025-12-15 16:27:21,040 | INFO |Entry EH36_1_Napthyl_acetate_0_chai: Single ligand detected. Running standard mode...
2025-12-15 16:27:41,021 | ERROR |CUDA OOM on EH36_1_Napthyl_acetate_0_chai.
2025-12-15 16:27:41,025 | INFO |Entry EH36_Ethyl_3_oxohexanoate_0_chai: Single ligand detected. Running standard mode...
2025-12-15 16:30:58,307 | INFO |Entry EH36_Geranyl_acetate_0_chai: Single ligand detected. Running standard mode...
2025-12-15 16:31:20,526 | ERROR |CUDA OOM on EH36_Geranyl_acetate_0_chai.
2025-12-15 16:31:20,530 | INFO |Entry EH36_L_Pantolactone_0_chai: Single ligand detected. Running standard mode...
2025-12-15 16:31:45,079 | ERROR |CUDA OOM on EH36_L_Pantolactone_0_chai.
2025-12-15 16:31:45,083 | INFO |Entry EH36_Vinyl_propionate_0_chai: Single ligand detected. Running standard mode...
2025-12-15 16:32:09,321 | ERROR |CUDA OOM on EH36_Vinyl_propionate_0_chai.
2025-12-15 16:32:09,326 | INFO |Entry EH37_1_Napthyl_acetate_0_chai: Single ligand detected. Running standard mode...
2025-12-15 16:32:32,408 | ERROR |CUDA OOM on EH37_1_Napthyl_acetate_0_chai.
2025-12-15 16:32:32,412 | INFO |Entry EH37_Ethyl_3_oxohexanoate_0_chai: Single ligand detected. Running standard mode...
2025-12-15 16:32:57,276 | ERROR |CUDA OOM on EH37_Ethyl_3_oxohexanoate_0_chai.
2025-12-15 16:32:57,280 | INFO |Entry EH37_Geranyl_acetate_0_chai: Single ligand detected. Running standard mode...
2025-12-15 16:35:45,459 | INFO |Entry EH37_L_Pantolactone_0_chai: Single ligand detected. Running standard mode...
2025-12-15 16:36:07,903 | ERROR |PLACER failed for EH37_L_Pantolactone_0_chai: Traceback (most recent call last):
  File "/nvme2/helen/EnzymeStructuralFiltering/filterzyme/PLACER/run_PLACER.py", line 282, in <module>
    main(args)
  File "/nvme2/helen/EnzymeStructuralFiltering/filterzyme/PLACER/run_PLACER.py", line 196, in main
    outputs = placer.run(placer_input_iter, args.nsamples)
  File "/nvme2/helen/EnzymeStructuralFiltering/filterzyme/PLACER/PLACER.py", line 405, in run
    Xs,Ds,plDDTs,pDEVs = self.net()(**{k:item[k] for k in input_keys}, recycles=recycles, save_recycling_data=save_recycling_data)
  File "/home/helen/miniconda3/envs/placer_env/lib/python3.10/site-packages/torch/nn/modules/module.py", line 1532, in _wrapped_call_impl
    return self._call_impl(*args, **kwargs)
  File "/home/helen/miniconda3/envs/placer_env/lib/python3.10/site-packages/torch/nn/modules/module.py", line 1541, in _call_impl
    return forward_call(*args, **kwargs)
  File "/nvme2/helen/EnzymeStructuralFiltering/filterzyme/PLACER/modules/model.py", line 281, in forward
    single = self.init_single(f1d)
  File "/home/helen/miniconda3/envs/placer_env/lib/python3.10/site-packages/torch/nn/modules/module.py", line 1532, in _wrapped_call_impl
    return self._call_impl(*args, **kwargs)
  File "/home/helen/miniconda3/envs/placer_env/lib/python3.10/site-packages/torch/nn/modules/module.py", line 1541, in _call_impl
    return forward_call(*args, **kwargs)
  File "/nvme2/helen/EnzymeStructuralFiltering/filterzyme/PLACER/modules/model.py", line 155, in forward
    return self.net(f1d)
  File "/home/helen/miniconda3/envs/placer_env/lib/python3.10/site-packages/torch/nn/modules/module.py", line 1532, in _wrapped_call_impl
    return self._call_impl(*args, **kwargs)
  File "/home/helen/miniconda3/envs/placer_env/lib/python3.10/site-packages/torch/nn/modules/module.py", line 1541, in _call_impl
    return forward_call(*args, **kwargs)
  File "/home/helen/miniconda3/envs/placer_env/lib/python3.10/site-packages/torch/nn/modules/container.py", line 217, in forward
    input = module(input)
  File "/home/helen/miniconda3/envs/placer_env/lib/python3.10/site-packages/torch/nn/modules/module.py", line 1532, in _wrapped_call_impl
    return self._call_impl(*args, **kwargs)
  File "/home/helen/miniconda3/envs/placer_env/lib/python3.10/site-packages/torch/nn/modules/module.py", line 1541, in _call_impl
    return forward_call(*args, **kwargs)
  File "/home/helen/miniconda3/envs/placer_env/lib/python3.10/site-packages/torch/nn/modules/linear.py", line 116, in forward
    return F.linear(input, self.weight, self.bias)
RuntimeError: CUDA error: CUBLAS_STATUS_NOT_INITIALIZED when calling `cublasCreate(handle)`

2025-12-15 16:36:07,907 | INFO |Entry EH37_Vinyl_propionate_0_chai: Single ligand detected. Running standard mode...
2025-12-15 16:39:13,377 | INFO |Entry EH38_1_Napthyl_acetate_0_chai: Single ligand detected. Running standard mode...
2025-12-15 16:39:32,313 | ERROR |PLACER failed for EH38_1_Napthyl_acetate_0_chai: Traceback (most recent call last):
  File "/nvme2/helen/EnzymeStructuralFiltering/filterzyme/PLACER/run_PLACER.py", line 282, in <module>
    main(args)
  File "/nvme2/helen/EnzymeStructuralFiltering/filterzyme/PLACER/run_PLACER.py", line 196, in main
    outputs = placer.run(placer_input_iter, args.nsamples)
  File "/nvme2/helen/EnzymeStructuralFiltering/filterzyme/PLACER/PLACER.py", line 405, in run
    Xs,Ds,plDDTs,pDEVs = self.net()(**{k:item[k] for k in input_keys}, recycles=recycles, save_recycling_data=save_recycling_data)
  File "/home/helen/miniconda3/envs/placer_env/lib/python3.10/site-packages/torch/nn/modules/module.py", line 1532, in _wrapped_call_impl
    return self._call_impl(*args, **kwargs)
  File "/home/helen/miniconda3/envs/placer_env/lib/python3.10/site-packages/torch/nn/modules/module.py", line 1541, in _call_impl
    return forward_call(*args, **kwargs)
  File "/nvme2/helen/EnzymeStructuralFiltering/filterzyme/PLACER/modules/model.py", line 281, in forward
    single = self.init_single(f1d)
  File "/home/helen/miniconda3/envs/placer_env/lib/python3.10/site-packages/torch/nn/modules/module.py", line 1532, in _wrapped_call_impl
    return self._call_impl(*args, **kwargs)
  File "/home/helen/miniconda3/envs/placer_env/lib/python3.10/site-packages/torch/nn/modules/module.py", line 1541, in _call_impl
    return forward_call(*args, **kwargs)
  File "/nvme2/helen/EnzymeStructuralFiltering/filterzyme/PLACER/modules/model.py", line 155, in forward
    return self.net(f1d)
  File "/home/helen/miniconda3/envs/placer_env/lib/python3.10/site-packages/torch/nn/modules/module.py", line 1532, in _wrapped_call_impl
    return self._call_impl(*args, **kwargs)
  File "/home/helen/miniconda3/envs/placer_env/lib/python3.10/site-packages/torch/nn/modules/module.py", line 1541, in _call_impl
    return forward_call(*args, **kwargs)
  File "/home/helen/miniconda3/envs/placer_env/lib/python3.10/site-packages/torch/nn/modules/container.py", line 217, in forward
    input = module(input)
  File "/home/helen/miniconda3/envs/placer_env/lib/python3.10/site-packages/torch/nn/modules/module.py", line 1532, in _wrapped_call_impl
    return self._call_impl(*args, **kwargs)
  File "/home/helen/miniconda3/envs/placer_env/lib/python3.10/site-packages/torch/nn/modules/module.py", line 1541, in _call_impl
    return forward_call(*args, **kwargs)
  File "/home/helen/miniconda3/envs/placer_env/lib/python3.10/site-packages/torch/nn/modules/linear.py", line 116, in forward
    return F.linear(input, self.weight, self.bias)
RuntimeError: CUDA error: CUBLAS_STATUS_NOT_INITIALIZED when calling `cublasCreate(handle)`

2025-12-15 16:39:32,317 | INFO |Entry EH38_Ethyl_3_oxohexanoate_0_chai: Single ligand detected. Running standard mode...
2025-12-15 16:39:53,901 | ERROR |PLACER failed for EH38_Ethyl_3_oxohexanoate_0_chai: Traceback (most recent call last):
  File "/nvme2/helen/EnzymeStructuralFiltering/filterzyme/PLACER/run_PLACER.py", line 282, in <module>
    main(args)
  File "/nvme2/helen/EnzymeStructuralFiltering/filterzyme/PLACER/run_PLACER.py", line 196, in main
    outputs = placer.run(placer_input_iter, args.nsamples)
  File "/nvme2/helen/EnzymeStructuralFiltering/filterzyme/PLACER/PLACER.py", line 405, in run
    Xs,Ds,plDDTs,pDEVs = self.net()(**{k:item[k] for k in input_keys}, recycles=recycles, save_recycling_data=save_recycling_data)
  File "/home/helen/miniconda3/envs/placer_env/lib/python3.10/site-packages/torch/nn/modules/module.py", line 1532, in _wrapped_call_impl
    return self._call_impl(*args, **kwargs)
  File "/home/helen/miniconda3/envs/placer_env/lib/python3.10/site-packages/torch/nn/modules/module.py", line 1541, in _call_impl
    return forward_call(*args, **kwargs)
  File "/nvme2/helen/EnzymeStructuralFiltering/filterzyme/PLACER/modules/model.py", line 281, in forward
    single = self.init_single(f1d)
  File "/home/helen/miniconda3/envs/placer_env/lib/python3.10/site-packages/torch/nn/modules/module.py", line 1532, in _wrapped_call_impl
    return self._call_impl(*args, **kwargs)
  File "/home/helen/miniconda3/envs/placer_env/lib/python3.10/site-packages/torch/nn/modules/module.py", line 1541, in _call_impl
    return forward_call(*args, **kwargs)
  File "/nvme2/helen/EnzymeStructuralFiltering/filterzyme/PLACER/modules/model.py", line 155, in forward
    return self.net(f1d)
  File "/home/helen/miniconda3/envs/placer_env/lib/python3.10/site-packages/torch/nn/modules/module.py", line 1532, in _wrapped_call_impl
    return self._call_impl(*args, **kwargs)
  File "/home/helen/miniconda3/envs/placer_env/lib/python3.10/site-packages/torch/nn/modules/module.py", line 1541, in _call_impl
    return forward_call(*args, **kwargs)
  File "/home/helen/miniconda3/envs/placer_env/lib/python3.10/site-packages/torch/nn/modules/container.py", line 217, in forward
    input = module(input)
  File "/home/helen/miniconda3/envs/placer_env/lib/python3.10/site-packages/torch/nn/modules/module.py", line 1532, in _wrapped_call_impl
    return self._call_impl(*args, **kwargs)
  File "/home/helen/miniconda3/envs/placer_env/lib/python3.10/site-packages/torch/nn/modules/module.py", line 1541, in _call_impl
    return forward_call(*args, **kwargs)
  File "/home/helen/miniconda3/envs/placer_env/lib/python3.10/site-packages/torch/nn/modules/linear.py", line 116, in forward
    return F.linear(input, self.weight, self.bias)
RuntimeError: CUDA error: CUBLAS_STATUS_NOT_INITIALIZED when calling `cublasCreate(handle)`

2025-12-15 16:39:53,905 | INFO |Entry EH38_Geranyl_acetate_0_chai: Single ligand detected. Running standard mode...
2025-12-15 16:40:15,865 | ERROR |PLACER failed for EH38_Geranyl_acetate_0_chai: Traceback (most recent call last):
  File "/nvme2/helen/EnzymeStructuralFiltering/filterzyme/PLACER/run_PLACER.py", line 282, in <module>
    main(args)
  File "/nvme2/helen/EnzymeStructuralFiltering/filterzyme/PLACER/run_PLACER.py", line 196, in main
    outputs = placer.run(placer_input_iter, args.nsamples)
  File "/nvme2/helen/EnzymeStructuralFiltering/filterzyme/PLACER/PLACER.py", line 405, in run
    Xs,Ds,plDDTs,pDEVs = self.net()(**{k:item[k] for k in input_keys}, recycles=recycles, save_recycling_data=save_recycling_data)
  File "/home/helen/miniconda3/envs/placer_env/lib/python3.10/site-packages/torch/nn/modules/module.py", line 1532, in _wrapped_call_impl
    return self._call_impl(*args, **kwargs)
  File "/home/helen/miniconda3/envs/placer_env/lib/python3.10/site-packages/torch/nn/modules/module.py", line 1541, in _call_impl
    return forward_call(*args, **kwargs)
  File "/nvme2/helen/EnzymeStructuralFiltering/filterzyme/PLACER/modules/model.py", line 281, in forward
    single = self.init_single(f1d)
  File "/home/helen/miniconda3/envs/placer_env/lib/python3.10/site-packages/torch/nn/modules/module.py", line 1532, in _wrapped_call_impl
    return self._call_impl(*args, **kwargs)
  File "/home/helen/miniconda3/envs/placer_env/lib/python3.10/site-packages/torch/nn/modules/module.py", line 1541, in _call_impl
    return forward_call(*args, **kwargs)
  File "/nvme2/helen/EnzymeStructuralFiltering/filterzyme/PLACER/modules/model.py", line 155, in forward
    return self.net(f1d)
  File "/home/helen/miniconda3/envs/placer_env/lib/python3.10/site-packages/torch/nn/modules/module.py", line 1532, in _wrapped_call_impl
    return self._call_impl(*args, **kwargs)
  File "/home/helen/miniconda3/envs/placer_env/lib/python3.10/site-packages/torch/nn/modules/module.py", line 1541, in _call_impl
    return forward_call(*args, **kwargs)
  File "/home/helen/miniconda3/envs/placer_env/lib/python3.10/site-packages/torch/nn/modules/container.py", line 217, in forward
    input = module(input)
  File "/home/helen/miniconda3/envs/placer_env/lib/python3.10/site-packages/torch/nn/modules/module.py", line 1532, in _wrapped_call_impl
    return self._call_impl(*args, **kwargs)
  File "/home/helen/miniconda3/envs/placer_env/lib/python3.10/site-packages/torch/nn/modules/module.py", line 1541, in _call_impl
    return forward_call(*args, **kwargs)
  File "/home/helen/miniconda3/envs/placer_env/lib/python3.10/site-packages/torch/nn/modules/linear.py", line 116, in forward
    return F.linear(input, self.weight, self.bias)
RuntimeError: CUDA error: CUBLAS_STATUS_NOT_INITIALIZED when calling `cublasCreate(handle)`

2025-12-15 16:40:15,869 | INFO |Entry EH38_L_Pantolactone_0_chai: Single ligand detected. Running standard mode...
2025-12-15 16:40:38,002 | ERROR |PLACER failed for EH38_L_Pantolactone_0_chai: Traceback (most recent call last):
  File "/nvme2/helen/EnzymeStructuralFiltering/filterzyme/PLACER/run_PLACER.py", line 282, in <module>
    main(args)
  File "/nvme2/helen/EnzymeStructuralFiltering/filterzyme/PLACER/run_PLACER.py", line 196, in main
    outputs = placer.run(placer_input_iter, args.nsamples)
  File "/nvme2/helen/EnzymeStructuralFiltering/filterzyme/PLACER/PLACER.py", line 405, in run
    Xs,Ds,plDDTs,pDEVs = self.net()(**{k:item[k] for k in input_keys}, recycles=recycles, save_recycling_data=save_recycling_data)
  File "/home/helen/miniconda3/envs/placer_env/lib/python3.10/site-packages/torch/nn/modules/module.py", line 1532, in _wrapped_call_impl
    return self._call_impl(*args, **kwargs)
  File "/home/helen/miniconda3/envs/placer_env/lib/python3.10/site-packages/torch/nn/modules/module.py", line 1541, in _call_impl
    return forward_call(*args, **kwargs)
  File "/nvme2/helen/EnzymeStructuralFiltering/filterzyme/PLACER/modules/model.py", line 281, in forward
    single = self.init_single(f1d)
  File "/home/helen/miniconda3/envs/placer_env/lib/python3.10/site-packages/torch/nn/modules/module.py", line 1532, in _wrapped_call_impl
    return self._call_impl(*args, **kwargs)
  File "/home/helen/miniconda3/envs/placer_env/lib/python3.10/site-packages/torch/nn/modules/module.py", line 1541, in _call_impl
    return forward_call(*args, **kwargs)
  File "/nvme2/helen/EnzymeStructuralFiltering/filterzyme/PLACER/modules/model.py", line 155, in forward
    return self.net(f1d)
  File "/home/helen/miniconda3/envs/placer_env/lib/python3.10/site-packages/torch/nn/modules/module.py", line 1532, in _wrapped_call_impl
    return self._call_impl(*args, **kwargs)
  File "/home/helen/miniconda3/envs/placer_env/lib/python3.10/site-packages/torch/nn/modules/module.py", line 1541, in _call_impl
    return forward_call(*args, **kwargs)
  File "/home/helen/miniconda3/envs/placer_env/lib/python3.10/site-packages/torch/nn/modules/container.py", line 217, in forward
    input = module(input)
  File "/home/helen/miniconda3/envs/placer_env/lib/python3.10/site-packages/torch/nn/modules/module.py", line 1532, in _wrapped_call_impl
    return self._call_impl(*args, **kwargs)
  File "/home/helen/miniconda3/envs/placer_env/lib/python3.10/site-packages/torch/nn/modules/module.py", line 1541, in _call_impl
    return forward_call(*args, **kwargs)
  File "/home/helen/miniconda3/envs/placer_env/lib/python3.10/site-packages/torch/nn/modules/linear.py", line 116, in forward
    return F.linear(input, self.weight, self.bias)
RuntimeError: CUDA error: CUBLAS_STATUS_NOT_INITIALIZED when calling `cublasCreate(handle)`

2025-12-15 16:40:38,006 | INFO |Entry EH38_Vinyl_propionate_0_chai: Single ligand detected. Running standard mode...
2025-12-15 16:40:59,845 | ERROR |PLACER failed for EH38_Vinyl_propionate_0_chai: Traceback (most recent call last):
  File "/nvme2/helen/EnzymeStructuralFiltering/filterzyme/PLACER/run_PLACER.py", line 282, in <module>
    main(args)
  File "/nvme2/helen/EnzymeStructuralFiltering/filterzyme/PLACER/run_PLACER.py", line 196, in main
    outputs = placer.run(placer_input_iter, args.nsamples)
  File "/nvme2/helen/EnzymeStructuralFiltering/filterzyme/PLACER/PLACER.py", line 405, in run
    Xs,Ds,plDDTs,pDEVs = self.net()(**{k:item[k] for k in input_keys}, recycles=recycles, save_recycling_data=save_recycling_data)
  File "/home/helen/miniconda3/envs/placer_env/lib/python3.10/site-packages/torch/nn/modules/module.py", line 1532, in _wrapped_call_impl
    return self._call_impl(*args, **kwargs)
  File "/home/helen/miniconda3/envs/placer_env/lib/python3.10/site-packages/torch/nn/modules/module.py", line 1541, in _call_impl
    return forward_call(*args, **kwargs)
  File "/nvme2/helen/EnzymeStructuralFiltering/filterzyme/PLACER/modules/model.py", line 281, in forward
    single = self.init_single(f1d)
  File "/home/helen/miniconda3/envs/placer_env/lib/python3.10/site-packages/torch/nn/modules/module.py", line 1532, in _wrapped_call_impl
    return self._call_impl(*args, **kwargs)
  File "/home/helen/miniconda3/envs/placer_env/lib/python3.10/site-packages/torch/nn/modules/module.py", line 1541, in _call_impl
    return forward_call(*args, **kwargs)
  File "/nvme2/helen/EnzymeStructuralFiltering/filterzyme/PLACER/modules/model.py", line 155, in forward
    return self.net(f1d)
  File "/home/helen/miniconda3/envs/placer_env/lib/python3.10/site-packages/torch/nn/modules/module.py", line 1532, in _wrapped_call_impl
    return self._call_impl(*args, **kwargs)
  File "/home/helen/miniconda3/envs/placer_env/lib/python3.10/site-packages/torch/nn/modules/module.py", line 1541, in _call_impl
    return forward_call(*args, **kwargs)
  File "/home/helen/miniconda3/envs/placer_env/lib/python3.10/site-packages/torch/nn/modules/container.py", line 217, in forward
    input = module(input)
  File "/home/helen/miniconda3/envs/placer_env/lib/python3.10/site-packages/torch/nn/modules/module.py", line 1532, in _wrapped_call_impl
    return self._call_impl(*args, **kwargs)
  File "/home/helen/miniconda3/envs/placer_env/lib/python3.10/site-packages/torch/nn/modules/module.py", line 1541, in _call_impl
    return forward_call(*args, **kwargs)
  File "/home/helen/miniconda3/envs/placer_env/lib/python3.10/site-packages/torch/nn/modules/linear.py", line 116, in forward
    return F.linear(input, self.weight, self.bias)
RuntimeError: CUDA error: CUBLAS_STATUS_NOT_INITIALIZED when calling `cublasCreate(handle)`

2025-12-15 16:40:59,850 | INFO |Entry EH39_1_Napthyl_acetate_0_chai: Single ligand detected. Running standard mode...
2025-12-15 16:41:21,511 | ERROR |PLACER failed for EH39_1_Napthyl_acetate_0_chai: Traceback (most recent call last):
  File "/nvme2/helen/EnzymeStructuralFiltering/filterzyme/PLACER/run_PLACER.py", line 282, in <module>
    main(args)
  File "/nvme2/helen/EnzymeStructuralFiltering/filterzyme/PLACER/run_PLACER.py", line 196, in main
    outputs = placer.run(placer_input_iter, args.nsamples)
  File "/nvme2/helen/EnzymeStructuralFiltering/filterzyme/PLACER/PLACER.py", line 405, in run
    Xs,Ds,plDDTs,pDEVs = self.net()(**{k:item[k] for k in input_keys}, recycles=recycles, save_recycling_data=save_recycling_data)
  File "/home/helen/miniconda3/envs/placer_env/lib/python3.10/site-packages/torch/nn/modules/module.py", line 1532, in _wrapped_call_impl
    return self._call_impl(*args, **kwargs)
  File "/home/helen/miniconda3/envs/placer_env/lib/python3.10/site-packages/torch/nn/modules/module.py", line 1541, in _call_impl
    return forward_call(*args, **kwargs)
  File "/nvme2/helen/EnzymeStructuralFiltering/filterzyme/PLACER/modules/model.py", line 281, in forward
    single = self.init_single(f1d)
  File "/home/helen/miniconda3/envs/placer_env/lib/python3.10/site-packages/torch/nn/modules/module.py", line 1532, in _wrapped_call_impl
    return self._call_impl(*args, **kwargs)
  File "/home/helen/miniconda3/envs/placer_env/lib/python3.10/site-packages/torch/nn/modules/module.py", line 1541, in _call_impl
    return forward_call(*args, **kwargs)
  File "/nvme2/helen/EnzymeStructuralFiltering/filterzyme/PLACER/modules/model.py", line 155, in forward
    return self.net(f1d)
  File "/home/helen/miniconda3/envs/placer_env/lib/python3.10/site-packages/torch/nn/modules/module.py", line 1532, in _wrapped_call_impl
    return self._call_impl(*args, **kwargs)
  File "/home/helen/miniconda3/envs/placer_env/lib/python3.10/site-packages/torch/nn/modules/module.py", line 1541, in _call_impl
    return forward_call(*args, **kwargs)
  File "/home/helen/miniconda3/envs/placer_env/lib/python3.10/site-packages/torch/nn/modules/container.py", line 217, in forward
    input = module(input)
  File "/home/helen/miniconda3/envs/placer_env/lib/python3.10/site-packages/torch/nn/modules/module.py", line 1532, in _wrapped_call_impl
    return self._call_impl(*args, **kwargs)
  File "/home/helen/miniconda3/envs/placer_env/lib/python3.10/site-packages/torch/nn/modules/module.py", line 1541, in _call_impl
    return forward_call(*args, **kwargs)
  File "/home/helen/miniconda3/envs/placer_env/lib/python3.10/site-packages/torch/nn/modules/linear.py", line 116, in forward
    return F.linear(input, self.weight, self.bias)
RuntimeError: CUDA error: CUBLAS_STATUS_NOT_INITIALIZED when calling `cublasCreate(handle)`

2025-12-15 16:41:21,515 | INFO |Entry EH39_Ethyl_3_oxohexanoate_0_chai: Single ligand detected. Running standard mode...
2025-12-15 16:41:43,654 | ERROR |PLACER failed for EH39_Ethyl_3_oxohexanoate_0_chai: Traceback (most recent call last):
  File "/nvme2/helen/EnzymeStructuralFiltering/filterzyme/PLACER/run_PLACER.py", line 282, in <module>
    main(args)
  File "/nvme2/helen/EnzymeStructuralFiltering/filterzyme/PLACER/run_PLACER.py", line 196, in main
    outputs = placer.run(placer_input_iter, args.nsamples)
  File "/nvme2/helen/EnzymeStructuralFiltering/filterzyme/PLACER/PLACER.py", line 405, in run
    Xs,Ds,plDDTs,pDEVs = self.net()(**{k:item[k] for k in input_keys}, recycles=recycles, save_recycling_data=save_recycling_data)
  File "/home/helen/miniconda3/envs/placer_env/lib/python3.10/site-packages/torch/nn/modules/module.py", line 1532, in _wrapped_call_impl
    return self._call_impl(*args, **kwargs)
  File "/home/helen/miniconda3/envs/placer_env/lib/python3.10/site-packages/torch/nn/modules/module.py", line 1541, in _call_impl
    return forward_call(*args, **kwargs)
  File "/nvme2/helen/EnzymeStructuralFiltering/filterzyme/PLACER/modules/model.py", line 281, in forward
    single = self.init_single(f1d)
  File "/home/helen/miniconda3/envs/placer_env/lib/python3.10/site-packages/torch/nn/modules/module.py", line 1532, in _wrapped_call_impl
    return self._call_impl(*args, **kwargs)
  File "/home/helen/miniconda3/envs/placer_env/lib/python3.10/site-packages/torch/nn/modules/module.py", line 1541, in _call_impl
    return forward_call(*args, **kwargs)
  File "/nvme2/helen/EnzymeStructuralFiltering/filterzyme/PLACER/modules/model.py", line 155, in forward
    return self.net(f1d)
  File "/home/helen/miniconda3/envs/placer_env/lib/python3.10/site-packages/torch/nn/modules/module.py", line 1532, in _wrapped_call_impl
    return self._call_impl(*args, **kwargs)
  File "/home/helen/miniconda3/envs/placer_env/lib/python3.10/site-packages/torch/nn/modules/module.py", line 1541, in _call_impl
    return forward_call(*args, **kwargs)
  File "/home/helen/miniconda3/envs/placer_env/lib/python3.10/site-packages/torch/nn/modules/container.py", line 217, in forward
    input = module(input)
  File "/home/helen/miniconda3/envs/placer_env/lib/python3.10/site-packages/torch/nn/modules/module.py", line 1532, in _wrapped_call_impl
    return self._call_impl(*args, **kwargs)
  File "/home/helen/miniconda3/envs/placer_env/lib/python3.10/site-packages/torch/nn/modules/module.py", line 1541, in _call_impl
    return forward_call(*args, **kwargs)
  File "/home/helen/miniconda3/envs/placer_env/lib/python3.10/site-packages/torch/nn/modules/linear.py", line 116, in forward
    return F.linear(input, self.weight, self.bias)
RuntimeError: CUDA error: CUBLAS_STATUS_NOT_INITIALIZED when calling `cublasCreate(handle)`

2025-12-15 16:41:43,658 | INFO |Entry EH39_Geranyl_acetate_0_chai: Single ligand detected. Running standard mode...
2025-12-15 16:45:05,136 | INFO |Entry EH39_L_Pantolactone_0_chai: Single ligand detected. Running standard mode...
2025-12-15 16:48:20,230 | INFO |Entry EH39_Vinyl_propionate_0_chai: Single ligand detected. Running standard mode...
2025-12-15 16:48:41,164 | ERROR |CUDA OOM on EH39_Vinyl_propionate_0_chai.
2025-12-15 16:48:41,169 | INFO |Entry EH3_1_Napthyl_acetate_0_chai: Single ligand detected. Running standard mode...
2025-12-15 16:49:03,027 | ERROR |PLACER failed for EH3_1_Napthyl_acetate_0_chai: Traceback (most recent call last):
  File "/nvme2/helen/EnzymeStructuralFiltering/filterzyme/PLACER/run_PLACER.py", line 282, in <module>
    main(args)
  File "/nvme2/helen/EnzymeStructuralFiltering/filterzyme/PLACER/run_PLACER.py", line 196, in main
    outputs = placer.run(placer_input_iter, args.nsamples)
  File "/nvme2/helen/EnzymeStructuralFiltering/filterzyme/PLACER/PLACER.py", line 405, in run
    Xs,Ds,plDDTs,pDEVs = self.net()(**{k:item[k] for k in input_keys}, recycles=recycles, save_recycling_data=save_recycling_data)
  File "/home/helen/miniconda3/envs/placer_env/lib/python3.10/site-packages/torch/nn/modules/module.py", line 1532, in _wrapped_call_impl
    return self._call_impl(*args, **kwargs)
  File "/home/helen/miniconda3/envs/placer_env/lib/python3.10/site-packages/torch/nn/modules/module.py", line 1541, in _call_impl
    return forward_call(*args, **kwargs)
  File "/nvme2/helen/EnzymeStructuralFiltering/filterzyme/PLACER/modules/model.py", line 281, in forward
    single = self.init_single(f1d)
  File "/home/helen/miniconda3/envs/placer_env/lib/python3.10/site-packages/torch/nn/modules/module.py", line 1532, in _wrapped_call_impl
    return self._call_impl(*args, **kwargs)
  File "/home/helen/miniconda3/envs/placer_env/lib/python3.10/site-packages/torch/nn/modules/module.py", line 1541, in _call_impl
    return forward_call(*args, **kwargs)
  File "/nvme2/helen/EnzymeStructuralFiltering/filterzyme/PLACER/modules/model.py", line 155, in forward
    return self.net(f1d)
  File "/home/helen/miniconda3/envs/placer_env/lib/python3.10/site-packages/torch/nn/modules/module.py", line 1532, in _wrapped_call_impl
    return self._call_impl(*args, **kwargs)
  File "/home/helen/miniconda3/envs/placer_env/lib/python3.10/site-packages/torch/nn/modules/module.py", line 1541, in _call_impl
    return forward_call(*args, **kwargs)
  File "/home/helen/miniconda3/envs/placer_env/lib/python3.10/site-packages/torch/nn/modules/container.py", line 217, in forward
    input = module(input)
  File "/home/helen/miniconda3/envs/placer_env/lib/python3.10/site-packages/torch/nn/modules/module.py", line 1532, in _wrapped_call_impl
    return self._call_impl(*args, **kwargs)
  File "/home/helen/miniconda3/envs/placer_env/lib/python3.10/site-packages/torch/nn/modules/module.py", line 1541, in _call_impl
    return forward_call(*args, **kwargs)
  File "/home/helen/miniconda3/envs/placer_env/lib/python3.10/site-packages/torch/nn/modules/linear.py", line 116, in forward
    return F.linear(input, self.weight, self.bias)
RuntimeError: CUDA error: CUBLAS_STATUS_NOT_INITIALIZED when calling `cublasCreate(handle)`

2025-12-15 16:49:03,031 | INFO |Entry EH3_Ethyl_3_oxohexanoate_0_chai: Single ligand detected. Running standard mode...
2025-12-15 16:49:25,208 | ERROR |PLACER failed for EH3_Ethyl_3_oxohexanoate_0_chai: Traceback (most recent call last):
  File "/nvme2/helen/EnzymeStructuralFiltering/filterzyme/PLACER/run_PLACER.py", line 282, in <module>
    main(args)
  File "/nvme2/helen/EnzymeStructuralFiltering/filterzyme/PLACER/run_PLACER.py", line 196, in main
    outputs = placer.run(placer_input_iter, args.nsamples)
  File "/nvme2/helen/EnzymeStructuralFiltering/filterzyme/PLACER/PLACER.py", line 405, in run
    Xs,Ds,plDDTs,pDEVs = self.net()(**{k:item[k] for k in input_keys}, recycles=recycles, save_recycling_data=save_recycling_data)
  File "/home/helen/miniconda3/envs/placer_env/lib/python3.10/site-packages/torch/nn/modules/module.py", line 1532, in _wrapped_call_impl
    return self._call_impl(*args, **kwargs)
  File "/home/helen/miniconda3/envs/placer_env/lib/python3.10/site-packages/torch/nn/modules/module.py", line 1541, in _call_impl
    return forward_call(*args, **kwargs)
  File "/nvme2/helen/EnzymeStructuralFiltering/filterzyme/PLACER/modules/model.py", line 281, in forward
    single = self.init_single(f1d)
  File "/home/helen/miniconda3/envs/placer_env/lib/python3.10/site-packages/torch/nn/modules/module.py", line 1532, in _wrapped_call_impl
    return self._call_impl(*args, **kwargs)
  File "/home/helen/miniconda3/envs/placer_env/lib/python3.10/site-packages/torch/nn/modules/module.py", line 1541, in _call_impl
    return forward_call(*args, **kwargs)
  File "/nvme2/helen/EnzymeStructuralFiltering/filterzyme/PLACER/modules/model.py", line 155, in forward
    return self.net(f1d)
  File "/home/helen/miniconda3/envs/placer_env/lib/python3.10/site-packages/torch/nn/modules/module.py", line 1532, in _wrapped_call_impl
    return self._call_impl(*args, **kwargs)
  File "/home/helen/miniconda3/envs/placer_env/lib/python3.10/site-packages/torch/nn/modules/module.py", line 1541, in _call_impl
    return forward_call(*args, **kwargs)
  File "/home/helen/miniconda3/envs/placer_env/lib/python3.10/site-packages/torch/nn/modules/container.py", line 217, in forward
    input = module(input)
  File "/home/helen/miniconda3/envs/placer_env/lib/python3.10/site-packages/torch/nn/modules/module.py", line 1532, in _wrapped_call_impl
    return self._call_impl(*args, **kwargs)
  File "/home/helen/miniconda3/envs/placer_env/lib/python3.10/site-packages/torch/nn/modules/module.py", line 1541, in _call_impl
    return forward_call(*args, **kwargs)
  File "/home/helen/miniconda3/envs/placer_env/lib/python3.10/site-packages/torch/nn/modules/linear.py", line 116, in forward
    return F.linear(input, self.weight, self.bias)
RuntimeError: CUDA error: CUBLAS_STATUS_NOT_INITIALIZED when calling `cublasCreate(handle)`

2025-12-15 16:49:25,212 | INFO |Entry EH3_Geranyl_acetate_0_chai: Single ligand detected. Running standard mode...
2025-12-15 16:49:48,055 | ERROR |PLACER failed for EH3_Geranyl_acetate_0_chai: Traceback (most recent call last):
  File "/nvme2/helen/EnzymeStructuralFiltering/filterzyme/PLACER/run_PLACER.py", line 282, in <module>
    main(args)
  File "/nvme2/helen/EnzymeStructuralFiltering/filterzyme/PLACER/run_PLACER.py", line 196, in main
    outputs = placer.run(placer_input_iter, args.nsamples)
  File "/nvme2/helen/EnzymeStructuralFiltering/filterzyme/PLACER/PLACER.py", line 405, in run
    Xs,Ds,plDDTs,pDEVs = self.net()(**{k:item[k] for k in input_keys}, recycles=recycles, save_recycling_data=save_recycling_data)
  File "/home/helen/miniconda3/envs/placer_env/lib/python3.10/site-packages/torch/nn/modules/module.py", line 1532, in _wrapped_call_impl
    return self._call_impl(*args, **kwargs)
  File "/home/helen/miniconda3/envs/placer_env/lib/python3.10/site-packages/torch/nn/modules/module.py", line 1541, in _call_impl
    return forward_call(*args, **kwargs)
  File "/nvme2/helen/EnzymeStructuralFiltering/filterzyme/PLACER/modules/model.py", line 281, in forward
    single = self.init_single(f1d)
  File "/home/helen/miniconda3/envs/placer_env/lib/python3.10/site-packages/torch/nn/modules/module.py", line 1532, in _wrapped_call_impl
    return self._call_impl(*args, **kwargs)
  File "/home/helen/miniconda3/envs/placer_env/lib/python3.10/site-packages/torch/nn/modules/module.py", line 1541, in _call_impl
    return forward_call(*args, **kwargs)
  File "/nvme2/helen/EnzymeStructuralFiltering/filterzyme/PLACER/modules/model.py", line 155, in forward
    return self.net(f1d)
  File "/home/helen/miniconda3/envs/placer_env/lib/python3.10/site-packages/torch/nn/modules/module.py", line 1532, in _wrapped_call_impl
    return self._call_impl(*args, **kwargs)
  File "/home/helen/miniconda3/envs/placer_env/lib/python3.10/site-packages/torch/nn/modules/module.py", line 1541, in _call_impl
    return forward_call(*args, **kwargs)
  File "/home/helen/miniconda3/envs/placer_env/lib/python3.10/site-packages/torch/nn/modules/container.py", line 217, in forward
    input = module(input)
  File "/home/helen/miniconda3/envs/placer_env/lib/python3.10/site-packages/torch/nn/modules/module.py", line 1532, in _wrapped_call_impl
    return self._call_impl(*args, **kwargs)
  File "/home/helen/miniconda3/envs/placer_env/lib/python3.10/site-packages/torch/nn/modules/module.py", line 1541, in _call_impl
    return forward_call(*args, **kwargs)
  File "/home/helen/miniconda3/envs/placer_env/lib/python3.10/site-packages/torch/nn/modules/linear.py", line 116, in forward
    return F.linear(input, self.weight, self.bias)
RuntimeError: CUDA error: CUBLAS_STATUS_NOT_INITIALIZED when calling `cublasCreate(handle)`

2025-12-15 16:49:48,059 | INFO |Entry EH3_L_Pantolactone_0_chai: Single ligand detected. Running standard mode...
2025-12-15 16:50:10,688 | ERROR |PLACER failed for EH3_L_Pantolactone_0_chai: Traceback (most recent call last):
  File "/nvme2/helen/EnzymeStructuralFiltering/filterzyme/PLACER/run_PLACER.py", line 282, in <module>
    main(args)
  File "/nvme2/helen/EnzymeStructuralFiltering/filterzyme/PLACER/run_PLACER.py", line 196, in main
    outputs = placer.run(placer_input_iter, args.nsamples)
  File "/nvme2/helen/EnzymeStructuralFiltering/filterzyme/PLACER/PLACER.py", line 405, in run
    Xs,Ds,plDDTs,pDEVs = self.net()(**{k:item[k] for k in input_keys}, recycles=recycles, save_recycling_data=save_recycling_data)
  File "/home/helen/miniconda3/envs/placer_env/lib/python3.10/site-packages/torch/nn/modules/module.py", line 1532, in _wrapped_call_impl
    return self._call_impl(*args, **kwargs)
  File "/home/helen/miniconda3/envs/placer_env/lib/python3.10/site-packages/torch/nn/modules/module.py", line 1541, in _call_impl
    return forward_call(*args, **kwargs)
  File "/nvme2/helen/EnzymeStructuralFiltering/filterzyme/PLACER/modules/model.py", line 281, in forward
    single = self.init_single(f1d)
  File "/home/helen/miniconda3/envs/placer_env/lib/python3.10/site-packages/torch/nn/modules/module.py", line 1532, in _wrapped_call_impl
    return self._call_impl(*args, **kwargs)
  File "/home/helen/miniconda3/envs/placer_env/lib/python3.10/site-packages/torch/nn/modules/module.py", line 1541, in _call_impl
    return forward_call(*args, **kwargs)
  File "/nvme2/helen/EnzymeStructuralFiltering/filterzyme/PLACER/modules/model.py", line 155, in forward
    return self.net(f1d)
  File "/home/helen/miniconda3/envs/placer_env/lib/python3.10/site-packages/torch/nn/modules/module.py", line 1532, in _wrapped_call_impl
    return self._call_impl(*args, **kwargs)
  File "/home/helen/miniconda3/envs/placer_env/lib/python3.10/site-packages/torch/nn/modules/module.py", line 1541, in _call_impl
    return forward_call(*args, **kwargs)
  File "/home/helen/miniconda3/envs/placer_env/lib/python3.10/site-packages/torch/nn/modules/container.py", line 217, in forward
    input = module(input)
  File "/home/helen/miniconda3/envs/placer_env/lib/python3.10/site-packages/torch/nn/modules/module.py", line 1532, in _wrapped_call_impl
    return self._call_impl(*args, **kwargs)
  File "/home/helen/miniconda3/envs/placer_env/lib/python3.10/site-packages/torch/nn/modules/module.py", line 1541, in _call_impl
    return forward_call(*args, **kwargs)
  File "/home/helen/miniconda3/envs/placer_env/lib/python3.10/site-packages/torch/nn/modules/linear.py", line 116, in forward
    return F.linear(input, self.weight, self.bias)
RuntimeError: CUDA error: CUBLAS_STATUS_NOT_INITIALIZED when calling `cublasCreate(handle)`

2025-12-15 16:50:10,692 | INFO |Entry EH3_Vinyl_propionate_0_chai: Single ligand detected. Running standard mode...
2025-12-15 16:50:32,838 | ERROR |PLACER failed for EH3_Vinyl_propionate_0_chai: Traceback (most recent call last):
  File "/nvme2/helen/EnzymeStructuralFiltering/filterzyme/PLACER/run_PLACER.py", line 282, in <module>
    main(args)
  File "/nvme2/helen/EnzymeStructuralFiltering/filterzyme/PLACER/run_PLACER.py", line 196, in main
    outputs = placer.run(placer_input_iter, args.nsamples)
  File "/nvme2/helen/EnzymeStructuralFiltering/filterzyme/PLACER/PLACER.py", line 405, in run
    Xs,Ds,plDDTs,pDEVs = self.net()(**{k:item[k] for k in input_keys}, recycles=recycles, save_recycling_data=save_recycling_data)
  File "/home/helen/miniconda3/envs/placer_env/lib/python3.10/site-packages/torch/nn/modules/module.py", line 1532, in _wrapped_call_impl
    return self._call_impl(*args, **kwargs)
  File "/home/helen/miniconda3/envs/placer_env/lib/python3.10/site-packages/torch/nn/modules/module.py", line 1541, in _call_impl
    return forward_call(*args, **kwargs)
  File "/nvme2/helen/EnzymeStructuralFiltering/filterzyme/PLACER/modules/model.py", line 281, in forward
    single = self.init_single(f1d)
  File "/home/helen/miniconda3/envs/placer_env/lib/python3.10/site-packages/torch/nn/modules/module.py", line 1532, in _wrapped_call_impl
    return self._call_impl(*args, **kwargs)
  File "/home/helen/miniconda3/envs/placer_env/lib/python3.10/site-packages/torch/nn/modules/module.py", line 1541, in _call_impl
    return forward_call(*args, **kwargs)
  File "/nvme2/helen/EnzymeStructuralFiltering/filterzyme/PLACER/modules/model.py", line 155, in forward
    return self.net(f1d)
  File "/home/helen/miniconda3/envs/placer_env/lib/python3.10/site-packages/torch/nn/modules/module.py", line 1532, in _wrapped_call_impl
    return self._call_impl(*args, **kwargs)
  File "/home/helen/miniconda3/envs/placer_env/lib/python3.10/site-packages/torch/nn/modules/module.py", line 1541, in _call_impl
    return forward_call(*args, **kwargs)
  File "/home/helen/miniconda3/envs/placer_env/lib/python3.10/site-packages/torch/nn/modules/container.py", line 217, in forward
    input = module(input)
  File "/home/helen/miniconda3/envs/placer_env/lib/python3.10/site-packages/torch/nn/modules/module.py", line 1532, in _wrapped_call_impl
    return self._call_impl(*args, **kwargs)
  File "/home/helen/miniconda3/envs/placer_env/lib/python3.10/site-packages/torch/nn/modules/module.py", line 1541, in _call_impl
    return forward_call(*args, **kwargs)
  File "/home/helen/miniconda3/envs/placer_env/lib/python3.10/site-packages/torch/nn/modules/linear.py", line 116, in forward
    return F.linear(input, self.weight, self.bias)
RuntimeError: CUDA error: CUBLAS_STATUS_NOT_INITIALIZED when calling `cublasCreate(handle)`

2025-12-15 16:50:32,843 | INFO |Entry EH40_1_Napthyl_acetate_0_chai: Single ligand detected. Running standard mode...
2025-12-15 16:50:55,840 | ERROR |PLACER failed for EH40_1_Napthyl_acetate_0_chai: Traceback (most recent call last):
  File "/nvme2/helen/EnzymeStructuralFiltering/filterzyme/PLACER/run_PLACER.py", line 282, in <module>
    main(args)
  File "/nvme2/helen/EnzymeStructuralFiltering/filterzyme/PLACER/run_PLACER.py", line 196, in main
    outputs = placer.run(placer_input_iter, args.nsamples)
  File "/nvme2/helen/EnzymeStructuralFiltering/filterzyme/PLACER/PLACER.py", line 405, in run
    Xs,Ds,plDDTs,pDEVs = self.net()(**{k:item[k] for k in input_keys}, recycles=recycles, save_recycling_data=save_recycling_data)
  File "/home/helen/miniconda3/envs/placer_env/lib/python3.10/site-packages/torch/nn/modules/module.py", line 1532, in _wrapped_call_impl
    return self._call_impl(*args, **kwargs)
  File "/home/helen/miniconda3/envs/placer_env/lib/python3.10/site-packages/torch/nn/modules/module.py", line 1541, in _call_impl
    return forward_call(*args, **kwargs)
  File "/nvme2/helen/EnzymeStructuralFiltering/filterzyme/PLACER/modules/model.py", line 281, in forward
    single = self.init_single(f1d)
  File "/home/helen/miniconda3/envs/placer_env/lib/python3.10/site-packages/torch/nn/modules/module.py", line 1532, in _wrapped_call_impl
    return self._call_impl(*args, **kwargs)
  File "/home/helen/miniconda3/envs/placer_env/lib/python3.10/site-packages/torch/nn/modules/module.py", line 1541, in _call_impl
    return forward_call(*args, **kwargs)
  File "/nvme2/helen/EnzymeStructuralFiltering/filterzyme/PLACER/modules/model.py", line 155, in forward
    return self.net(f1d)
  File "/home/helen/miniconda3/envs/placer_env/lib/python3.10/site-packages/torch/nn/modules/module.py", line 1532, in _wrapped_call_impl
    return self._call_impl(*args, **kwargs)
  File "/home/helen/miniconda3/envs/placer_env/lib/python3.10/site-packages/torch/nn/modules/module.py", line 1541, in _call_impl
    return forward_call(*args, **kwargs)
  File "/home/helen/miniconda3/envs/placer_env/lib/python3.10/site-packages/torch/nn/modules/container.py", line 217, in forward
    input = module(input)
  File "/home/helen/miniconda3/envs/placer_env/lib/python3.10/site-packages/torch/nn/modules/module.py", line 1532, in _wrapped_call_impl
    return self._call_impl(*args, **kwargs)
  File "/home/helen/miniconda3/envs/placer_env/lib/python3.10/site-packages/torch/nn/modules/module.py", line 1541, in _call_impl
    return forward_call(*args, **kwargs)
  File "/home/helen/miniconda3/envs/placer_env/lib/python3.10/site-packages/torch/nn/modules/linear.py", line 116, in forward
    return F.linear(input, self.weight, self.bias)
RuntimeError: CUDA error: CUBLAS_STATUS_NOT_INITIALIZED when calling `cublasCreate(handle)`

2025-12-15 16:50:55,843 | INFO |Entry EH40_Ethyl_3_oxohexanoate_0_chai: Single ligand detected. Running standard mode...
2025-12-15 16:54:07,789 | INFO |Entry EH40_Geranyl_acetate_0_chai: Single ligand detected. Running standard mode...
2025-12-15 16:54:28,252 | ERROR |CUDA OOM on EH40_Geranyl_acetate_0_chai.
2025-12-15 16:54:28,257 | INFO |Entry EH40_L_Pantolactone_0_chai: Single ligand detected. Running standard mode...
2025-12-15 16:57:32,972 | INFO |Entry EH40_Vinyl_propionate_0_chai: Single ligand detected. Running standard mode...
2025-12-15 16:57:53,459 | ERROR |CUDA OOM on EH40_Vinyl_propionate_0_chai.
2025-12-15 16:57:53,463 | INFO |Entry EH41_1_Napthyl_acetate_0_chai: Single ligand detected. Running standard mode...
2025-12-15 16:58:17,236 | ERROR |CUDA OOM on EH41_1_Napthyl_acetate_0_chai.
2025-12-15 16:58:17,240 | INFO |Entry EH41_Ethyl_3_oxohexanoate_0_chai: Single ligand detected. Running standard mode...
2025-12-15 16:58:42,511 | ERROR |CUDA OOM on EH41_Ethyl_3_oxohexanoate_0_chai.
2025-12-15 16:58:42,515 | INFO |Entry EH41_Geranyl_acetate_0_chai: Single ligand detected. Running standard mode...
2025-12-15 16:59:04,608 | ERROR |PLACER failed for EH41_Geranyl_acetate_0_chai: Traceback (most recent call last):
  File "/nvme2/helen/EnzymeStructuralFiltering/filterzyme/PLACER/run_PLACER.py", line 282, in <module>
    main(args)
  File "/nvme2/helen/EnzymeStructuralFiltering/filterzyme/PLACER/run_PLACER.py", line 196, in main
    outputs = placer.run(placer_input_iter, args.nsamples)
  File "/nvme2/helen/EnzymeStructuralFiltering/filterzyme/PLACER/PLACER.py", line 405, in run
    Xs,Ds,plDDTs,pDEVs = self.net()(**{k:item[k] for k in input_keys}, recycles=recycles, save_recycling_data=save_recycling_data)
  File "/home/helen/miniconda3/envs/placer_env/lib/python3.10/site-packages/torch/nn/modules/module.py", line 1532, in _wrapped_call_impl
    return self._call_impl(*args, **kwargs)
  File "/home/helen/miniconda3/envs/placer_env/lib/python3.10/site-packages/torch/nn/modules/module.py", line 1541, in _call_impl
    return forward_call(*args, **kwargs)
  File "/nvme2/helen/EnzymeStructuralFiltering/filterzyme/PLACER/modules/model.py", line 281, in forward
    single = self.init_single(f1d)
  File "/home/helen/miniconda3/envs/placer_env/lib/python3.10/site-packages/torch/nn/modules/module.py", line 1532, in _wrapped_call_impl
    return self._call_impl(*args, **kwargs)
  File "/home/helen/miniconda3/envs/placer_env/lib/python3.10/site-packages/torch/nn/modules/module.py", line 1541, in _call_impl
    return forward_call(*args, **kwargs)
  File "/nvme2/helen/EnzymeStructuralFiltering/filterzyme/PLACER/modules/model.py", line 155, in forward
    return self.net(f1d)
  File "/home/helen/miniconda3/envs/placer_env/lib/python3.10/site-packages/torch/nn/modules/module.py", line 1532, in _wrapped_call_impl
    return self._call_impl(*args, **kwargs)
  File "/home/helen/miniconda3/envs/placer_env/lib/python3.10/site-packages/torch/nn/modules/module.py", line 1541, in _call_impl
    return forward_call(*args, **kwargs)
  File "/home/helen/miniconda3/envs/placer_env/lib/python3.10/site-packages/torch/nn/modules/container.py", line 217, in forward
    input = module(input)
  File "/home/helen/miniconda3/envs/placer_env/lib/python3.10/site-packages/torch/nn/modules/module.py", line 1532, in _wrapped_call_impl
    return self._call_impl(*args, **kwargs)
  File "/home/helen/miniconda3/envs/placer_env/lib/python3.10/site-packages/torch/nn/modules/module.py", line 1541, in _call_impl
    return forward_call(*args, **kwargs)
  File "/home/helen/miniconda3/envs/placer_env/lib/python3.10/site-packages/torch/nn/modules/linear.py", line 116, in forward
    return F.linear(input, self.weight, self.bias)
RuntimeError: CUDA error: CUBLAS_STATUS_NOT_INITIALIZED when calling `cublasCreate(handle)`

2025-12-15 16:59:04,616 | INFO |Entry EH41_L_Pantolactone_0_chai: Single ligand detected. Running standard mode...
2025-12-15 16:59:27,193 | ERROR |PLACER failed for EH41_L_Pantolactone_0_chai: Traceback (most recent call last):
  File "/nvme2/helen/EnzymeStructuralFiltering/filterzyme/PLACER/run_PLACER.py", line 282, in <module>
    main(args)
  File "/nvme2/helen/EnzymeStructuralFiltering/filterzyme/PLACER/run_PLACER.py", line 196, in main
    outputs = placer.run(placer_input_iter, args.nsamples)
  File "/nvme2/helen/EnzymeStructuralFiltering/filterzyme/PLACER/PLACER.py", line 405, in run
    Xs,Ds,plDDTs,pDEVs = self.net()(**{k:item[k] for k in input_keys}, recycles=recycles, save_recycling_data=save_recycling_data)
  File "/home/helen/miniconda3/envs/placer_env/lib/python3.10/site-packages/torch/nn/modules/module.py", line 1532, in _wrapped_call_impl
    return self._call_impl(*args, **kwargs)
  File "/home/helen/miniconda3/envs/placer_env/lib/python3.10/site-packages/torch/nn/modules/module.py", line 1541, in _call_impl
    return forward_call(*args, **kwargs)
  File "/nvme2/helen/EnzymeStructuralFiltering/filterzyme/PLACER/modules/model.py", line 281, in forward
    single = self.init_single(f1d)
  File "/home/helen/miniconda3/envs/placer_env/lib/python3.10/site-packages/torch/nn/modules/module.py", line 1532, in _wrapped_call_impl
    return self._call_impl(*args, **kwargs)
  File "/home/helen/miniconda3/envs/placer_env/lib/python3.10/site-packages/torch/nn/modules/module.py", line 1541, in _call_impl
    return forward_call(*args, **kwargs)
  File "/nvme2/helen/EnzymeStructuralFiltering/filterzyme/PLACER/modules/model.py", line 155, in forward
    return self.net(f1d)
  File "/home/helen/miniconda3/envs/placer_env/lib/python3.10/site-packages/torch/nn/modules/module.py", line 1532, in _wrapped_call_impl
    return self._call_impl(*args, **kwargs)
  File "/home/helen/miniconda3/envs/placer_env/lib/python3.10/site-packages/torch/nn/modules/module.py", line 1541, in _call_impl
    return forward_call(*args, **kwargs)
  File "/home/helen/miniconda3/envs/placer_env/lib/python3.10/site-packages/torch/nn/modules/container.py", line 217, in forward
    input = module(input)
  File "/home/helen/miniconda3/envs/placer_env/lib/python3.10/site-packages/torch/nn/modules/module.py", line 1532, in _wrapped_call_impl
    return self._call_impl(*args, **kwargs)
  File "/home/helen/miniconda3/envs/placer_env/lib/python3.10/site-packages/torch/nn/modules/module.py", line 1541, in _call_impl
    return forward_call(*args, **kwargs)
  File "/home/helen/miniconda3/envs/placer_env/lib/python3.10/site-packages/torch/nn/modules/linear.py", line 116, in forward
    return F.linear(input, self.weight, self.bias)
RuntimeError: CUDA error: CUBLAS_STATUS_NOT_INITIALIZED when calling `cublasCreate(handle)`

2025-12-15 16:59:27,197 | INFO |Entry EH41_Vinyl_propionate_0_chai: Single ligand detected. Running standard mode...
2025-12-15 17:02:38,015 | INFO |Entry EH42_1_Napthyl_acetate_0_chai: Single ligand detected. Running standard mode...
2025-12-15 17:03:02,496 | ERROR |CUDA OOM on EH42_1_Napthyl_acetate_0_chai.
2025-12-15 17:03:02,500 | INFO |Entry EH42_Ethyl_3_oxohexanoate_0_chai: Single ligand detected. Running standard mode...
2025-12-15 17:03:26,171 | ERROR |CUDA OOM on EH42_Ethyl_3_oxohexanoate_0_chai.
2025-12-15 17:03:26,175 | INFO |Entry EH42_Geranyl_acetate_0_chai: Single ligand detected. Running standard mode...
2025-12-15 17:06:42,906 | INFO |Entry EH42_L_Pantolactone_0_chai: Single ligand detected. Running standard mode...
2025-12-15 17:09:50,418 | INFO |Entry EH42_Vinyl_propionate_0_chai: Single ligand detected. Running standard mode...
2025-12-15 17:10:11,266 | ERROR |CUDA OOM on EH42_Vinyl_propionate_0_chai.
2025-12-15 17:10:11,270 | INFO |Entry EH43_1_Napthyl_acetate_0_chai: Single ligand detected. Running standard mode...
2025-12-15 17:13:27,583 | INFO |Entry EH43_Ethyl_3_oxohexanoate_0_chai: Single ligand detected. Running standard mode...
2025-12-15 17:13:47,714 | ERROR |PLACER failed for EH43_Ethyl_3_oxohexanoate_0_chai: Traceback (most recent call last):
  File "/nvme2/helen/EnzymeStructuralFiltering/filterzyme/PLACER/run_PLACER.py", line 282, in <module>
    main(args)
  File "/nvme2/helen/EnzymeStructuralFiltering/filterzyme/PLACER/run_PLACER.py", line 196, in main
    outputs = placer.run(placer_input_iter, args.nsamples)
  File "/nvme2/helen/EnzymeStructuralFiltering/filterzyme/PLACER/PLACER.py", line 405, in run
    Xs,Ds,plDDTs,pDEVs = self.net()(**{k:item[k] for k in input_keys}, recycles=recycles, save_recycling_data=save_recycling_data)
  File "/home/helen/miniconda3/envs/placer_env/lib/python3.10/site-packages/torch/nn/modules/module.py", line 1532, in _wrapped_call_impl
    return self._call_impl(*args, **kwargs)
  File "/home/helen/miniconda3/envs/placer_env/lib/python3.10/site-packages/torch/nn/modules/module.py", line 1541, in _call_impl
    return forward_call(*args, **kwargs)
  File "/nvme2/helen/EnzymeStructuralFiltering/filterzyme/PLACER/modules/model.py", line 281, in forward
    single = self.init_single(f1d)
  File "/home/helen/miniconda3/envs/placer_env/lib/python3.10/site-packages/torch/nn/modules/module.py", line 1532, in _wrapped_call_impl
    return self._call_impl(*args, **kwargs)
  File "/home/helen/miniconda3/envs/placer_env/lib/python3.10/site-packages/torch/nn/modules/module.py", line 1541, in _call_impl
    return forward_call(*args, **kwargs)
  File "/nvme2/helen/EnzymeStructuralFiltering/filterzyme/PLACER/modules/model.py", line 155, in forward
    return self.net(f1d)
  File "/home/helen/miniconda3/envs/placer_env/lib/python3.10/site-packages/torch/nn/modules/module.py", line 1532, in _wrapped_call_impl
    return self._call_impl(*args, **kwargs)
  File "/home/helen/miniconda3/envs/placer_env/lib/python3.10/site-packages/torch/nn/modules/module.py", line 1541, in _call_impl
    return forward_call(*args, **kwargs)
  File "/home/helen/miniconda3/envs/placer_env/lib/python3.10/site-packages/torch/nn/modules/container.py", line 217, in forward
    input = module(input)
  File "/home/helen/miniconda3/envs/placer_env/lib/python3.10/site-packages/torch/nn/modules/module.py", line 1532, in _wrapped_call_impl
    return self._call_impl(*args, **kwargs)
  File "/home/helen/miniconda3/envs/placer_env/lib/python3.10/site-packages/torch/nn/modules/module.py", line 1541, in _call_impl
    return forward_call(*args, **kwargs)
  File "/home/helen/miniconda3/envs/placer_env/lib/python3.10/site-packages/torch/nn/modules/linear.py", line 116, in forward
    return F.linear(input, self.weight, self.bias)
RuntimeError: CUDA error: CUBLAS_STATUS_NOT_INITIALIZED when calling `cublasCreate(handle)`

2025-12-15 17:13:47,716 | INFO |Skipping EH43_Geranyl_acetate_0_chai, output already exists: EH43_Geranyl_acetate_0_chai.csv
2025-12-15 17:13:47,718 | INFO |Skipping EH43_L_Pantolactone_0_chai, output already exists: EH43_L_Pantolactone_0_chai.csv
2025-12-15 17:13:47,722 | INFO |Entry EH43_Vinyl_propionate_0_chai: Single ligand detected. Running standard mode...
2025-12-15 17:14:09,564 | ERROR |PLACER failed for EH43_Vinyl_propionate_0_chai: Traceback (most recent call last):
  File "/nvme2/helen/EnzymeStructuralFiltering/filterzyme/PLACER/run_PLACER.py", line 282, in <module>
    main(args)
  File "/nvme2/helen/EnzymeStructuralFiltering/filterzyme/PLACER/run_PLACER.py", line 196, in main
    outputs = placer.run(placer_input_iter, args.nsamples)
  File "/nvme2/helen/EnzymeStructuralFiltering/filterzyme/PLACER/PLACER.py", line 405, in run
    Xs,Ds,plDDTs,pDEVs = self.net()(**{k:item[k] for k in input_keys}, recycles=recycles, save_recycling_data=save_recycling_data)
  File "/home/helen/miniconda3/envs/placer_env/lib/python3.10/site-packages/torch/nn/modules/module.py", line 1532, in _wrapped_call_impl
    return self._call_impl(*args, **kwargs)
  File "/home/helen/miniconda3/envs/placer_env/lib/python3.10/site-packages/torch/nn/modules/module.py", line 1541, in _call_impl
    return forward_call(*args, **kwargs)
  File "/nvme2/helen/EnzymeStructuralFiltering/filterzyme/PLACER/modules/model.py", line 281, in forward
    single = self.init_single(f1d)
  File "/home/helen/miniconda3/envs/placer_env/lib/python3.10/site-packages/torch/nn/modules/module.py", line 1532, in _wrapped_call_impl
    return self._call_impl(*args, **kwargs)
  File "/home/helen/miniconda3/envs/placer_env/lib/python3.10/site-packages/torch/nn/modules/module.py", line 1541, in _call_impl
    return forward_call(*args, **kwargs)
  File "/nvme2/helen/EnzymeStructuralFiltering/filterzyme/PLACER/modules/model.py", line 155, in forward
    return self.net(f1d)
  File "/home/helen/miniconda3/envs/placer_env/lib/python3.10/site-packages/torch/nn/modules/module.py", line 1532, in _wrapped_call_impl
    return self._call_impl(*args, **kwargs)
  File "/home/helen/miniconda3/envs/placer_env/lib/python3.10/site-packages/torch/nn/modules/module.py", line 1541, in _call_impl
    return forward_call(*args, **kwargs)
  File "/home/helen/miniconda3/envs/placer_env/lib/python3.10/site-packages/torch/nn/modules/container.py", line 217, in forward
    input = module(input)
  File "/home/helen/miniconda3/envs/placer_env/lib/python3.10/site-packages/torch/nn/modules/module.py", line 1532, in _wrapped_call_impl
    return self._call_impl(*args, **kwargs)
  File "/home/helen/miniconda3/envs/placer_env/lib/python3.10/site-packages/torch/nn/modules/module.py", line 1541, in _call_impl
    return forward_call(*args, **kwargs)
  File "/home/helen/miniconda3/envs/placer_env/lib/python3.10/site-packages/torch/nn/modules/linear.py", line 116, in forward
    return F.linear(input, self.weight, self.bias)
RuntimeError: CUDA error: CUBLAS_STATUS_NOT_INITIALIZED when calling `cublasCreate(handle)`

2025-12-15 17:14:09,568 | INFO |Entry EH44_1_Napthyl_acetate_0_chai: Single ligand detected. Running standard mode...
2025-12-15 17:14:31,861 | ERROR |PLACER failed for EH44_1_Napthyl_acetate_0_chai: Traceback (most recent call last):
  File "/nvme2/helen/EnzymeStructuralFiltering/filterzyme/PLACER/run_PLACER.py", line 282, in <module>
    main(args)
  File "/nvme2/helen/EnzymeStructuralFiltering/filterzyme/PLACER/run_PLACER.py", line 196, in main
    outputs = placer.run(placer_input_iter, args.nsamples)
  File "/nvme2/helen/EnzymeStructuralFiltering/filterzyme/PLACER/PLACER.py", line 405, in run
    Xs,Ds,plDDTs,pDEVs = self.net()(**{k:item[k] for k in input_keys}, recycles=recycles, save_recycling_data=save_recycling_data)
  File "/home/helen/miniconda3/envs/placer_env/lib/python3.10/site-packages/torch/nn/modules/module.py", line 1532, in _wrapped_call_impl
    return self._call_impl(*args, **kwargs)
  File "/home/helen/miniconda3/envs/placer_env/lib/python3.10/site-packages/torch/nn/modules/module.py", line 1541, in _call_impl
    return forward_call(*args, **kwargs)
  File "/nvme2/helen/EnzymeStructuralFiltering/filterzyme/PLACER/modules/model.py", line 281, in forward
    single = self.init_single(f1d)
  File "/home/helen/miniconda3/envs/placer_env/lib/python3.10/site-packages/torch/nn/modules/module.py", line 1532, in _wrapped_call_impl
    return self._call_impl(*args, **kwargs)
  File "/home/helen/miniconda3/envs/placer_env/lib/python3.10/site-packages/torch/nn/modules/module.py", line 1541, in _call_impl
    return forward_call(*args, **kwargs)
  File "/nvme2/helen/EnzymeStructuralFiltering/filterzyme/PLACER/modules/model.py", line 155, in forward
    return self.net(f1d)
  File "/home/helen/miniconda3/envs/placer_env/lib/python3.10/site-packages/torch/nn/modules/module.py", line 1532, in _wrapped_call_impl
    return self._call_impl(*args, **kwargs)
  File "/home/helen/miniconda3/envs/placer_env/lib/python3.10/site-packages/torch/nn/modules/module.py", line 1541, in _call_impl
    return forward_call(*args, **kwargs)
  File "/home/helen/miniconda3/envs/placer_env/lib/python3.10/site-packages/torch/nn/modules/container.py", line 217, in forward
    input = module(input)
  File "/home/helen/miniconda3/envs/placer_env/lib/python3.10/site-packages/torch/nn/modules/module.py", line 1532, in _wrapped_call_impl
    return self._call_impl(*args, **kwargs)
  File "/home/helen/miniconda3/envs/placer_env/lib/python3.10/site-packages/torch/nn/modules/module.py", line 1541, in _call_impl
    return forward_call(*args, **kwargs)
  File "/home/helen/miniconda3/envs/placer_env/lib/python3.10/site-packages/torch/nn/modules/linear.py", line 116, in forward
    return F.linear(input, self.weight, self.bias)
RuntimeError: CUDA error: CUBLAS_STATUS_NOT_INITIALIZED when calling `cublasCreate(handle)`

2025-12-15 17:14:31,865 | INFO |Entry EH44_Ethyl_3_oxohexanoate_0_chai: Single ligand detected. Running standard mode...
2025-12-15 17:14:53,223 | ERROR |PLACER failed for EH44_Ethyl_3_oxohexanoate_0_chai: Traceback (most recent call last):
  File "/nvme2/helen/EnzymeStructuralFiltering/filterzyme/PLACER/run_PLACER.py", line 282, in <module>
    main(args)
  File "/nvme2/helen/EnzymeStructuralFiltering/filterzyme/PLACER/run_PLACER.py", line 196, in main
    outputs = placer.run(placer_input_iter, args.nsamples)
  File "/nvme2/helen/EnzymeStructuralFiltering/filterzyme/PLACER/PLACER.py", line 405, in run
    Xs,Ds,plDDTs,pDEVs = self.net()(**{k:item[k] for k in input_keys}, recycles=recycles, save_recycling_data=save_recycling_data)
  File "/home/helen/miniconda3/envs/placer_env/lib/python3.10/site-packages/torch/nn/modules/module.py", line 1532, in _wrapped_call_impl
    return self._call_impl(*args, **kwargs)
  File "/home/helen/miniconda3/envs/placer_env/lib/python3.10/site-packages/torch/nn/modules/module.py", line 1541, in _call_impl
    return forward_call(*args, **kwargs)
  File "/nvme2/helen/EnzymeStructuralFiltering/filterzyme/PLACER/modules/model.py", line 281, in forward
    single = self.init_single(f1d)
  File "/home/helen/miniconda3/envs/placer_env/lib/python3.10/site-packages/torch/nn/modules/module.py", line 1532, in _wrapped_call_impl
    return self._call_impl(*args, **kwargs)
  File "/home/helen/miniconda3/envs/placer_env/lib/python3.10/site-packages/torch/nn/modules/module.py", line 1541, in _call_impl
    return forward_call(*args, **kwargs)
  File "/nvme2/helen/EnzymeStructuralFiltering/filterzyme/PLACER/modules/model.py", line 155, in forward
    return self.net(f1d)
  File "/home/helen/miniconda3/envs/placer_env/lib/python3.10/site-packages/torch/nn/modules/module.py", line 1532, in _wrapped_call_impl
    return self._call_impl(*args, **kwargs)
  File "/home/helen/miniconda3/envs/placer_env/lib/python3.10/site-packages/torch/nn/modules/module.py", line 1541, in _call_impl
    return forward_call(*args, **kwargs)
  File "/home/helen/miniconda3/envs/placer_env/lib/python3.10/site-packages/torch/nn/modules/container.py", line 217, in forward
    input = module(input)
  File "/home/helen/miniconda3/envs/placer_env/lib/python3.10/site-packages/torch/nn/modules/module.py", line 1532, in _wrapped_call_impl
    return self._call_impl(*args, **kwargs)
  File "/home/helen/miniconda3/envs/placer_env/lib/python3.10/site-packages/torch/nn/modules/module.py", line 1541, in _call_impl
    return forward_call(*args, **kwargs)
  File "/home/helen/miniconda3/envs/placer_env/lib/python3.10/site-packages/torch/nn/modules/linear.py", line 116, in forward
    return F.linear(input, self.weight, self.bias)
RuntimeError: CUDA error: CUBLAS_STATUS_NOT_INITIALIZED when calling `cublasCreate(handle)`

2025-12-15 17:14:53,227 | INFO |Entry EH44_Geranyl_acetate_0_chai: Single ligand detected. Running standard mode...
2025-12-15 17:15:14,844 | ERROR |PLACER failed for EH44_Geranyl_acetate_0_chai: Traceback (most recent call last):
  File "/nvme2/helen/EnzymeStructuralFiltering/filterzyme/PLACER/run_PLACER.py", line 282, in <module>
    main(args)
  File "/nvme2/helen/EnzymeStructuralFiltering/filterzyme/PLACER/run_PLACER.py", line 196, in main
    outputs = placer.run(placer_input_iter, args.nsamples)
  File "/nvme2/helen/EnzymeStructuralFiltering/filterzyme/PLACER/PLACER.py", line 405, in run
    Xs,Ds,plDDTs,pDEVs = self.net()(**{k:item[k] for k in input_keys}, recycles=recycles, save_recycling_data=save_recycling_data)
  File "/home/helen/miniconda3/envs/placer_env/lib/python3.10/site-packages/torch/nn/modules/module.py", line 1532, in _wrapped_call_impl
    return self._call_impl(*args, **kwargs)
  File "/home/helen/miniconda3/envs/placer_env/lib/python3.10/site-packages/torch/nn/modules/module.py", line 1541, in _call_impl
    return forward_call(*args, **kwargs)
  File "/nvme2/helen/EnzymeStructuralFiltering/filterzyme/PLACER/modules/model.py", line 281, in forward
    single = self.init_single(f1d)
  File "/home/helen/miniconda3/envs/placer_env/lib/python3.10/site-packages/torch/nn/modules/module.py", line 1532, in _wrapped_call_impl
    return self._call_impl(*args, **kwargs)
  File "/home/helen/miniconda3/envs/placer_env/lib/python3.10/site-packages/torch/nn/modules/module.py", line 1541, in _call_impl
    return forward_call(*args, **kwargs)
  File "/nvme2/helen/EnzymeStructuralFiltering/filterzyme/PLACER/modules/model.py", line 155, in forward
    return self.net(f1d)
  File "/home/helen/miniconda3/envs/placer_env/lib/python3.10/site-packages/torch/nn/modules/module.py", line 1532, in _wrapped_call_impl
    return self._call_impl(*args, **kwargs)
  File "/home/helen/miniconda3/envs/placer_env/lib/python3.10/site-packages/torch/nn/modules/module.py", line 1541, in _call_impl
    return forward_call(*args, **kwargs)
  File "/home/helen/miniconda3/envs/placer_env/lib/python3.10/site-packages/torch/nn/modules/container.py", line 217, in forward
    input = module(input)
  File "/home/helen/miniconda3/envs/placer_env/lib/python3.10/site-packages/torch/nn/modules/module.py", line 1532, in _wrapped_call_impl
    return self._call_impl(*args, **kwargs)
  File "/home/helen/miniconda3/envs/placer_env/lib/python3.10/site-packages/torch/nn/modules/module.py", line 1541, in _call_impl
    return forward_call(*args, **kwargs)
  File "/home/helen/miniconda3/envs/placer_env/lib/python3.10/site-packages/torch/nn/modules/linear.py", line 116, in forward
    return F.linear(input, self.weight, self.bias)
RuntimeError: CUDA error: CUBLAS_STATUS_NOT_INITIALIZED when calling `cublasCreate(handle)`

2025-12-15 17:15:14,848 | INFO |Entry EH44_L_Pantolactone_0_chai: Single ligand detected. Running standard mode...
2025-12-15 17:15:36,349 | ERROR |PLACER failed for EH44_L_Pantolactone_0_chai: Traceback (most recent call last):
  File "/nvme2/helen/EnzymeStructuralFiltering/filterzyme/PLACER/run_PLACER.py", line 282, in <module>
    main(args)
  File "/nvme2/helen/EnzymeStructuralFiltering/filterzyme/PLACER/run_PLACER.py", line 196, in main
    outputs = placer.run(placer_input_iter, args.nsamples)
  File "/nvme2/helen/EnzymeStructuralFiltering/filterzyme/PLACER/PLACER.py", line 405, in run
    Xs,Ds,plDDTs,pDEVs = self.net()(**{k:item[k] for k in input_keys}, recycles=recycles, save_recycling_data=save_recycling_data)
  File "/home/helen/miniconda3/envs/placer_env/lib/python3.10/site-packages/torch/nn/modules/module.py", line 1532, in _wrapped_call_impl
    return self._call_impl(*args, **kwargs)
  File "/home/helen/miniconda3/envs/placer_env/lib/python3.10/site-packages/torch/nn/modules/module.py", line 1541, in _call_impl
    return forward_call(*args, **kwargs)
  File "/nvme2/helen/EnzymeStructuralFiltering/filterzyme/PLACER/modules/model.py", line 281, in forward
    single = self.init_single(f1d)
  File "/home/helen/miniconda3/envs/placer_env/lib/python3.10/site-packages/torch/nn/modules/module.py", line 1532, in _wrapped_call_impl
    return self._call_impl(*args, **kwargs)
  File "/home/helen/miniconda3/envs/placer_env/lib/python3.10/site-packages/torch/nn/modules/module.py", line 1541, in _call_impl
    return forward_call(*args, **kwargs)
  File "/nvme2/helen/EnzymeStructuralFiltering/filterzyme/PLACER/modules/model.py", line 155, in forward
    return self.net(f1d)
  File "/home/helen/miniconda3/envs/placer_env/lib/python3.10/site-packages/torch/nn/modules/module.py", line 1532, in _wrapped_call_impl
    return self._call_impl(*args, **kwargs)
  File "/home/helen/miniconda3/envs/placer_env/lib/python3.10/site-packages/torch/nn/modules/module.py", line 1541, in _call_impl
    return forward_call(*args, **kwargs)
  File "/home/helen/miniconda3/envs/placer_env/lib/python3.10/site-packages/torch/nn/modules/container.py", line 217, in forward
    input = module(input)
  File "/home/helen/miniconda3/envs/placer_env/lib/python3.10/site-packages/torch/nn/modules/module.py", line 1532, in _wrapped_call_impl
    return self._call_impl(*args, **kwargs)
  File "/home/helen/miniconda3/envs/placer_env/lib/python3.10/site-packages/torch/nn/modules/module.py", line 1541, in _call_impl
    return forward_call(*args, **kwargs)
  File "/home/helen/miniconda3/envs/placer_env/lib/python3.10/site-packages/torch/nn/modules/linear.py", line 116, in forward
    return F.linear(input, self.weight, self.bias)
RuntimeError: CUDA error: CUBLAS_STATUS_NOT_INITIALIZED when calling `cublasCreate(handle)`

2025-12-15 17:15:36,353 | INFO |Entry EH44_Vinyl_propionate_0_chai: Single ligand detected. Running standard mode...
2025-12-15 17:18:54,884 | INFO |Entry EH45_1_Napthyl_acetate_0_chai: Single ligand detected. Running standard mode...
2025-12-15 17:22:05,812 | INFO |Entry EH45_Ethyl_3_oxohexanoate_0_chai: Single ligand detected. Running standard mode...
2025-12-15 17:22:24,095 | ERROR |PLACER failed for EH45_Ethyl_3_oxohexanoate_0_chai: Traceback (most recent call last):
  File "/nvme2/helen/EnzymeStructuralFiltering/filterzyme/PLACER/run_PLACER.py", line 282, in <module>
    main(args)
  File "/nvme2/helen/EnzymeStructuralFiltering/filterzyme/PLACER/run_PLACER.py", line 196, in main
    outputs = placer.run(placer_input_iter, args.nsamples)
  File "/nvme2/helen/EnzymeStructuralFiltering/filterzyme/PLACER/PLACER.py", line 405, in run
    Xs,Ds,plDDTs,pDEVs = self.net()(**{k:item[k] for k in input_keys}, recycles=recycles, save_recycling_data=save_recycling_data)
  File "/home/helen/miniconda3/envs/placer_env/lib/python3.10/site-packages/torch/nn/modules/module.py", line 1532, in _wrapped_call_impl
    return self._call_impl(*args, **kwargs)
  File "/home/helen/miniconda3/envs/placer_env/lib/python3.10/site-packages/torch/nn/modules/module.py", line 1541, in _call_impl
    return forward_call(*args, **kwargs)
  File "/nvme2/helen/EnzymeStructuralFiltering/filterzyme/PLACER/modules/model.py", line 281, in forward
    single = self.init_single(f1d)
  File "/home/helen/miniconda3/envs/placer_env/lib/python3.10/site-packages/torch/nn/modules/module.py", line 1532, in _wrapped_call_impl
    return self._call_impl(*args, **kwargs)
  File "/home/helen/miniconda3/envs/placer_env/lib/python3.10/site-packages/torch/nn/modules/module.py", line 1541, in _call_impl
    return forward_call(*args, **kwargs)
  File "/nvme2/helen/EnzymeStructuralFiltering/filterzyme/PLACER/modules/model.py", line 155, in forward
    return self.net(f1d)
  File "/home/helen/miniconda3/envs/placer_env/lib/python3.10/site-packages/torch/nn/modules/module.py", line 1532, in _wrapped_call_impl
    return self._call_impl(*args, **kwargs)
  File "/home/helen/miniconda3/envs/placer_env/lib/python3.10/site-packages/torch/nn/modules/module.py", line 1541, in _call_impl
    return forward_call(*args, **kwargs)
  File "/home/helen/miniconda3/envs/placer_env/lib/python3.10/site-packages/torch/nn/modules/container.py", line 217, in forward
    input = module(input)
  File "/home/helen/miniconda3/envs/placer_env/lib/python3.10/site-packages/torch/nn/modules/module.py", line 1532, in _wrapped_call_impl
    return self._call_impl(*args, **kwargs)
  File "/home/helen/miniconda3/envs/placer_env/lib/python3.10/site-packages/torch/nn/modules/module.py", line 1541, in _call_impl
    return forward_call(*args, **kwargs)
  File "/home/helen/miniconda3/envs/placer_env/lib/python3.10/site-packages/torch/nn/modules/linear.py", line 116, in forward
    return F.linear(input, self.weight, self.bias)
RuntimeError: CUDA error: CUBLAS_STATUS_NOT_INITIALIZED when calling `cublasCreate(handle)`

2025-12-15 17:22:24,099 | INFO |Entry EH45_Geranyl_acetate_0_chai: Single ligand detected. Running standard mode...
2025-12-15 17:25:44,141 | INFO |Skipping EH45_L_Pantolactone_0_chai, output already exists: EH45_L_Pantolactone_0_chai.csv
2025-12-15 17:25:44,143 | INFO |Skipping EH45_Vinyl_propionate_0_chai, output already exists: EH45_Vinyl_propionate_0_chai.csv
2025-12-15 17:25:44,146 | INFO |Entry EH46_1_Napthyl_acetate_0_chai: Single ligand detected. Running standard mode...
2025-12-15 17:26:03,356 | ERROR |PLACER failed for EH46_1_Napthyl_acetate_0_chai: Traceback (most recent call last):
  File "/nvme2/helen/EnzymeStructuralFiltering/filterzyme/PLACER/run_PLACER.py", line 282, in <module>
    main(args)
  File "/nvme2/helen/EnzymeStructuralFiltering/filterzyme/PLACER/run_PLACER.py", line 196, in main
    outputs = placer.run(placer_input_iter, args.nsamples)
  File "/nvme2/helen/EnzymeStructuralFiltering/filterzyme/PLACER/PLACER.py", line 405, in run
    Xs,Ds,plDDTs,pDEVs = self.net()(**{k:item[k] for k in input_keys}, recycles=recycles, save_recycling_data=save_recycling_data)
  File "/home/helen/miniconda3/envs/placer_env/lib/python3.10/site-packages/torch/nn/modules/module.py", line 1532, in _wrapped_call_impl
    return self._call_impl(*args, **kwargs)
  File "/home/helen/miniconda3/envs/placer_env/lib/python3.10/site-packages/torch/nn/modules/module.py", line 1541, in _call_impl
    return forward_call(*args, **kwargs)
  File "/nvme2/helen/EnzymeStructuralFiltering/filterzyme/PLACER/modules/model.py", line 281, in forward
    single = self.init_single(f1d)
  File "/home/helen/miniconda3/envs/placer_env/lib/python3.10/site-packages/torch/nn/modules/module.py", line 1532, in _wrapped_call_impl
    return self._call_impl(*args, **kwargs)
  File "/home/helen/miniconda3/envs/placer_env/lib/python3.10/site-packages/torch/nn/modules/module.py", line 1541, in _call_impl
    return forward_call(*args, **kwargs)
  File "/nvme2/helen/EnzymeStructuralFiltering/filterzyme/PLACER/modules/model.py", line 155, in forward
    return self.net(f1d)
  File "/home/helen/miniconda3/envs/placer_env/lib/python3.10/site-packages/torch/nn/modules/module.py", line 1532, in _wrapped_call_impl
    return self._call_impl(*args, **kwargs)
  File "/home/helen/miniconda3/envs/placer_env/lib/python3.10/site-packages/torch/nn/modules/module.py", line 1541, in _call_impl
    return forward_call(*args, **kwargs)
  File "/home/helen/miniconda3/envs/placer_env/lib/python3.10/site-packages/torch/nn/modules/container.py", line 217, in forward
    input = module(input)
  File "/home/helen/miniconda3/envs/placer_env/lib/python3.10/site-packages/torch/nn/modules/module.py", line 1532, in _wrapped_call_impl
    return self._call_impl(*args, **kwargs)
  File "/home/helen/miniconda3/envs/placer_env/lib/python3.10/site-packages/torch/nn/modules/module.py", line 1541, in _call_impl
    return forward_call(*args, **kwargs)
  File "/home/helen/miniconda3/envs/placer_env/lib/python3.10/site-packages/torch/nn/modules/linear.py", line 116, in forward
    return F.linear(input, self.weight, self.bias)
RuntimeError: CUDA error: CUBLAS_STATUS_NOT_INITIALIZED when calling `cublasCreate(handle)`

2025-12-15 17:26:03,363 | INFO |Entry EH46_Ethyl_3_oxohexanoate_0_chai: Single ligand detected. Running standard mode...
2025-12-15 17:26:26,579 | ERROR |PLACER failed for EH46_Ethyl_3_oxohexanoate_0_chai: Traceback (most recent call last):
  File "/nvme2/helen/EnzymeStructuralFiltering/filterzyme/PLACER/run_PLACER.py", line 282, in <module>
    main(args)
  File "/nvme2/helen/EnzymeStructuralFiltering/filterzyme/PLACER/run_PLACER.py", line 196, in main
    outputs = placer.run(placer_input_iter, args.nsamples)
  File "/nvme2/helen/EnzymeStructuralFiltering/filterzyme/PLACER/PLACER.py", line 405, in run
    Xs,Ds,plDDTs,pDEVs = self.net()(**{k:item[k] for k in input_keys}, recycles=recycles, save_recycling_data=save_recycling_data)
  File "/home/helen/miniconda3/envs/placer_env/lib/python3.10/site-packages/torch/nn/modules/module.py", line 1532, in _wrapped_call_impl
    return self._call_impl(*args, **kwargs)
  File "/home/helen/miniconda3/envs/placer_env/lib/python3.10/site-packages/torch/nn/modules/module.py", line 1541, in _call_impl
    return forward_call(*args, **kwargs)
  File "/nvme2/helen/EnzymeStructuralFiltering/filterzyme/PLACER/modules/model.py", line 281, in forward
    single = self.init_single(f1d)
  File "/home/helen/miniconda3/envs/placer_env/lib/python3.10/site-packages/torch/nn/modules/module.py", line 1532, in _wrapped_call_impl
    return self._call_impl(*args, **kwargs)
  File "/home/helen/miniconda3/envs/placer_env/lib/python3.10/site-packages/torch/nn/modules/module.py", line 1541, in _call_impl
    return forward_call(*args, **kwargs)
  File "/nvme2/helen/EnzymeStructuralFiltering/filterzyme/PLACER/modules/model.py", line 155, in forward
    return self.net(f1d)
  File "/home/helen/miniconda3/envs/placer_env/lib/python3.10/site-packages/torch/nn/modules/module.py", line 1532, in _wrapped_call_impl
    return self._call_impl(*args, **kwargs)
  File "/home/helen/miniconda3/envs/placer_env/lib/python3.10/site-packages/torch/nn/modules/module.py", line 1541, in _call_impl
    return forward_call(*args, **kwargs)
  File "/home/helen/miniconda3/envs/placer_env/lib/python3.10/site-packages/torch/nn/modules/container.py", line 217, in forward
    input = module(input)
  File "/home/helen/miniconda3/envs/placer_env/lib/python3.10/site-packages/torch/nn/modules/module.py", line 1532, in _wrapped_call_impl
    return self._call_impl(*args, **kwargs)
  File "/home/helen/miniconda3/envs/placer_env/lib/python3.10/site-packages/torch/nn/modules/module.py", line 1541, in _call_impl
    return forward_call(*args, **kwargs)
  File "/home/helen/miniconda3/envs/placer_env/lib/python3.10/site-packages/torch/nn/modules/linear.py", line 116, in forward
    return F.linear(input, self.weight, self.bias)
RuntimeError: CUDA error: CUBLAS_STATUS_NOT_INITIALIZED when calling `cublasCreate(handle)`

2025-12-15 17:26:26,582 | INFO |Entry EH46_Geranyl_acetate_0_chai: Single ligand detected. Running standard mode...
2025-12-15 17:26:48,469 | ERROR |PLACER failed for EH46_Geranyl_acetate_0_chai: Traceback (most recent call last):
  File "/nvme2/helen/EnzymeStructuralFiltering/filterzyme/PLACER/run_PLACER.py", line 282, in <module>
    main(args)
  File "/nvme2/helen/EnzymeStructuralFiltering/filterzyme/PLACER/run_PLACER.py", line 196, in main
    outputs = placer.run(placer_input_iter, args.nsamples)
  File "/nvme2/helen/EnzymeStructuralFiltering/filterzyme/PLACER/PLACER.py", line 405, in run
    Xs,Ds,plDDTs,pDEVs = self.net()(**{k:item[k] for k in input_keys}, recycles=recycles, save_recycling_data=save_recycling_data)
  File "/home/helen/miniconda3/envs/placer_env/lib/python3.10/site-packages/torch/nn/modules/module.py", line 1532, in _wrapped_call_impl
    return self._call_impl(*args, **kwargs)
  File "/home/helen/miniconda3/envs/placer_env/lib/python3.10/site-packages/torch/nn/modules/module.py", line 1541, in _call_impl
    return forward_call(*args, **kwargs)
  File "/nvme2/helen/EnzymeStructuralFiltering/filterzyme/PLACER/modules/model.py", line 281, in forward
    single = self.init_single(f1d)
  File "/home/helen/miniconda3/envs/placer_env/lib/python3.10/site-packages/torch/nn/modules/module.py", line 1532, in _wrapped_call_impl
    return self._call_impl(*args, **kwargs)
  File "/home/helen/miniconda3/envs/placer_env/lib/python3.10/site-packages/torch/nn/modules/module.py", line 1541, in _call_impl
    return forward_call(*args, **kwargs)
  File "/nvme2/helen/EnzymeStructuralFiltering/filterzyme/PLACER/modules/model.py", line 155, in forward
    return self.net(f1d)
  File "/home/helen/miniconda3/envs/placer_env/lib/python3.10/site-packages/torch/nn/modules/module.py", line 1532, in _wrapped_call_impl
    return self._call_impl(*args, **kwargs)
  File "/home/helen/miniconda3/envs/placer_env/lib/python3.10/site-packages/torch/nn/modules/module.py", line 1541, in _call_impl
    return forward_call(*args, **kwargs)
  File "/home/helen/miniconda3/envs/placer_env/lib/python3.10/site-packages/torch/nn/modules/container.py", line 217, in forward
    input = module(input)
  File "/home/helen/miniconda3/envs/placer_env/lib/python3.10/site-packages/torch/nn/modules/module.py", line 1532, in _wrapped_call_impl
    return self._call_impl(*args, **kwargs)
  File "/home/helen/miniconda3/envs/placer_env/lib/python3.10/site-packages/torch/nn/modules/module.py", line 1541, in _call_impl
    return forward_call(*args, **kwargs)
  File "/home/helen/miniconda3/envs/placer_env/lib/python3.10/site-packages/torch/nn/modules/linear.py", line 116, in forward
    return F.linear(input, self.weight, self.bias)
RuntimeError: CUDA error: CUBLAS_STATUS_NOT_INITIALIZED when calling `cublasCreate(handle)`

2025-12-15 17:26:48,475 | INFO |Entry EH46_L_Pantolactone_0_chai: Single ligand detected. Running standard mode...
2025-12-15 17:27:11,042 | ERROR |PLACER failed for EH46_L_Pantolactone_0_chai: Traceback (most recent call last):
  File "/nvme2/helen/EnzymeStructuralFiltering/filterzyme/PLACER/run_PLACER.py", line 282, in <module>
    main(args)
  File "/nvme2/helen/EnzymeStructuralFiltering/filterzyme/PLACER/run_PLACER.py", line 196, in main
    outputs = placer.run(placer_input_iter, args.nsamples)
  File "/nvme2/helen/EnzymeStructuralFiltering/filterzyme/PLACER/PLACER.py", line 405, in run
    Xs,Ds,plDDTs,pDEVs = self.net()(**{k:item[k] for k in input_keys}, recycles=recycles, save_recycling_data=save_recycling_data)
  File "/home/helen/miniconda3/envs/placer_env/lib/python3.10/site-packages/torch/nn/modules/module.py", line 1532, in _wrapped_call_impl
    return self._call_impl(*args, **kwargs)
  File "/home/helen/miniconda3/envs/placer_env/lib/python3.10/site-packages/torch/nn/modules/module.py", line 1541, in _call_impl
    return forward_call(*args, **kwargs)
  File "/nvme2/helen/EnzymeStructuralFiltering/filterzyme/PLACER/modules/model.py", line 281, in forward
    single = self.init_single(f1d)
  File "/home/helen/miniconda3/envs/placer_env/lib/python3.10/site-packages/torch/nn/modules/module.py", line 1532, in _wrapped_call_impl
    return self._call_impl(*args, **kwargs)
  File "/home/helen/miniconda3/envs/placer_env/lib/python3.10/site-packages/torch/nn/modules/module.py", line 1541, in _call_impl
    return forward_call(*args, **kwargs)
  File "/nvme2/helen/EnzymeStructuralFiltering/filterzyme/PLACER/modules/model.py", line 155, in forward
    return self.net(f1d)
  File "/home/helen/miniconda3/envs/placer_env/lib/python3.10/site-packages/torch/nn/modules/module.py", line 1532, in _wrapped_call_impl
    return self._call_impl(*args, **kwargs)
  File "/home/helen/miniconda3/envs/placer_env/lib/python3.10/site-packages/torch/nn/modules/module.py", line 1541, in _call_impl
    return forward_call(*args, **kwargs)
  File "/home/helen/miniconda3/envs/placer_env/lib/python3.10/site-packages/torch/nn/modules/container.py", line 217, in forward
    input = module(input)
  File "/home/helen/miniconda3/envs/placer_env/lib/python3.10/site-packages/torch/nn/modules/module.py", line 1532, in _wrapped_call_impl
    return self._call_impl(*args, **kwargs)
  File "/home/helen/miniconda3/envs/placer_env/lib/python3.10/site-packages/torch/nn/modules/module.py", line 1541, in _call_impl
    return forward_call(*args, **kwargs)
  File "/home/helen/miniconda3/envs/placer_env/lib/python3.10/site-packages/torch/nn/modules/linear.py", line 116, in forward
    return F.linear(input, self.weight, self.bias)
RuntimeError: CUDA error: CUBLAS_STATUS_NOT_INITIALIZED when calling `cublasCreate(handle)`

2025-12-15 17:27:11,049 | INFO |Entry EH46_Vinyl_propionate_0_chai: Single ligand detected. Running standard mode...
2025-12-15 17:27:33,129 | ERROR |PLACER failed for EH46_Vinyl_propionate_0_chai: Traceback (most recent call last):
  File "/nvme2/helen/EnzymeStructuralFiltering/filterzyme/PLACER/run_PLACER.py", line 282, in <module>
    main(args)
  File "/nvme2/helen/EnzymeStructuralFiltering/filterzyme/PLACER/run_PLACER.py", line 196, in main
    outputs = placer.run(placer_input_iter, args.nsamples)
  File "/nvme2/helen/EnzymeStructuralFiltering/filterzyme/PLACER/PLACER.py", line 405, in run
    Xs,Ds,plDDTs,pDEVs = self.net()(**{k:item[k] for k in input_keys}, recycles=recycles, save_recycling_data=save_recycling_data)
  File "/home/helen/miniconda3/envs/placer_env/lib/python3.10/site-packages/torch/nn/modules/module.py", line 1532, in _wrapped_call_impl
    return self._call_impl(*args, **kwargs)
  File "/home/helen/miniconda3/envs/placer_env/lib/python3.10/site-packages/torch/nn/modules/module.py", line 1541, in _call_impl
    return forward_call(*args, **kwargs)
  File "/nvme2/helen/EnzymeStructuralFiltering/filterzyme/PLACER/modules/model.py", line 281, in forward
    single = self.init_single(f1d)
  File "/home/helen/miniconda3/envs/placer_env/lib/python3.10/site-packages/torch/nn/modules/module.py", line 1532, in _wrapped_call_impl
    return self._call_impl(*args, **kwargs)
  File "/home/helen/miniconda3/envs/placer_env/lib/python3.10/site-packages/torch/nn/modules/module.py", line 1541, in _call_impl
    return forward_call(*args, **kwargs)
  File "/nvme2/helen/EnzymeStructuralFiltering/filterzyme/PLACER/modules/model.py", line 155, in forward
    return self.net(f1d)
  File "/home/helen/miniconda3/envs/placer_env/lib/python3.10/site-packages/torch/nn/modules/module.py", line 1532, in _wrapped_call_impl
    return self._call_impl(*args, **kwargs)
  File "/home/helen/miniconda3/envs/placer_env/lib/python3.10/site-packages/torch/nn/modules/module.py", line 1541, in _call_impl
    return forward_call(*args, **kwargs)
  File "/home/helen/miniconda3/envs/placer_env/lib/python3.10/site-packages/torch/nn/modules/container.py", line 217, in forward
    input = module(input)
  File "/home/helen/miniconda3/envs/placer_env/lib/python3.10/site-packages/torch/nn/modules/module.py", line 1532, in _wrapped_call_impl
    return self._call_impl(*args, **kwargs)
  File "/home/helen/miniconda3/envs/placer_env/lib/python3.10/site-packages/torch/nn/modules/module.py", line 1541, in _call_impl
    return forward_call(*args, **kwargs)
  File "/home/helen/miniconda3/envs/placer_env/lib/python3.10/site-packages/torch/nn/modules/linear.py", line 116, in forward
    return F.linear(input, self.weight, self.bias)
RuntimeError: CUDA error: CUBLAS_STATUS_NOT_INITIALIZED when calling `cublasCreate(handle)`

2025-12-15 17:27:33,134 | INFO |Entry EH47_1_Napthyl_acetate_0_chai: Single ligand detected. Running standard mode...
2025-12-15 17:27:55,647 | ERROR |PLACER failed for EH47_1_Napthyl_acetate_0_chai: Traceback (most recent call last):
  File "/nvme2/helen/EnzymeStructuralFiltering/filterzyme/PLACER/run_PLACER.py", line 282, in <module>
    main(args)
  File "/nvme2/helen/EnzymeStructuralFiltering/filterzyme/PLACER/run_PLACER.py", line 196, in main
    outputs = placer.run(placer_input_iter, args.nsamples)
  File "/nvme2/helen/EnzymeStructuralFiltering/filterzyme/PLACER/PLACER.py", line 405, in run
    Xs,Ds,plDDTs,pDEVs = self.net()(**{k:item[k] for k in input_keys}, recycles=recycles, save_recycling_data=save_recycling_data)
  File "/home/helen/miniconda3/envs/placer_env/lib/python3.10/site-packages/torch/nn/modules/module.py", line 1532, in _wrapped_call_impl
    return self._call_impl(*args, **kwargs)
  File "/home/helen/miniconda3/envs/placer_env/lib/python3.10/site-packages/torch/nn/modules/module.py", line 1541, in _call_impl
    return forward_call(*args, **kwargs)
  File "/nvme2/helen/EnzymeStructuralFiltering/filterzyme/PLACER/modules/model.py", line 281, in forward
    single = self.init_single(f1d)
  File "/home/helen/miniconda3/envs/placer_env/lib/python3.10/site-packages/torch/nn/modules/module.py", line 1532, in _wrapped_call_impl
    return self._call_impl(*args, **kwargs)
  File "/home/helen/miniconda3/envs/placer_env/lib/python3.10/site-packages/torch/nn/modules/module.py", line 1541, in _call_impl
    return forward_call(*args, **kwargs)
  File "/nvme2/helen/EnzymeStructuralFiltering/filterzyme/PLACER/modules/model.py", line 155, in forward
    return self.net(f1d)
  File "/home/helen/miniconda3/envs/placer_env/lib/python3.10/site-packages/torch/nn/modules/module.py", line 1532, in _wrapped_call_impl
    return self._call_impl(*args, **kwargs)
  File "/home/helen/miniconda3/envs/placer_env/lib/python3.10/site-packages/torch/nn/modules/module.py", line 1541, in _call_impl
    return forward_call(*args, **kwargs)
  File "/home/helen/miniconda3/envs/placer_env/lib/python3.10/site-packages/torch/nn/modules/container.py", line 217, in forward
    input = module(input)
  File "/home/helen/miniconda3/envs/placer_env/lib/python3.10/site-packages/torch/nn/modules/module.py", line 1532, in _wrapped_call_impl
    return self._call_impl(*args, **kwargs)
  File "/home/helen/miniconda3/envs/placer_env/lib/python3.10/site-packages/torch/nn/modules/module.py", line 1541, in _call_impl
    return forward_call(*args, **kwargs)
  File "/home/helen/miniconda3/envs/placer_env/lib/python3.10/site-packages/torch/nn/modules/linear.py", line 116, in forward
    return F.linear(input, self.weight, self.bias)
RuntimeError: CUDA error: CUBLAS_STATUS_NOT_INITIALIZED when calling `cublasCreate(handle)`

2025-12-15 17:27:55,650 | INFO |Entry EH47_Ethyl_3_oxohexanoate_0_chai: Single ligand detected. Running standard mode...
2025-12-15 17:31:08,438 | INFO |Entry EH47_Geranyl_acetate_0_chai: Single ligand detected. Running standard mode...
2025-12-15 17:34:21,169 | INFO |Skipping EH47_L_Pantolactone_0_chai, output already exists: EH47_L_Pantolactone_0_chai.csv
2025-12-15 17:34:21,173 | INFO |Entry EH47_Vinyl_propionate_0_chai: Single ligand detected. Running standard mode...
2025-12-15 17:34:41,484 | ERROR |PLACER failed for EH47_Vinyl_propionate_0_chai: Traceback (most recent call last):
  File "/nvme2/helen/EnzymeStructuralFiltering/filterzyme/PLACER/run_PLACER.py", line 282, in <module>
    main(args)
  File "/nvme2/helen/EnzymeStructuralFiltering/filterzyme/PLACER/run_PLACER.py", line 196, in main
    outputs = placer.run(placer_input_iter, args.nsamples)
  File "/nvme2/helen/EnzymeStructuralFiltering/filterzyme/PLACER/PLACER.py", line 405, in run
    Xs,Ds,plDDTs,pDEVs = self.net()(**{k:item[k] for k in input_keys}, recycles=recycles, save_recycling_data=save_recycling_data)
  File "/home/helen/miniconda3/envs/placer_env/lib/python3.10/site-packages/torch/nn/modules/module.py", line 1532, in _wrapped_call_impl
    return self._call_impl(*args, **kwargs)
  File "/home/helen/miniconda3/envs/placer_env/lib/python3.10/site-packages/torch/nn/modules/module.py", line 1541, in _call_impl
    return forward_call(*args, **kwargs)
  File "/nvme2/helen/EnzymeStructuralFiltering/filterzyme/PLACER/modules/model.py", line 281, in forward
    single = self.init_single(f1d)
  File "/home/helen/miniconda3/envs/placer_env/lib/python3.10/site-packages/torch/nn/modules/module.py", line 1532, in _wrapped_call_impl
    return self._call_impl(*args, **kwargs)
  File "/home/helen/miniconda3/envs/placer_env/lib/python3.10/site-packages/torch/nn/modules/module.py", line 1541, in _call_impl
    return forward_call(*args, **kwargs)
  File "/nvme2/helen/EnzymeStructuralFiltering/filterzyme/PLACER/modules/model.py", line 155, in forward
    return self.net(f1d)
  File "/home/helen/miniconda3/envs/placer_env/lib/python3.10/site-packages/torch/nn/modules/module.py", line 1532, in _wrapped_call_impl
    return self._call_impl(*args, **kwargs)
  File "/home/helen/miniconda3/envs/placer_env/lib/python3.10/site-packages/torch/nn/modules/module.py", line 1541, in _call_impl
    return forward_call(*args, **kwargs)
  File "/home/helen/miniconda3/envs/placer_env/lib/python3.10/site-packages/torch/nn/modules/container.py", line 217, in forward
    input = module(input)
  File "/home/helen/miniconda3/envs/placer_env/lib/python3.10/site-packages/torch/nn/modules/module.py", line 1532, in _wrapped_call_impl
    return self._call_impl(*args, **kwargs)
  File "/home/helen/miniconda3/envs/placer_env/lib/python3.10/site-packages/torch/nn/modules/module.py", line 1541, in _call_impl
    return forward_call(*args, **kwargs)
  File "/home/helen/miniconda3/envs/placer_env/lib/python3.10/site-packages/torch/nn/modules/linear.py", line 116, in forward
    return F.linear(input, self.weight, self.bias)
RuntimeError: CUDA error: CUBLAS_STATUS_NOT_INITIALIZED when calling `cublasCreate(handle)`

2025-12-15 17:34:41,488 | INFO |Entry EH48_1_Napthyl_acetate_0_chai: Single ligand detected. Running standard mode...
2025-12-15 17:37:46,861 | INFO |Entry EH48_Ethyl_3_oxohexanoate_0_chai: Single ligand detected. Running standard mode...
2025-12-15 17:41:02,141 | INFO |Entry EH48_Geranyl_acetate_0_chai: Single ligand detected. Running standard mode...
2025-12-15 17:41:21,477 | ERROR |PLACER failed for EH48_Geranyl_acetate_0_chai: Traceback (most recent call last):
  File "/nvme2/helen/EnzymeStructuralFiltering/filterzyme/PLACER/run_PLACER.py", line 282, in <module>
    main(args)
  File "/nvme2/helen/EnzymeStructuralFiltering/filterzyme/PLACER/run_PLACER.py", line 196, in main
    outputs = placer.run(placer_input_iter, args.nsamples)
  File "/nvme2/helen/EnzymeStructuralFiltering/filterzyme/PLACER/PLACER.py", line 405, in run
    Xs,Ds,plDDTs,pDEVs = self.net()(**{k:item[k] for k in input_keys}, recycles=recycles, save_recycling_data=save_recycling_data)
  File "/home/helen/miniconda3/envs/placer_env/lib/python3.10/site-packages/torch/nn/modules/module.py", line 1532, in _wrapped_call_impl
    return self._call_impl(*args, **kwargs)
  File "/home/helen/miniconda3/envs/placer_env/lib/python3.10/site-packages/torch/nn/modules/module.py", line 1541, in _call_impl
    return forward_call(*args, **kwargs)
  File "/nvme2/helen/EnzymeStructuralFiltering/filterzyme/PLACER/modules/model.py", line 281, in forward
    single = self.init_single(f1d)
  File "/home/helen/miniconda3/envs/placer_env/lib/python3.10/site-packages/torch/nn/modules/module.py", line 1532, in _wrapped_call_impl
    return self._call_impl(*args, **kwargs)
  File "/home/helen/miniconda3/envs/placer_env/lib/python3.10/site-packages/torch/nn/modules/module.py", line 1541, in _call_impl
    return forward_call(*args, **kwargs)
  File "/nvme2/helen/EnzymeStructuralFiltering/filterzyme/PLACER/modules/model.py", line 155, in forward
    return self.net(f1d)
  File "/home/helen/miniconda3/envs/placer_env/lib/python3.10/site-packages/torch/nn/modules/module.py", line 1532, in _wrapped_call_impl
    return self._call_impl(*args, **kwargs)
  File "/home/helen/miniconda3/envs/placer_env/lib/python3.10/site-packages/torch/nn/modules/module.py", line 1541, in _call_impl
    return forward_call(*args, **kwargs)
  File "/home/helen/miniconda3/envs/placer_env/lib/python3.10/site-packages/torch/nn/modules/container.py", line 217, in forward
    input = module(input)
  File "/home/helen/miniconda3/envs/placer_env/lib/python3.10/site-packages/torch/nn/modules/module.py", line 1532, in _wrapped_call_impl
    return self._call_impl(*args, **kwargs)
  File "/home/helen/miniconda3/envs/placer_env/lib/python3.10/site-packages/torch/nn/modules/module.py", line 1541, in _call_impl
    return forward_call(*args, **kwargs)
  File "/home/helen/miniconda3/envs/placer_env/lib/python3.10/site-packages/torch/nn/modules/linear.py", line 116, in forward
    return F.linear(input, self.weight, self.bias)
RuntimeError: CUDA error: CUBLAS_STATUS_NOT_INITIALIZED when calling `cublasCreate(handle)`

2025-12-15 17:41:21,481 | INFO |Entry EH48_L_Pantolactone_0_chai: Single ligand detected. Running standard mode...
2025-12-15 17:41:44,649 | ERROR |PLACER failed for EH48_L_Pantolactone_0_chai: Traceback (most recent call last):
  File "/nvme2/helen/EnzymeStructuralFiltering/filterzyme/PLACER/run_PLACER.py", line 282, in <module>
    main(args)
  File "/nvme2/helen/EnzymeStructuralFiltering/filterzyme/PLACER/run_PLACER.py", line 196, in main
    outputs = placer.run(placer_input_iter, args.nsamples)
  File "/nvme2/helen/EnzymeStructuralFiltering/filterzyme/PLACER/PLACER.py", line 405, in run
    Xs,Ds,plDDTs,pDEVs = self.net()(**{k:item[k] for k in input_keys}, recycles=recycles, save_recycling_data=save_recycling_data)
  File "/home/helen/miniconda3/envs/placer_env/lib/python3.10/site-packages/torch/nn/modules/module.py", line 1532, in _wrapped_call_impl
    return self._call_impl(*args, **kwargs)
  File "/home/helen/miniconda3/envs/placer_env/lib/python3.10/site-packages/torch/nn/modules/module.py", line 1541, in _call_impl
    return forward_call(*args, **kwargs)
  File "/nvme2/helen/EnzymeStructuralFiltering/filterzyme/PLACER/modules/model.py", line 281, in forward
    single = self.init_single(f1d)
  File "/home/helen/miniconda3/envs/placer_env/lib/python3.10/site-packages/torch/nn/modules/module.py", line 1532, in _wrapped_call_impl
    return self._call_impl(*args, **kwargs)
  File "/home/helen/miniconda3/envs/placer_env/lib/python3.10/site-packages/torch/nn/modules/module.py", line 1541, in _call_impl
    return forward_call(*args, **kwargs)
  File "/nvme2/helen/EnzymeStructuralFiltering/filterzyme/PLACER/modules/model.py", line 155, in forward
    return self.net(f1d)
  File "/home/helen/miniconda3/envs/placer_env/lib/python3.10/site-packages/torch/nn/modules/module.py", line 1532, in _wrapped_call_impl
    return self._call_impl(*args, **kwargs)
  File "/home/helen/miniconda3/envs/placer_env/lib/python3.10/site-packages/torch/nn/modules/module.py", line 1541, in _call_impl
    return forward_call(*args, **kwargs)
  File "/home/helen/miniconda3/envs/placer_env/lib/python3.10/site-packages/torch/nn/modules/container.py", line 217, in forward
    input = module(input)
  File "/home/helen/miniconda3/envs/placer_env/lib/python3.10/site-packages/torch/nn/modules/module.py", line 1532, in _wrapped_call_impl
    return self._call_impl(*args, **kwargs)
  File "/home/helen/miniconda3/envs/placer_env/lib/python3.10/site-packages/torch/nn/modules/module.py", line 1541, in _call_impl
    return forward_call(*args, **kwargs)
  File "/home/helen/miniconda3/envs/placer_env/lib/python3.10/site-packages/torch/nn/modules/linear.py", line 116, in forward
    return F.linear(input, self.weight, self.bias)
RuntimeError: CUDA error: CUBLAS_STATUS_NOT_INITIALIZED when calling `cublasCreate(handle)`

2025-12-15 17:41:44,653 | INFO |Entry EH48_Vinyl_propionate_0_chai: Single ligand detected. Running standard mode...
2025-12-15 17:42:07,679 | ERROR |PLACER failed for EH48_Vinyl_propionate_0_chai: Traceback (most recent call last):
  File "/nvme2/helen/EnzymeStructuralFiltering/filterzyme/PLACER/run_PLACER.py", line 282, in <module>
    main(args)
  File "/nvme2/helen/EnzymeStructuralFiltering/filterzyme/PLACER/run_PLACER.py", line 196, in main
    outputs = placer.run(placer_input_iter, args.nsamples)
  File "/nvme2/helen/EnzymeStructuralFiltering/filterzyme/PLACER/PLACER.py", line 405, in run
    Xs,Ds,plDDTs,pDEVs = self.net()(**{k:item[k] for k in input_keys}, recycles=recycles, save_recycling_data=save_recycling_data)
  File "/home/helen/miniconda3/envs/placer_env/lib/python3.10/site-packages/torch/nn/modules/module.py", line 1532, in _wrapped_call_impl
    return self._call_impl(*args, **kwargs)
  File "/home/helen/miniconda3/envs/placer_env/lib/python3.10/site-packages/torch/nn/modules/module.py", line 1541, in _call_impl
    return forward_call(*args, **kwargs)
  File "/nvme2/helen/EnzymeStructuralFiltering/filterzyme/PLACER/modules/model.py", line 281, in forward
    single = self.init_single(f1d)
  File "/home/helen/miniconda3/envs/placer_env/lib/python3.10/site-packages/torch/nn/modules/module.py", line 1532, in _wrapped_call_impl
    return self._call_impl(*args, **kwargs)
  File "/home/helen/miniconda3/envs/placer_env/lib/python3.10/site-packages/torch/nn/modules/module.py", line 1541, in _call_impl
    return forward_call(*args, **kwargs)
  File "/nvme2/helen/EnzymeStructuralFiltering/filterzyme/PLACER/modules/model.py", line 155, in forward
    return self.net(f1d)
  File "/home/helen/miniconda3/envs/placer_env/lib/python3.10/site-packages/torch/nn/modules/module.py", line 1532, in _wrapped_call_impl
    return self._call_impl(*args, **kwargs)
  File "/home/helen/miniconda3/envs/placer_env/lib/python3.10/site-packages/torch/nn/modules/module.py", line 1541, in _call_impl
    return forward_call(*args, **kwargs)
  File "/home/helen/miniconda3/envs/placer_env/lib/python3.10/site-packages/torch/nn/modules/container.py", line 217, in forward
    input = module(input)
  File "/home/helen/miniconda3/envs/placer_env/lib/python3.10/site-packages/torch/nn/modules/module.py", line 1532, in _wrapped_call_impl
    return self._call_impl(*args, **kwargs)
  File "/home/helen/miniconda3/envs/placer_env/lib/python3.10/site-packages/torch/nn/modules/module.py", line 1541, in _call_impl
    return forward_call(*args, **kwargs)
  File "/home/helen/miniconda3/envs/placer_env/lib/python3.10/site-packages/torch/nn/modules/linear.py", line 116, in forward
    return F.linear(input, self.weight, self.bias)
RuntimeError: CUDA error: CUBLAS_STATUS_NOT_INITIALIZED when calling `cublasCreate(handle)`

2025-12-15 17:42:07,681 | INFO |Entry EH49_1_Napthyl_acetate_0_chai: Single ligand detected. Running standard mode...
2025-12-15 17:42:31,488 | ERROR |PLACER failed for EH49_1_Napthyl_acetate_0_chai: Traceback (most recent call last):
  File "/nvme2/helen/EnzymeStructuralFiltering/filterzyme/PLACER/run_PLACER.py", line 282, in <module>
    main(args)
  File "/nvme2/helen/EnzymeStructuralFiltering/filterzyme/PLACER/run_PLACER.py", line 196, in main
    outputs = placer.run(placer_input_iter, args.nsamples)
  File "/nvme2/helen/EnzymeStructuralFiltering/filterzyme/PLACER/PLACER.py", line 405, in run
    Xs,Ds,plDDTs,pDEVs = self.net()(**{k:item[k] for k in input_keys}, recycles=recycles, save_recycling_data=save_recycling_data)
  File "/home/helen/miniconda3/envs/placer_env/lib/python3.10/site-packages/torch/nn/modules/module.py", line 1532, in _wrapped_call_impl
    return self._call_impl(*args, **kwargs)
  File "/home/helen/miniconda3/envs/placer_env/lib/python3.10/site-packages/torch/nn/modules/module.py", line 1541, in _call_impl
    return forward_call(*args, **kwargs)
  File "/nvme2/helen/EnzymeStructuralFiltering/filterzyme/PLACER/modules/model.py", line 281, in forward
    single = self.init_single(f1d)
  File "/home/helen/miniconda3/envs/placer_env/lib/python3.10/site-packages/torch/nn/modules/module.py", line 1532, in _wrapped_call_impl
    return self._call_impl(*args, **kwargs)
  File "/home/helen/miniconda3/envs/placer_env/lib/python3.10/site-packages/torch/nn/modules/module.py", line 1541, in _call_impl
    return forward_call(*args, **kwargs)
  File "/nvme2/helen/EnzymeStructuralFiltering/filterzyme/PLACER/modules/model.py", line 155, in forward
    return self.net(f1d)
  File "/home/helen/miniconda3/envs/placer_env/lib/python3.10/site-packages/torch/nn/modules/module.py", line 1532, in _wrapped_call_impl
    return self._call_impl(*args, **kwargs)
  File "/home/helen/miniconda3/envs/placer_env/lib/python3.10/site-packages/torch/nn/modules/module.py", line 1541, in _call_impl
    return forward_call(*args, **kwargs)
  File "/home/helen/miniconda3/envs/placer_env/lib/python3.10/site-packages/torch/nn/modules/container.py", line 217, in forward
    input = module(input)
  File "/home/helen/miniconda3/envs/placer_env/lib/python3.10/site-packages/torch/nn/modules/module.py", line 1532, in _wrapped_call_impl
    return self._call_impl(*args, **kwargs)
  File "/home/helen/miniconda3/envs/placer_env/lib/python3.10/site-packages/torch/nn/modules/module.py", line 1541, in _call_impl
    return forward_call(*args, **kwargs)
  File "/home/helen/miniconda3/envs/placer_env/lib/python3.10/site-packages/torch/nn/modules/linear.py", line 116, in forward
    return F.linear(input, self.weight, self.bias)
RuntimeError: CUDA error: CUBLAS_STATUS_NOT_INITIALIZED when calling `cublasCreate(handle)`

2025-12-15 17:42:31,492 | INFO |Entry EH49_Ethyl_3_oxohexanoate_0_chai: Single ligand detected. Running standard mode...
2025-12-15 17:42:53,910 | ERROR |PLACER failed for EH49_Ethyl_3_oxohexanoate_0_chai: Traceback (most recent call last):
  File "/nvme2/helen/EnzymeStructuralFiltering/filterzyme/PLACER/run_PLACER.py", line 282, in <module>
    main(args)
  File "/nvme2/helen/EnzymeStructuralFiltering/filterzyme/PLACER/run_PLACER.py", line 196, in main
    outputs = placer.run(placer_input_iter, args.nsamples)
  File "/nvme2/helen/EnzymeStructuralFiltering/filterzyme/PLACER/PLACER.py", line 405, in run
    Xs,Ds,plDDTs,pDEVs = self.net()(**{k:item[k] for k in input_keys}, recycles=recycles, save_recycling_data=save_recycling_data)
  File "/home/helen/miniconda3/envs/placer_env/lib/python3.10/site-packages/torch/nn/modules/module.py", line 1532, in _wrapped_call_impl
    return self._call_impl(*args, **kwargs)
  File "/home/helen/miniconda3/envs/placer_env/lib/python3.10/site-packages/torch/nn/modules/module.py", line 1541, in _call_impl
    return forward_call(*args, **kwargs)
  File "/nvme2/helen/EnzymeStructuralFiltering/filterzyme/PLACER/modules/model.py", line 281, in forward
    single = self.init_single(f1d)
  File "/home/helen/miniconda3/envs/placer_env/lib/python3.10/site-packages/torch/nn/modules/module.py", line 1532, in _wrapped_call_impl
    return self._call_impl(*args, **kwargs)
  File "/home/helen/miniconda3/envs/placer_env/lib/python3.10/site-packages/torch/nn/modules/module.py", line 1541, in _call_impl
    return forward_call(*args, **kwargs)
  File "/nvme2/helen/EnzymeStructuralFiltering/filterzyme/PLACER/modules/model.py", line 155, in forward
    return self.net(f1d)
  File "/home/helen/miniconda3/envs/placer_env/lib/python3.10/site-packages/torch/nn/modules/module.py", line 1532, in _wrapped_call_impl
    return self._call_impl(*args, **kwargs)
  File "/home/helen/miniconda3/envs/placer_env/lib/python3.10/site-packages/torch/nn/modules/module.py", line 1541, in _call_impl
    return forward_call(*args, **kwargs)
  File "/home/helen/miniconda3/envs/placer_env/lib/python3.10/site-packages/torch/nn/modules/container.py", line 217, in forward
    input = module(input)
  File "/home/helen/miniconda3/envs/placer_env/lib/python3.10/site-packages/torch/nn/modules/module.py", line 1532, in _wrapped_call_impl
    return self._call_impl(*args, **kwargs)
  File "/home/helen/miniconda3/envs/placer_env/lib/python3.10/site-packages/torch/nn/modules/module.py", line 1541, in _call_impl
    return forward_call(*args, **kwargs)
  File "/home/helen/miniconda3/envs/placer_env/lib/python3.10/site-packages/torch/nn/modules/linear.py", line 116, in forward
    return F.linear(input, self.weight, self.bias)
RuntimeError: CUDA error: CUBLAS_STATUS_NOT_INITIALIZED when calling `cublasCreate(handle)`

2025-12-15 17:42:53,916 | INFO |Entry EH49_Geranyl_acetate_0_chai: Single ligand detected. Running standard mode...
2025-12-15 17:43:17,085 | ERROR |PLACER failed for EH49_Geranyl_acetate_0_chai: Traceback (most recent call last):
  File "/nvme2/helen/EnzymeStructuralFiltering/filterzyme/PLACER/run_PLACER.py", line 282, in <module>
    main(args)
  File "/nvme2/helen/EnzymeStructuralFiltering/filterzyme/PLACER/run_PLACER.py", line 196, in main
    outputs = placer.run(placer_input_iter, args.nsamples)
  File "/nvme2/helen/EnzymeStructuralFiltering/filterzyme/PLACER/PLACER.py", line 405, in run
    Xs,Ds,plDDTs,pDEVs = self.net()(**{k:item[k] for k in input_keys}, recycles=recycles, save_recycling_data=save_recycling_data)
  File "/home/helen/miniconda3/envs/placer_env/lib/python3.10/site-packages/torch/nn/modules/module.py", line 1532, in _wrapped_call_impl
    return self._call_impl(*args, **kwargs)
  File "/home/helen/miniconda3/envs/placer_env/lib/python3.10/site-packages/torch/nn/modules/module.py", line 1541, in _call_impl
    return forward_call(*args, **kwargs)
  File "/nvme2/helen/EnzymeStructuralFiltering/filterzyme/PLACER/modules/model.py", line 281, in forward
    single = self.init_single(f1d)
  File "/home/helen/miniconda3/envs/placer_env/lib/python3.10/site-packages/torch/nn/modules/module.py", line 1532, in _wrapped_call_impl
    return self._call_impl(*args, **kwargs)
  File "/home/helen/miniconda3/envs/placer_env/lib/python3.10/site-packages/torch/nn/modules/module.py", line 1541, in _call_impl
    return forward_call(*args, **kwargs)
  File "/nvme2/helen/EnzymeStructuralFiltering/filterzyme/PLACER/modules/model.py", line 155, in forward
    return self.net(f1d)
  File "/home/helen/miniconda3/envs/placer_env/lib/python3.10/site-packages/torch/nn/modules/module.py", line 1532, in _wrapped_call_impl
    return self._call_impl(*args, **kwargs)
  File "/home/helen/miniconda3/envs/placer_env/lib/python3.10/site-packages/torch/nn/modules/module.py", line 1541, in _call_impl
    return forward_call(*args, **kwargs)
  File "/home/helen/miniconda3/envs/placer_env/lib/python3.10/site-packages/torch/nn/modules/container.py", line 217, in forward
    input = module(input)
  File "/home/helen/miniconda3/envs/placer_env/lib/python3.10/site-packages/torch/nn/modules/module.py", line 1532, in _wrapped_call_impl
    return self._call_impl(*args, **kwargs)
  File "/home/helen/miniconda3/envs/placer_env/lib/python3.10/site-packages/torch/nn/modules/module.py", line 1541, in _call_impl
    return forward_call(*args, **kwargs)
  File "/home/helen/miniconda3/envs/placer_env/lib/python3.10/site-packages/torch/nn/modules/linear.py", line 116, in forward
    return F.linear(input, self.weight, self.bias)
RuntimeError: CUDA error: CUBLAS_STATUS_NOT_INITIALIZED when calling `cublasCreate(handle)`

2025-12-15 17:43:17,089 | INFO |Entry EH49_L_Pantolactone_0_chai: Single ligand detected. Running standard mode...
2025-12-15 17:46:35,261 | INFO |Entry EH49_Vinyl_propionate_0_chai: Single ligand detected. Running standard mode...
2025-12-15 17:49:46,502 | INFO |Entry EH4_1_Napthyl_acetate_0_chai: Single ligand detected. Running standard mode...
2025-12-15 17:50:04,893 | ERROR |PLACER failed for EH4_1_Napthyl_acetate_0_chai: Traceback (most recent call last):
  File "/nvme2/helen/EnzymeStructuralFiltering/filterzyme/PLACER/run_PLACER.py", line 282, in <module>
    main(args)
  File "/nvme2/helen/EnzymeStructuralFiltering/filterzyme/PLACER/run_PLACER.py", line 196, in main
    outputs = placer.run(placer_input_iter, args.nsamples)
  File "/nvme2/helen/EnzymeStructuralFiltering/filterzyme/PLACER/PLACER.py", line 405, in run
    Xs,Ds,plDDTs,pDEVs = self.net()(**{k:item[k] for k in input_keys}, recycles=recycles, save_recycling_data=save_recycling_data)
  File "/home/helen/miniconda3/envs/placer_env/lib/python3.10/site-packages/torch/nn/modules/module.py", line 1532, in _wrapped_call_impl
    return self._call_impl(*args, **kwargs)
  File "/home/helen/miniconda3/envs/placer_env/lib/python3.10/site-packages/torch/nn/modules/module.py", line 1541, in _call_impl
    return forward_call(*args, **kwargs)
  File "/nvme2/helen/EnzymeStructuralFiltering/filterzyme/PLACER/modules/model.py", line 281, in forward
    single = self.init_single(f1d)
  File "/home/helen/miniconda3/envs/placer_env/lib/python3.10/site-packages/torch/nn/modules/module.py", line 1532, in _wrapped_call_impl
    return self._call_impl(*args, **kwargs)
  File "/home/helen/miniconda3/envs/placer_env/lib/python3.10/site-packages/torch/nn/modules/module.py", line 1541, in _call_impl
    return forward_call(*args, **kwargs)
  File "/nvme2/helen/EnzymeStructuralFiltering/filterzyme/PLACER/modules/model.py", line 155, in forward
    return self.net(f1d)
  File "/home/helen/miniconda3/envs/placer_env/lib/python3.10/site-packages/torch/nn/modules/module.py", line 1532, in _wrapped_call_impl
    return self._call_impl(*args, **kwargs)
  File "/home/helen/miniconda3/envs/placer_env/lib/python3.10/site-packages/torch/nn/modules/module.py", line 1541, in _call_impl
    return forward_call(*args, **kwargs)
  File "/home/helen/miniconda3/envs/placer_env/lib/python3.10/site-packages/torch/nn/modules/container.py", line 217, in forward
    input = module(input)
  File "/home/helen/miniconda3/envs/placer_env/lib/python3.10/site-packages/torch/nn/modules/module.py", line 1532, in _wrapped_call_impl
    return self._call_impl(*args, **kwargs)
  File "/home/helen/miniconda3/envs/placer_env/lib/python3.10/site-packages/torch/nn/modules/module.py", line 1541, in _call_impl
    return forward_call(*args, **kwargs)
  File "/home/helen/miniconda3/envs/placer_env/lib/python3.10/site-packages/torch/nn/modules/linear.py", line 116, in forward
    return F.linear(input, self.weight, self.bias)
RuntimeError: CUDA error: CUBLAS_STATUS_NOT_INITIALIZED when calling `cublasCreate(handle)`

2025-12-15 17:50:04,897 | INFO |Entry EH4_Ethyl_3_oxohexanoate_0_chai: Single ligand detected. Running standard mode...
2025-12-15 17:53:24,988 | INFO |Entry EH4_Geranyl_acetate_0_chai: Single ligand detected. Running standard mode...
2025-12-15 17:56:34,913 | INFO |Entry EH4_L_Pantolactone_0_chai: Single ligand detected. Running standard mode...
2025-12-15 17:56:51,187 | ERROR |PLACER failed for EH4_L_Pantolactone_0_chai: Traceback (most recent call last):
  File "/nvme2/helen/EnzymeStructuralFiltering/filterzyme/PLACER/run_PLACER.py", line 282, in <module>
    main(args)
  File "/nvme2/helen/EnzymeStructuralFiltering/filterzyme/PLACER/run_PLACER.py", line 196, in main
    outputs = placer.run(placer_input_iter, args.nsamples)
  File "/nvme2/helen/EnzymeStructuralFiltering/filterzyme/PLACER/PLACER.py", line 405, in run
    Xs,Ds,plDDTs,pDEVs = self.net()(**{k:item[k] for k in input_keys}, recycles=recycles, save_recycling_data=save_recycling_data)
  File "/home/helen/miniconda3/envs/placer_env/lib/python3.10/site-packages/torch/nn/modules/module.py", line 1532, in _wrapped_call_impl
    return self._call_impl(*args, **kwargs)
  File "/home/helen/miniconda3/envs/placer_env/lib/python3.10/site-packages/torch/nn/modules/module.py", line 1541, in _call_impl
    return forward_call(*args, **kwargs)
  File "/nvme2/helen/EnzymeStructuralFiltering/filterzyme/PLACER/modules/model.py", line 281, in forward
    single = self.init_single(f1d)
  File "/home/helen/miniconda3/envs/placer_env/lib/python3.10/site-packages/torch/nn/modules/module.py", line 1532, in _wrapped_call_impl
    return self._call_impl(*args, **kwargs)
  File "/home/helen/miniconda3/envs/placer_env/lib/python3.10/site-packages/torch/nn/modules/module.py", line 1541, in _call_impl
    return forward_call(*args, **kwargs)
  File "/nvme2/helen/EnzymeStructuralFiltering/filterzyme/PLACER/modules/model.py", line 155, in forward
    return self.net(f1d)
  File "/home/helen/miniconda3/envs/placer_env/lib/python3.10/site-packages/torch/nn/modules/module.py", line 1532, in _wrapped_call_impl
    return self._call_impl(*args, **kwargs)
  File "/home/helen/miniconda3/envs/placer_env/lib/python3.10/site-packages/torch/nn/modules/module.py", line 1541, in _call_impl
    return forward_call(*args, **kwargs)
  File "/home/helen/miniconda3/envs/placer_env/lib/python3.10/site-packages/torch/nn/modules/container.py", line 217, in forward
    input = module(input)
  File "/home/helen/miniconda3/envs/placer_env/lib/python3.10/site-packages/torch/nn/modules/module.py", line 1532, in _wrapped_call_impl
    return self._call_impl(*args, **kwargs)
  File "/home/helen/miniconda3/envs/placer_env/lib/python3.10/site-packages/torch/nn/modules/module.py", line 1541, in _call_impl
    return forward_call(*args, **kwargs)
  File "/home/helen/miniconda3/envs/placer_env/lib/python3.10/site-packages/torch/nn/modules/linear.py", line 116, in forward
    return F.linear(input, self.weight, self.bias)
RuntimeError: CUDA error: CUBLAS_STATUS_NOT_INITIALIZED when calling `cublasCreate(handle)`

2025-12-15 17:56:51,191 | INFO |Entry EH4_Vinyl_propionate_0_chai: Single ligand detected. Running standard mode...
2025-12-15 17:57:10,491 | ERROR |PLACER failed for EH4_Vinyl_propionate_0_chai: Traceback (most recent call last):
  File "/nvme2/helen/EnzymeStructuralFiltering/filterzyme/PLACER/run_PLACER.py", line 282, in <module>
    main(args)
  File "/nvme2/helen/EnzymeStructuralFiltering/filterzyme/PLACER/run_PLACER.py", line 196, in main
    outputs = placer.run(placer_input_iter, args.nsamples)
  File "/nvme2/helen/EnzymeStructuralFiltering/filterzyme/PLACER/PLACER.py", line 405, in run
    Xs,Ds,plDDTs,pDEVs = self.net()(**{k:item[k] for k in input_keys}, recycles=recycles, save_recycling_data=save_recycling_data)
  File "/home/helen/miniconda3/envs/placer_env/lib/python3.10/site-packages/torch/nn/modules/module.py", line 1532, in _wrapped_call_impl
    return self._call_impl(*args, **kwargs)
  File "/home/helen/miniconda3/envs/placer_env/lib/python3.10/site-packages/torch/nn/modules/module.py", line 1541, in _call_impl
    return forward_call(*args, **kwargs)
  File "/nvme2/helen/EnzymeStructuralFiltering/filterzyme/PLACER/modules/model.py", line 281, in forward
    single = self.init_single(f1d)
  File "/home/helen/miniconda3/envs/placer_env/lib/python3.10/site-packages/torch/nn/modules/module.py", line 1532, in _wrapped_call_impl
    return self._call_impl(*args, **kwargs)
  File "/home/helen/miniconda3/envs/placer_env/lib/python3.10/site-packages/torch/nn/modules/module.py", line 1541, in _call_impl
    return forward_call(*args, **kwargs)
  File "/nvme2/helen/EnzymeStructuralFiltering/filterzyme/PLACER/modules/model.py", line 155, in forward
    return self.net(f1d)
  File "/home/helen/miniconda3/envs/placer_env/lib/python3.10/site-packages/torch/nn/modules/module.py", line 1532, in _wrapped_call_impl
    return self._call_impl(*args, **kwargs)
  File "/home/helen/miniconda3/envs/placer_env/lib/python3.10/site-packages/torch/nn/modules/module.py", line 1541, in _call_impl
    return forward_call(*args, **kwargs)
  File "/home/helen/miniconda3/envs/placer_env/lib/python3.10/site-packages/torch/nn/modules/container.py", line 217, in forward
    input = module(input)
  File "/home/helen/miniconda3/envs/placer_env/lib/python3.10/site-packages/torch/nn/modules/module.py", line 1532, in _wrapped_call_impl
    return self._call_impl(*args, **kwargs)
  File "/home/helen/miniconda3/envs/placer_env/lib/python3.10/site-packages/torch/nn/modules/module.py", line 1541, in _call_impl
    return forward_call(*args, **kwargs)
  File "/home/helen/miniconda3/envs/placer_env/lib/python3.10/site-packages/torch/nn/modules/linear.py", line 116, in forward
    return F.linear(input, self.weight, self.bias)
RuntimeError: CUDA error: CUBLAS_STATUS_NOT_INITIALIZED when calling `cublasCreate(handle)`

2025-12-15 17:57:10,493 | INFO |Entry EH50_1_Napthyl_acetate_0_chai: Single ligand detected. Running standard mode...
2025-12-15 17:57:29,238 | ERROR |PLACER failed for EH50_1_Napthyl_acetate_0_chai: Traceback (most recent call last):
  File "/nvme2/helen/EnzymeStructuralFiltering/filterzyme/PLACER/run_PLACER.py", line 282, in <module>
    main(args)
  File "/nvme2/helen/EnzymeStructuralFiltering/filterzyme/PLACER/run_PLACER.py", line 196, in main
    outputs = placer.run(placer_input_iter, args.nsamples)
  File "/nvme2/helen/EnzymeStructuralFiltering/filterzyme/PLACER/PLACER.py", line 405, in run
    Xs,Ds,plDDTs,pDEVs = self.net()(**{k:item[k] for k in input_keys}, recycles=recycles, save_recycling_data=save_recycling_data)
  File "/home/helen/miniconda3/envs/placer_env/lib/python3.10/site-packages/torch/nn/modules/module.py", line 1532, in _wrapped_call_impl
    return self._call_impl(*args, **kwargs)
  File "/home/helen/miniconda3/envs/placer_env/lib/python3.10/site-packages/torch/nn/modules/module.py", line 1541, in _call_impl
    return forward_call(*args, **kwargs)
  File "/nvme2/helen/EnzymeStructuralFiltering/filterzyme/PLACER/modules/model.py", line 281, in forward
    single = self.init_single(f1d)
  File "/home/helen/miniconda3/envs/placer_env/lib/python3.10/site-packages/torch/nn/modules/module.py", line 1532, in _wrapped_call_impl
    return self._call_impl(*args, **kwargs)
  File "/home/helen/miniconda3/envs/placer_env/lib/python3.10/site-packages/torch/nn/modules/module.py", line 1541, in _call_impl
    return forward_call(*args, **kwargs)
  File "/nvme2/helen/EnzymeStructuralFiltering/filterzyme/PLACER/modules/model.py", line 155, in forward
    return self.net(f1d)
  File "/home/helen/miniconda3/envs/placer_env/lib/python3.10/site-packages/torch/nn/modules/module.py", line 1532, in _wrapped_call_impl
    return self._call_impl(*args, **kwargs)
  File "/home/helen/miniconda3/envs/placer_env/lib/python3.10/site-packages/torch/nn/modules/module.py", line 1541, in _call_impl
    return forward_call(*args, **kwargs)
  File "/home/helen/miniconda3/envs/placer_env/lib/python3.10/site-packages/torch/nn/modules/container.py", line 217, in forward
    input = module(input)
  File "/home/helen/miniconda3/envs/placer_env/lib/python3.10/site-packages/torch/nn/modules/module.py", line 1532, in _wrapped_call_impl
    return self._call_impl(*args, **kwargs)
  File "/home/helen/miniconda3/envs/placer_env/lib/python3.10/site-packages/torch/nn/modules/module.py", line 1541, in _call_impl
    return forward_call(*args, **kwargs)
  File "/home/helen/miniconda3/envs/placer_env/lib/python3.10/site-packages/torch/nn/modules/linear.py", line 116, in forward
    return F.linear(input, self.weight, self.bias)
RuntimeError: CUDA error: CUBLAS_STATUS_NOT_INITIALIZED when calling `cublasCreate(handle)`

2025-12-15 17:57:29,243 | INFO |Entry EH50_Ethyl_3_oxohexanoate_0_chai: Single ligand detected. Running standard mode...
2025-12-15 17:57:47,776 | ERROR |PLACER failed for EH50_Ethyl_3_oxohexanoate_0_chai: Traceback (most recent call last):
  File "/nvme2/helen/EnzymeStructuralFiltering/filterzyme/PLACER/run_PLACER.py", line 282, in <module>
    main(args)
  File "/nvme2/helen/EnzymeStructuralFiltering/filterzyme/PLACER/run_PLACER.py", line 196, in main
    outputs = placer.run(placer_input_iter, args.nsamples)
  File "/nvme2/helen/EnzymeStructuralFiltering/filterzyme/PLACER/PLACER.py", line 405, in run
    Xs,Ds,plDDTs,pDEVs = self.net()(**{k:item[k] for k in input_keys}, recycles=recycles, save_recycling_data=save_recycling_data)
  File "/home/helen/miniconda3/envs/placer_env/lib/python3.10/site-packages/torch/nn/modules/module.py", line 1532, in _wrapped_call_impl
    return self._call_impl(*args, **kwargs)
  File "/home/helen/miniconda3/envs/placer_env/lib/python3.10/site-packages/torch/nn/modules/module.py", line 1541, in _call_impl
    return forward_call(*args, **kwargs)
  File "/nvme2/helen/EnzymeStructuralFiltering/filterzyme/PLACER/modules/model.py", line 281, in forward
    single = self.init_single(f1d)
  File "/home/helen/miniconda3/envs/placer_env/lib/python3.10/site-packages/torch/nn/modules/module.py", line 1532, in _wrapped_call_impl
    return self._call_impl(*args, **kwargs)
  File "/home/helen/miniconda3/envs/placer_env/lib/python3.10/site-packages/torch/nn/modules/module.py", line 1541, in _call_impl
    return forward_call(*args, **kwargs)
  File "/nvme2/helen/EnzymeStructuralFiltering/filterzyme/PLACER/modules/model.py", line 155, in forward
    return self.net(f1d)
  File "/home/helen/miniconda3/envs/placer_env/lib/python3.10/site-packages/torch/nn/modules/module.py", line 1532, in _wrapped_call_impl
    return self._call_impl(*args, **kwargs)
  File "/home/helen/miniconda3/envs/placer_env/lib/python3.10/site-packages/torch/nn/modules/module.py", line 1541, in _call_impl
    return forward_call(*args, **kwargs)
  File "/home/helen/miniconda3/envs/placer_env/lib/python3.10/site-packages/torch/nn/modules/container.py", line 217, in forward
    input = module(input)
  File "/home/helen/miniconda3/envs/placer_env/lib/python3.10/site-packages/torch/nn/modules/module.py", line 1532, in _wrapped_call_impl
    return self._call_impl(*args, **kwargs)
  File "/home/helen/miniconda3/envs/placer_env/lib/python3.10/site-packages/torch/nn/modules/module.py", line 1541, in _call_impl
    return forward_call(*args, **kwargs)
  File "/home/helen/miniconda3/envs/placer_env/lib/python3.10/site-packages/torch/nn/modules/linear.py", line 116, in forward
    return F.linear(input, self.weight, self.bias)
RuntimeError: CUDA error: CUBLAS_STATUS_NOT_INITIALIZED when calling `cublasCreate(handle)`

2025-12-15 17:57:47,778 | INFO |Skipping EH50_Geranyl_acetate_0_chai, output already exists: EH50_Geranyl_acetate_0_chai.csv
2025-12-15 17:57:47,780 | INFO |Skipping EH50_L_Pantolactone_0_chai, output already exists: EH50_L_Pantolactone_0_chai.csv
2025-12-15 17:57:47,784 | INFO |Entry EH50_Vinyl_propionate_0_chai: Single ligand detected. Running standard mode...
2025-12-15 17:58:06,758 | ERROR |PLACER failed for EH50_Vinyl_propionate_0_chai: Traceback (most recent call last):
  File "/nvme2/helen/EnzymeStructuralFiltering/filterzyme/PLACER/run_PLACER.py", line 282, in <module>
    main(args)
  File "/nvme2/helen/EnzymeStructuralFiltering/filterzyme/PLACER/run_PLACER.py", line 196, in main
    outputs = placer.run(placer_input_iter, args.nsamples)
  File "/nvme2/helen/EnzymeStructuralFiltering/filterzyme/PLACER/PLACER.py", line 405, in run
    Xs,Ds,plDDTs,pDEVs = self.net()(**{k:item[k] for k in input_keys}, recycles=recycles, save_recycling_data=save_recycling_data)
  File "/home/helen/miniconda3/envs/placer_env/lib/python3.10/site-packages/torch/nn/modules/module.py", line 1532, in _wrapped_call_impl
    return self._call_impl(*args, **kwargs)
  File "/home/helen/miniconda3/envs/placer_env/lib/python3.10/site-packages/torch/nn/modules/module.py", line 1541, in _call_impl
    return forward_call(*args, **kwargs)
  File "/nvme2/helen/EnzymeStructuralFiltering/filterzyme/PLACER/modules/model.py", line 281, in forward
    single = self.init_single(f1d)
  File "/home/helen/miniconda3/envs/placer_env/lib/python3.10/site-packages/torch/nn/modules/module.py", line 1532, in _wrapped_call_impl
    return self._call_impl(*args, **kwargs)
  File "/home/helen/miniconda3/envs/placer_env/lib/python3.10/site-packages/torch/nn/modules/module.py", line 1541, in _call_impl
    return forward_call(*args, **kwargs)
  File "/nvme2/helen/EnzymeStructuralFiltering/filterzyme/PLACER/modules/model.py", line 155, in forward
    return self.net(f1d)
  File "/home/helen/miniconda3/envs/placer_env/lib/python3.10/site-packages/torch/nn/modules/module.py", line 1532, in _wrapped_call_impl
    return self._call_impl(*args, **kwargs)
  File "/home/helen/miniconda3/envs/placer_env/lib/python3.10/site-packages/torch/nn/modules/module.py", line 1541, in _call_impl
    return forward_call(*args, **kwargs)
  File "/home/helen/miniconda3/envs/placer_env/lib/python3.10/site-packages/torch/nn/modules/container.py", line 217, in forward
    input = module(input)
  File "/home/helen/miniconda3/envs/placer_env/lib/python3.10/site-packages/torch/nn/modules/module.py", line 1532, in _wrapped_call_impl
    return self._call_impl(*args, **kwargs)
  File "/home/helen/miniconda3/envs/placer_env/lib/python3.10/site-packages/torch/nn/modules/module.py", line 1541, in _call_impl
    return forward_call(*args, **kwargs)
  File "/home/helen/miniconda3/envs/placer_env/lib/python3.10/site-packages/torch/nn/modules/linear.py", line 116, in forward
    return F.linear(input, self.weight, self.bias)
RuntimeError: CUDA error: CUBLAS_STATUS_NOT_INITIALIZED when calling `cublasCreate(handle)`

2025-12-15 17:58:06,764 | INFO |Entry EH51_1_Napthyl_acetate_0_chai: Single ligand detected. Running standard mode...
2025-12-15 17:58:26,978 | ERROR |PLACER failed for EH51_1_Napthyl_acetate_0_chai: Traceback (most recent call last):
  File "/nvme2/helen/EnzymeStructuralFiltering/filterzyme/PLACER/run_PLACER.py", line 282, in <module>
    main(args)
  File "/nvme2/helen/EnzymeStructuralFiltering/filterzyme/PLACER/run_PLACER.py", line 196, in main
    outputs = placer.run(placer_input_iter, args.nsamples)
  File "/nvme2/helen/EnzymeStructuralFiltering/filterzyme/PLACER/PLACER.py", line 405, in run
    Xs,Ds,plDDTs,pDEVs = self.net()(**{k:item[k] for k in input_keys}, recycles=recycles, save_recycling_data=save_recycling_data)
  File "/home/helen/miniconda3/envs/placer_env/lib/python3.10/site-packages/torch/nn/modules/module.py", line 1532, in _wrapped_call_impl
    return self._call_impl(*args, **kwargs)
  File "/home/helen/miniconda3/envs/placer_env/lib/python3.10/site-packages/torch/nn/modules/module.py", line 1541, in _call_impl
    return forward_call(*args, **kwargs)
  File "/nvme2/helen/EnzymeStructuralFiltering/filterzyme/PLACER/modules/model.py", line 281, in forward
    single = self.init_single(f1d)
  File "/home/helen/miniconda3/envs/placer_env/lib/python3.10/site-packages/torch/nn/modules/module.py", line 1532, in _wrapped_call_impl
    return self._call_impl(*args, **kwargs)
  File "/home/helen/miniconda3/envs/placer_env/lib/python3.10/site-packages/torch/nn/modules/module.py", line 1541, in _call_impl
    return forward_call(*args, **kwargs)
  File "/nvme2/helen/EnzymeStructuralFiltering/filterzyme/PLACER/modules/model.py", line 155, in forward
    return self.net(f1d)
  File "/home/helen/miniconda3/envs/placer_env/lib/python3.10/site-packages/torch/nn/modules/module.py", line 1532, in _wrapped_call_impl
    return self._call_impl(*args, **kwargs)
  File "/home/helen/miniconda3/envs/placer_env/lib/python3.10/site-packages/torch/nn/modules/module.py", line 1541, in _call_impl
    return forward_call(*args, **kwargs)
  File "/home/helen/miniconda3/envs/placer_env/lib/python3.10/site-packages/torch/nn/modules/container.py", line 217, in forward
    input = module(input)
  File "/home/helen/miniconda3/envs/placer_env/lib/python3.10/site-packages/torch/nn/modules/module.py", line 1532, in _wrapped_call_impl
    return self._call_impl(*args, **kwargs)
  File "/home/helen/miniconda3/envs/placer_env/lib/python3.10/site-packages/torch/nn/modules/module.py", line 1541, in _call_impl
    return forward_call(*args, **kwargs)
  File "/home/helen/miniconda3/envs/placer_env/lib/python3.10/site-packages/torch/nn/modules/linear.py", line 116, in forward
    return F.linear(input, self.weight, self.bias)
RuntimeError: CUDA error: CUBLAS_STATUS_NOT_INITIALIZED when calling `cublasCreate(handle)`

2025-12-15 17:58:26,984 | INFO |Entry EH51_Ethyl_3_oxohexanoate_0_chai: Single ligand detected. Running standard mode...
2025-12-15 17:58:45,969 | ERROR |PLACER failed for EH51_Ethyl_3_oxohexanoate_0_chai: Traceback (most recent call last):
  File "/nvme2/helen/EnzymeStructuralFiltering/filterzyme/PLACER/run_PLACER.py", line 282, in <module>
    main(args)
  File "/nvme2/helen/EnzymeStructuralFiltering/filterzyme/PLACER/run_PLACER.py", line 196, in main
    outputs = placer.run(placer_input_iter, args.nsamples)
  File "/nvme2/helen/EnzymeStructuralFiltering/filterzyme/PLACER/PLACER.py", line 405, in run
    Xs,Ds,plDDTs,pDEVs = self.net()(**{k:item[k] for k in input_keys}, recycles=recycles, save_recycling_data=save_recycling_data)
  File "/home/helen/miniconda3/envs/placer_env/lib/python3.10/site-packages/torch/nn/modules/module.py", line 1532, in _wrapped_call_impl
    return self._call_impl(*args, **kwargs)
  File "/home/helen/miniconda3/envs/placer_env/lib/python3.10/site-packages/torch/nn/modules/module.py", line 1541, in _call_impl
    return forward_call(*args, **kwargs)
  File "/nvme2/helen/EnzymeStructuralFiltering/filterzyme/PLACER/modules/model.py", line 281, in forward
    single = self.init_single(f1d)
  File "/home/helen/miniconda3/envs/placer_env/lib/python3.10/site-packages/torch/nn/modules/module.py", line 1532, in _wrapped_call_impl
    return self._call_impl(*args, **kwargs)
  File "/home/helen/miniconda3/envs/placer_env/lib/python3.10/site-packages/torch/nn/modules/module.py", line 1541, in _call_impl
    return forward_call(*args, **kwargs)
  File "/nvme2/helen/EnzymeStructuralFiltering/filterzyme/PLACER/modules/model.py", line 155, in forward
    return self.net(f1d)
  File "/home/helen/miniconda3/envs/placer_env/lib/python3.10/site-packages/torch/nn/modules/module.py", line 1532, in _wrapped_call_impl
    return self._call_impl(*args, **kwargs)
  File "/home/helen/miniconda3/envs/placer_env/lib/python3.10/site-packages/torch/nn/modules/module.py", line 1541, in _call_impl
    return forward_call(*args, **kwargs)
  File "/home/helen/miniconda3/envs/placer_env/lib/python3.10/site-packages/torch/nn/modules/container.py", line 217, in forward
    input = module(input)
  File "/home/helen/miniconda3/envs/placer_env/lib/python3.10/site-packages/torch/nn/modules/module.py", line 1532, in _wrapped_call_impl
    return self._call_impl(*args, **kwargs)
  File "/home/helen/miniconda3/envs/placer_env/lib/python3.10/site-packages/torch/nn/modules/module.py", line 1541, in _call_impl
    return forward_call(*args, **kwargs)
  File "/home/helen/miniconda3/envs/placer_env/lib/python3.10/site-packages/torch/nn/modules/linear.py", line 116, in forward
    return F.linear(input, self.weight, self.bias)
RuntimeError: CUDA error: CUBLAS_STATUS_NOT_INITIALIZED when calling `cublasCreate(handle)`

2025-12-15 17:58:45,975 | INFO |Entry EH51_Geranyl_acetate_0_chai: Single ligand detected. Running standard mode...
2025-12-15 18:02:02,517 | INFO |Entry EH51_L_Pantolactone_0_chai: Single ligand detected. Running standard mode...
2025-12-15 18:05:19,341 | INFO |Entry EH51_Vinyl_propionate_0_chai: Single ligand detected. Running standard mode...
2025-12-15 18:08:35,933 | INFO |Entry EH52_1_Napthyl_acetate_0_chai: Single ligand detected. Running standard mode...
2025-12-15 18:08:56,743 | ERROR |CUDA OOM on EH52_1_Napthyl_acetate_0_chai.
2025-12-15 18:08:56,747 | INFO |Entry EH52_Ethyl_3_oxohexanoate_0_chai: Single ligand detected. Running standard mode...
2025-12-15 18:09:21,717 | ERROR |CUDA OOM on EH52_Ethyl_3_oxohexanoate_0_chai.
2025-12-15 18:09:21,721 | INFO |Entry EH52_Geranyl_acetate_0_chai: Single ligand detected. Running standard mode...
2025-12-15 18:09:46,348 | ERROR |CUDA OOM on EH52_Geranyl_acetate_0_chai.
2025-12-15 18:09:46,352 | INFO |Entry EH52_L_Pantolactone_0_chai: Single ligand detected. Running standard mode...
2025-12-15 18:10:11,640 | ERROR |CUDA OOM on EH52_L_Pantolactone_0_chai.
2025-12-15 18:10:11,642 | INFO |Skipping EH52_Vinyl_propionate_0_chai, output already exists: EH52_Vinyl_propionate_0_chai.csv
2025-12-15 18:10:11,644 | INFO |Skipping EH53_1_Napthyl_acetate_0_chai, output already exists: EH53_1_Napthyl_acetate_0_chai.csv
2025-12-15 18:10:11,648 | INFO |Entry EH53_Ethyl_3_oxohexanoate_0_chai: Single ligand detected. Running standard mode...
2025-12-15 18:10:35,963 | ERROR |CUDA OOM on EH53_Ethyl_3_oxohexanoate_0_chai.
2025-12-15 18:10:35,967 | INFO |Entry EH53_Geranyl_acetate_0_chai: Single ligand detected. Running standard mode...
2025-12-15 18:13:48,043 | INFO |Entry EH53_L_Pantolactone_0_chai: Single ligand detected. Running standard mode...
2025-12-15 18:14:08,328 | ERROR |CUDA OOM on EH53_L_Pantolactone_0_chai.
2025-12-15 18:14:08,330 | INFO |Skipping EH53_Vinyl_propionate_0_chai, output already exists: EH53_Vinyl_propionate_0_chai.csv
2025-12-15 18:14:08,335 | INFO |Entry EH54_1_Napthyl_acetate_0_chai: Single ligand detected. Running standard mode...
2025-12-15 18:17:21,729 | INFO |Entry EH54_Ethyl_3_oxohexanoate_0_chai: Single ligand detected. Running standard mode...
2025-12-15 18:17:40,482 | ERROR |PLACER failed for EH54_Ethyl_3_oxohexanoate_0_chai: Traceback (most recent call last):
  File "/nvme2/helen/EnzymeStructuralFiltering/filterzyme/PLACER/run_PLACER.py", line 282, in <module>
    main(args)
  File "/nvme2/helen/EnzymeStructuralFiltering/filterzyme/PLACER/run_PLACER.py", line 196, in main
    outputs = placer.run(placer_input_iter, args.nsamples)
  File "/nvme2/helen/EnzymeStructuralFiltering/filterzyme/PLACER/PLACER.py", line 405, in run
    Xs,Ds,plDDTs,pDEVs = self.net()(**{k:item[k] for k in input_keys}, recycles=recycles, save_recycling_data=save_recycling_data)
  File "/home/helen/miniconda3/envs/placer_env/lib/python3.10/site-packages/torch/nn/modules/module.py", line 1532, in _wrapped_call_impl
    return self._call_impl(*args, **kwargs)
  File "/home/helen/miniconda3/envs/placer_env/lib/python3.10/site-packages/torch/nn/modules/module.py", line 1541, in _call_impl
    return forward_call(*args, **kwargs)
  File "/nvme2/helen/EnzymeStructuralFiltering/filterzyme/PLACER/modules/model.py", line 281, in forward
    single = self.init_single(f1d)
  File "/home/helen/miniconda3/envs/placer_env/lib/python3.10/site-packages/torch/nn/modules/module.py", line 1532, in _wrapped_call_impl
    return self._call_impl(*args, **kwargs)
  File "/home/helen/miniconda3/envs/placer_env/lib/python3.10/site-packages/torch/nn/modules/module.py", line 1541, in _call_impl
    return forward_call(*args, **kwargs)
  File "/nvme2/helen/EnzymeStructuralFiltering/filterzyme/PLACER/modules/model.py", line 155, in forward
    return self.net(f1d)
  File "/home/helen/miniconda3/envs/placer_env/lib/python3.10/site-packages/torch/nn/modules/module.py", line 1532, in _wrapped_call_impl
    return self._call_impl(*args, **kwargs)
  File "/home/helen/miniconda3/envs/placer_env/lib/python3.10/site-packages/torch/nn/modules/module.py", line 1541, in _call_impl
    return forward_call(*args, **kwargs)
  File "/home/helen/miniconda3/envs/placer_env/lib/python3.10/site-packages/torch/nn/modules/container.py", line 217, in forward
    input = module(input)
  File "/home/helen/miniconda3/envs/placer_env/lib/python3.10/site-packages/torch/nn/modules/module.py", line 1532, in _wrapped_call_impl
    return self._call_impl(*args, **kwargs)
  File "/home/helen/miniconda3/envs/placer_env/lib/python3.10/site-packages/torch/nn/modules/module.py", line 1541, in _call_impl
    return forward_call(*args, **kwargs)
  File "/home/helen/miniconda3/envs/placer_env/lib/python3.10/site-packages/torch/nn/modules/linear.py", line 116, in forward
    return F.linear(input, self.weight, self.bias)
RuntimeError: CUDA error: CUBLAS_STATUS_NOT_INITIALIZED when calling `cublasCreate(handle)`

2025-12-15 18:17:40,484 | INFO |Skipping EH54_Geranyl_acetate_0_chai, output already exists: EH54_Geranyl_acetate_0_chai.csv
2025-12-15 18:17:40,488 | INFO |Entry EH54_L_Pantolactone_0_chai: Single ligand detected. Running standard mode...
2025-12-15 18:18:01,426 | ERROR |PLACER failed for EH54_L_Pantolactone_0_chai: Traceback (most recent call last):
  File "/nvme2/helen/EnzymeStructuralFiltering/filterzyme/PLACER/run_PLACER.py", line 282, in <module>
    main(args)
  File "/nvme2/helen/EnzymeStructuralFiltering/filterzyme/PLACER/run_PLACER.py", line 196, in main
    outputs = placer.run(placer_input_iter, args.nsamples)
  File "/nvme2/helen/EnzymeStructuralFiltering/filterzyme/PLACER/PLACER.py", line 405, in run
    Xs,Ds,plDDTs,pDEVs = self.net()(**{k:item[k] for k in input_keys}, recycles=recycles, save_recycling_data=save_recycling_data)
  File "/home/helen/miniconda3/envs/placer_env/lib/python3.10/site-packages/torch/nn/modules/module.py", line 1532, in _wrapped_call_impl
    return self._call_impl(*args, **kwargs)
  File "/home/helen/miniconda3/envs/placer_env/lib/python3.10/site-packages/torch/nn/modules/module.py", line 1541, in _call_impl
    return forward_call(*args, **kwargs)
  File "/nvme2/helen/EnzymeStructuralFiltering/filterzyme/PLACER/modules/model.py", line 281, in forward
    single = self.init_single(f1d)
  File "/home/helen/miniconda3/envs/placer_env/lib/python3.10/site-packages/torch/nn/modules/module.py", line 1532, in _wrapped_call_impl
    return self._call_impl(*args, **kwargs)
  File "/home/helen/miniconda3/envs/placer_env/lib/python3.10/site-packages/torch/nn/modules/module.py", line 1541, in _call_impl
    return forward_call(*args, **kwargs)
  File "/nvme2/helen/EnzymeStructuralFiltering/filterzyme/PLACER/modules/model.py", line 155, in forward
    return self.net(f1d)
  File "/home/helen/miniconda3/envs/placer_env/lib/python3.10/site-packages/torch/nn/modules/module.py", line 1532, in _wrapped_call_impl
    return self._call_impl(*args, **kwargs)
  File "/home/helen/miniconda3/envs/placer_env/lib/python3.10/site-packages/torch/nn/modules/module.py", line 1541, in _call_impl
    return forward_call(*args, **kwargs)
  File "/home/helen/miniconda3/envs/placer_env/lib/python3.10/site-packages/torch/nn/modules/container.py", line 217, in forward
    input = module(input)
  File "/home/helen/miniconda3/envs/placer_env/lib/python3.10/site-packages/torch/nn/modules/module.py", line 1532, in _wrapped_call_impl
    return self._call_impl(*args, **kwargs)
  File "/home/helen/miniconda3/envs/placer_env/lib/python3.10/site-packages/torch/nn/modules/module.py", line 1541, in _call_impl
    return forward_call(*args, **kwargs)
  File "/home/helen/miniconda3/envs/placer_env/lib/python3.10/site-packages/torch/nn/modules/linear.py", line 116, in forward
    return F.linear(input, self.weight, self.bias)
RuntimeError: CUDA error: CUBLAS_STATUS_NOT_INITIALIZED when calling `cublasCreate(handle)`

2025-12-15 18:18:01,430 | INFO |Entry EH54_Vinyl_propionate_0_chai: Single ligand detected. Running standard mode...
2025-12-15 18:18:22,905 | ERROR |PLACER failed for EH54_Vinyl_propionate_0_chai: Traceback (most recent call last):
  File "/nvme2/helen/EnzymeStructuralFiltering/filterzyme/PLACER/run_PLACER.py", line 282, in <module>
    main(args)
  File "/nvme2/helen/EnzymeStructuralFiltering/filterzyme/PLACER/run_PLACER.py", line 196, in main
    outputs = placer.run(placer_input_iter, args.nsamples)
  File "/nvme2/helen/EnzymeStructuralFiltering/filterzyme/PLACER/PLACER.py", line 405, in run
    Xs,Ds,plDDTs,pDEVs = self.net()(**{k:item[k] for k in input_keys}, recycles=recycles, save_recycling_data=save_recycling_data)
  File "/home/helen/miniconda3/envs/placer_env/lib/python3.10/site-packages/torch/nn/modules/module.py", line 1532, in _wrapped_call_impl
    return self._call_impl(*args, **kwargs)
  File "/home/helen/miniconda3/envs/placer_env/lib/python3.10/site-packages/torch/nn/modules/module.py", line 1541, in _call_impl
    return forward_call(*args, **kwargs)
  File "/nvme2/helen/EnzymeStructuralFiltering/filterzyme/PLACER/modules/model.py", line 281, in forward
    single = self.init_single(f1d)
  File "/home/helen/miniconda3/envs/placer_env/lib/python3.10/site-packages/torch/nn/modules/module.py", line 1532, in _wrapped_call_impl
    return self._call_impl(*args, **kwargs)
  File "/home/helen/miniconda3/envs/placer_env/lib/python3.10/site-packages/torch/nn/modules/module.py", line 1541, in _call_impl
    return forward_call(*args, **kwargs)
  File "/nvme2/helen/EnzymeStructuralFiltering/filterzyme/PLACER/modules/model.py", line 155, in forward
    return self.net(f1d)
  File "/home/helen/miniconda3/envs/placer_env/lib/python3.10/site-packages/torch/nn/modules/module.py", line 1532, in _wrapped_call_impl
    return self._call_impl(*args, **kwargs)
  File "/home/helen/miniconda3/envs/placer_env/lib/python3.10/site-packages/torch/nn/modules/module.py", line 1541, in _call_impl
    return forward_call(*args, **kwargs)
  File "/home/helen/miniconda3/envs/placer_env/lib/python3.10/site-packages/torch/nn/modules/container.py", line 217, in forward
    input = module(input)
  File "/home/helen/miniconda3/envs/placer_env/lib/python3.10/site-packages/torch/nn/modules/module.py", line 1532, in _wrapped_call_impl
    return self._call_impl(*args, **kwargs)
  File "/home/helen/miniconda3/envs/placer_env/lib/python3.10/site-packages/torch/nn/modules/module.py", line 1541, in _call_impl
    return forward_call(*args, **kwargs)
  File "/home/helen/miniconda3/envs/placer_env/lib/python3.10/site-packages/torch/nn/modules/linear.py", line 116, in forward
    return F.linear(input, self.weight, self.bias)
RuntimeError: CUDA error: CUBLAS_STATUS_NOT_INITIALIZED when calling `cublasCreate(handle)`

2025-12-15 18:18:22,910 | INFO |Entry EH55_1_Napthyl_acetate_0_chai: Single ligand detected. Running standard mode...
2025-12-15 18:18:44,601 | ERROR |PLACER failed for EH55_1_Napthyl_acetate_0_chai: Traceback (most recent call last):
  File "/nvme2/helen/EnzymeStructuralFiltering/filterzyme/PLACER/run_PLACER.py", line 282, in <module>
    main(args)
  File "/nvme2/helen/EnzymeStructuralFiltering/filterzyme/PLACER/run_PLACER.py", line 196, in main
    outputs = placer.run(placer_input_iter, args.nsamples)
  File "/nvme2/helen/EnzymeStructuralFiltering/filterzyme/PLACER/PLACER.py", line 405, in run
    Xs,Ds,plDDTs,pDEVs = self.net()(**{k:item[k] for k in input_keys}, recycles=recycles, save_recycling_data=save_recycling_data)
  File "/home/helen/miniconda3/envs/placer_env/lib/python3.10/site-packages/torch/nn/modules/module.py", line 1532, in _wrapped_call_impl
    return self._call_impl(*args, **kwargs)
  File "/home/helen/miniconda3/envs/placer_env/lib/python3.10/site-packages/torch/nn/modules/module.py", line 1541, in _call_impl
    return forward_call(*args, **kwargs)
  File "/nvme2/helen/EnzymeStructuralFiltering/filterzyme/PLACER/modules/model.py", line 281, in forward
    single = self.init_single(f1d)
  File "/home/helen/miniconda3/envs/placer_env/lib/python3.10/site-packages/torch/nn/modules/module.py", line 1532, in _wrapped_call_impl
    return self._call_impl(*args, **kwargs)
  File "/home/helen/miniconda3/envs/placer_env/lib/python3.10/site-packages/torch/nn/modules/module.py", line 1541, in _call_impl
    return forward_call(*args, **kwargs)
  File "/nvme2/helen/EnzymeStructuralFiltering/filterzyme/PLACER/modules/model.py", line 155, in forward
    return self.net(f1d)
  File "/home/helen/miniconda3/envs/placer_env/lib/python3.10/site-packages/torch/nn/modules/module.py", line 1532, in _wrapped_call_impl
    return self._call_impl(*args, **kwargs)
  File "/home/helen/miniconda3/envs/placer_env/lib/python3.10/site-packages/torch/nn/modules/module.py", line 1541, in _call_impl
    return forward_call(*args, **kwargs)
  File "/home/helen/miniconda3/envs/placer_env/lib/python3.10/site-packages/torch/nn/modules/container.py", line 217, in forward
    input = module(input)
  File "/home/helen/miniconda3/envs/placer_env/lib/python3.10/site-packages/torch/nn/modules/module.py", line 1532, in _wrapped_call_impl
    return self._call_impl(*args, **kwargs)
  File "/home/helen/miniconda3/envs/placer_env/lib/python3.10/site-packages/torch/nn/modules/module.py", line 1541, in _call_impl
    return forward_call(*args, **kwargs)
  File "/home/helen/miniconda3/envs/placer_env/lib/python3.10/site-packages/torch/nn/modules/linear.py", line 116, in forward
    return F.linear(input, self.weight, self.bias)
RuntimeError: CUDA error: CUBLAS_STATUS_NOT_INITIALIZED when calling `cublasCreate(handle)`

2025-12-15 18:18:44,605 | INFO |Entry EH55_Ethyl_3_oxohexanoate_0_chai: Single ligand detected. Running standard mode...
2025-12-15 18:19:06,614 | ERROR |PLACER failed for EH55_Ethyl_3_oxohexanoate_0_chai: Traceback (most recent call last):
  File "/nvme2/helen/EnzymeStructuralFiltering/filterzyme/PLACER/run_PLACER.py", line 282, in <module>
    main(args)
  File "/nvme2/helen/EnzymeStructuralFiltering/filterzyme/PLACER/run_PLACER.py", line 196, in main
    outputs = placer.run(placer_input_iter, args.nsamples)
  File "/nvme2/helen/EnzymeStructuralFiltering/filterzyme/PLACER/PLACER.py", line 405, in run
    Xs,Ds,plDDTs,pDEVs = self.net()(**{k:item[k] for k in input_keys}, recycles=recycles, save_recycling_data=save_recycling_data)
  File "/home/helen/miniconda3/envs/placer_env/lib/python3.10/site-packages/torch/nn/modules/module.py", line 1532, in _wrapped_call_impl
    return self._call_impl(*args, **kwargs)
  File "/home/helen/miniconda3/envs/placer_env/lib/python3.10/site-packages/torch/nn/modules/module.py", line 1541, in _call_impl
    return forward_call(*args, **kwargs)
  File "/nvme2/helen/EnzymeStructuralFiltering/filterzyme/PLACER/modules/model.py", line 281, in forward
    single = self.init_single(f1d)
  File "/home/helen/miniconda3/envs/placer_env/lib/python3.10/site-packages/torch/nn/modules/module.py", line 1532, in _wrapped_call_impl
    return self._call_impl(*args, **kwargs)
  File "/home/helen/miniconda3/envs/placer_env/lib/python3.10/site-packages/torch/nn/modules/module.py", line 1541, in _call_impl
    return forward_call(*args, **kwargs)
  File "/nvme2/helen/EnzymeStructuralFiltering/filterzyme/PLACER/modules/model.py", line 155, in forward
    return self.net(f1d)
  File "/home/helen/miniconda3/envs/placer_env/lib/python3.10/site-packages/torch/nn/modules/module.py", line 1532, in _wrapped_call_impl
    return self._call_impl(*args, **kwargs)
  File "/home/helen/miniconda3/envs/placer_env/lib/python3.10/site-packages/torch/nn/modules/module.py", line 1541, in _call_impl
    return forward_call(*args, **kwargs)
  File "/home/helen/miniconda3/envs/placer_env/lib/python3.10/site-packages/torch/nn/modules/container.py", line 217, in forward
    input = module(input)
  File "/home/helen/miniconda3/envs/placer_env/lib/python3.10/site-packages/torch/nn/modules/module.py", line 1532, in _wrapped_call_impl
    return self._call_impl(*args, **kwargs)
  File "/home/helen/miniconda3/envs/placer_env/lib/python3.10/site-packages/torch/nn/modules/module.py", line 1541, in _call_impl
    return forward_call(*args, **kwargs)
  File "/home/helen/miniconda3/envs/placer_env/lib/python3.10/site-packages/torch/nn/modules/linear.py", line 116, in forward
    return F.linear(input, self.weight, self.bias)
RuntimeError: CUDA error: CUBLAS_STATUS_NOT_INITIALIZED when calling `cublasCreate(handle)`

2025-12-15 18:19:06,619 | INFO |Entry EH55_Geranyl_acetate_0_chai: Single ligand detected. Running standard mode...
2025-12-15 18:22:21,090 | INFO |Entry EH55_L_Pantolactone_0_chai: Single ligand detected. Running standard mode...
2025-12-15 18:22:43,332 | ERROR |CUDA OOM on EH55_L_Pantolactone_0_chai.
2025-12-15 18:22:43,336 | INFO |Entry EH55_Vinyl_propionate_0_chai: Single ligand detected. Running standard mode...
2025-12-15 18:23:07,521 | ERROR |CUDA OOM on EH55_Vinyl_propionate_0_chai.
2025-12-15 18:23:07,523 | INFO |Entry EH56_1_Napthyl_acetate_0_chai: Single ligand detected. Running standard mode...
2025-12-15 18:25:58,872 | INFO |Entry EH56_Ethyl_3_oxohexanoate_0_chai: Single ligand detected. Running standard mode...
2025-12-15 18:26:17,520 | ERROR |PLACER failed for EH56_Ethyl_3_oxohexanoate_0_chai: Traceback (most recent call last):
  File "/nvme2/helen/EnzymeStructuralFiltering/filterzyme/PLACER/run_PLACER.py", line 282, in <module>
    main(args)
  File "/nvme2/helen/EnzymeStructuralFiltering/filterzyme/PLACER/run_PLACER.py", line 196, in main
    outputs = placer.run(placer_input_iter, args.nsamples)
  File "/nvme2/helen/EnzymeStructuralFiltering/filterzyme/PLACER/PLACER.py", line 405, in run
    Xs,Ds,plDDTs,pDEVs = self.net()(**{k:item[k] for k in input_keys}, recycles=recycles, save_recycling_data=save_recycling_data)
  File "/home/helen/miniconda3/envs/placer_env/lib/python3.10/site-packages/torch/nn/modules/module.py", line 1532, in _wrapped_call_impl
    return self._call_impl(*args, **kwargs)
  File "/home/helen/miniconda3/envs/placer_env/lib/python3.10/site-packages/torch/nn/modules/module.py", line 1541, in _call_impl
    return forward_call(*args, **kwargs)
  File "/nvme2/helen/EnzymeStructuralFiltering/filterzyme/PLACER/modules/model.py", line 281, in forward
    single = self.init_single(f1d)
  File "/home/helen/miniconda3/envs/placer_env/lib/python3.10/site-packages/torch/nn/modules/module.py", line 1532, in _wrapped_call_impl
    return self._call_impl(*args, **kwargs)
  File "/home/helen/miniconda3/envs/placer_env/lib/python3.10/site-packages/torch/nn/modules/module.py", line 1541, in _call_impl
    return forward_call(*args, **kwargs)
  File "/nvme2/helen/EnzymeStructuralFiltering/filterzyme/PLACER/modules/model.py", line 155, in forward
    return self.net(f1d)
  File "/home/helen/miniconda3/envs/placer_env/lib/python3.10/site-packages/torch/nn/modules/module.py", line 1532, in _wrapped_call_impl
    return self._call_impl(*args, **kwargs)
  File "/home/helen/miniconda3/envs/placer_env/lib/python3.10/site-packages/torch/nn/modules/module.py", line 1541, in _call_impl
    return forward_call(*args, **kwargs)
  File "/home/helen/miniconda3/envs/placer_env/lib/python3.10/site-packages/torch/nn/modules/container.py", line 217, in forward
    input = module(input)
  File "/home/helen/miniconda3/envs/placer_env/lib/python3.10/site-packages/torch/nn/modules/module.py", line 1532, in _wrapped_call_impl
    return self._call_impl(*args, **kwargs)
  File "/home/helen/miniconda3/envs/placer_env/lib/python3.10/site-packages/torch/nn/modules/module.py", line 1541, in _call_impl
    return forward_call(*args, **kwargs)
  File "/home/helen/miniconda3/envs/placer_env/lib/python3.10/site-packages/torch/nn/modules/linear.py", line 116, in forward
    return F.linear(input, self.weight, self.bias)
RuntimeError: CUDA error: CUBLAS_STATUS_NOT_INITIALIZED when calling `cublasCreate(handle)`

2025-12-15 18:26:17,525 | INFO |Entry EH56_Geranyl_acetate_0_chai: Single ligand detected. Running standard mode...
2025-12-15 18:26:39,246 | ERROR |PLACER failed for EH56_Geranyl_acetate_0_chai: Traceback (most recent call last):
  File "/nvme2/helen/EnzymeStructuralFiltering/filterzyme/PLACER/run_PLACER.py", line 282, in <module>
    main(args)
  File "/nvme2/helen/EnzymeStructuralFiltering/filterzyme/PLACER/run_PLACER.py", line 196, in main
    outputs = placer.run(placer_input_iter, args.nsamples)
  File "/nvme2/helen/EnzymeStructuralFiltering/filterzyme/PLACER/PLACER.py", line 405, in run
    Xs,Ds,plDDTs,pDEVs = self.net()(**{k:item[k] for k in input_keys}, recycles=recycles, save_recycling_data=save_recycling_data)
  File "/home/helen/miniconda3/envs/placer_env/lib/python3.10/site-packages/torch/nn/modules/module.py", line 1532, in _wrapped_call_impl
    return self._call_impl(*args, **kwargs)
  File "/home/helen/miniconda3/envs/placer_env/lib/python3.10/site-packages/torch/nn/modules/module.py", line 1541, in _call_impl
    return forward_call(*args, **kwargs)
  File "/nvme2/helen/EnzymeStructuralFiltering/filterzyme/PLACER/modules/model.py", line 281, in forward
    single = self.init_single(f1d)
  File "/home/helen/miniconda3/envs/placer_env/lib/python3.10/site-packages/torch/nn/modules/module.py", line 1532, in _wrapped_call_impl
    return self._call_impl(*args, **kwargs)
  File "/home/helen/miniconda3/envs/placer_env/lib/python3.10/site-packages/torch/nn/modules/module.py", line 1541, in _call_impl
    return forward_call(*args, **kwargs)
  File "/nvme2/helen/EnzymeStructuralFiltering/filterzyme/PLACER/modules/model.py", line 155, in forward
    return self.net(f1d)
  File "/home/helen/miniconda3/envs/placer_env/lib/python3.10/site-packages/torch/nn/modules/module.py", line 1532, in _wrapped_call_impl
    return self._call_impl(*args, **kwargs)
  File "/home/helen/miniconda3/envs/placer_env/lib/python3.10/site-packages/torch/nn/modules/module.py", line 1541, in _call_impl
    return forward_call(*args, **kwargs)
  File "/home/helen/miniconda3/envs/placer_env/lib/python3.10/site-packages/torch/nn/modules/container.py", line 217, in forward
    input = module(input)
  File "/home/helen/miniconda3/envs/placer_env/lib/python3.10/site-packages/torch/nn/modules/module.py", line 1532, in _wrapped_call_impl
    return self._call_impl(*args, **kwargs)
  File "/home/helen/miniconda3/envs/placer_env/lib/python3.10/site-packages/torch/nn/modules/module.py", line 1541, in _call_impl
    return forward_call(*args, **kwargs)
  File "/home/helen/miniconda3/envs/placer_env/lib/python3.10/site-packages/torch/nn/modules/linear.py", line 116, in forward
    return F.linear(input, self.weight, self.bias)
RuntimeError: CUDA error: CUBLAS_STATUS_NOT_INITIALIZED when calling `cublasCreate(handle)`

2025-12-15 18:26:39,251 | INFO |Entry EH56_L_Pantolactone_0_chai: Single ligand detected. Running standard mode...
2025-12-15 18:27:00,850 | ERROR |PLACER failed for EH56_L_Pantolactone_0_chai: Traceback (most recent call last):
  File "/nvme2/helen/EnzymeStructuralFiltering/filterzyme/PLACER/run_PLACER.py", line 282, in <module>
    main(args)
  File "/nvme2/helen/EnzymeStructuralFiltering/filterzyme/PLACER/run_PLACER.py", line 196, in main
    outputs = placer.run(placer_input_iter, args.nsamples)
  File "/nvme2/helen/EnzymeStructuralFiltering/filterzyme/PLACER/PLACER.py", line 405, in run
    Xs,Ds,plDDTs,pDEVs = self.net()(**{k:item[k] for k in input_keys}, recycles=recycles, save_recycling_data=save_recycling_data)
  File "/home/helen/miniconda3/envs/placer_env/lib/python3.10/site-packages/torch/nn/modules/module.py", line 1532, in _wrapped_call_impl
    return self._call_impl(*args, **kwargs)
  File "/home/helen/miniconda3/envs/placer_env/lib/python3.10/site-packages/torch/nn/modules/module.py", line 1541, in _call_impl
    return forward_call(*args, **kwargs)
  File "/nvme2/helen/EnzymeStructuralFiltering/filterzyme/PLACER/modules/model.py", line 281, in forward
    single = self.init_single(f1d)
  File "/home/helen/miniconda3/envs/placer_env/lib/python3.10/site-packages/torch/nn/modules/module.py", line 1532, in _wrapped_call_impl
    return self._call_impl(*args, **kwargs)
  File "/home/helen/miniconda3/envs/placer_env/lib/python3.10/site-packages/torch/nn/modules/module.py", line 1541, in _call_impl
    return forward_call(*args, **kwargs)
  File "/nvme2/helen/EnzymeStructuralFiltering/filterzyme/PLACER/modules/model.py", line 155, in forward
    return self.net(f1d)
  File "/home/helen/miniconda3/envs/placer_env/lib/python3.10/site-packages/torch/nn/modules/module.py", line 1532, in _wrapped_call_impl
    return self._call_impl(*args, **kwargs)
  File "/home/helen/miniconda3/envs/placer_env/lib/python3.10/site-packages/torch/nn/modules/module.py", line 1541, in _call_impl
    return forward_call(*args, **kwargs)
  File "/home/helen/miniconda3/envs/placer_env/lib/python3.10/site-packages/torch/nn/modules/container.py", line 217, in forward
    input = module(input)
  File "/home/helen/miniconda3/envs/placer_env/lib/python3.10/site-packages/torch/nn/modules/module.py", line 1532, in _wrapped_call_impl
    return self._call_impl(*args, **kwargs)
  File "/home/helen/miniconda3/envs/placer_env/lib/python3.10/site-packages/torch/nn/modules/module.py", line 1541, in _call_impl
    return forward_call(*args, **kwargs)
  File "/home/helen/miniconda3/envs/placer_env/lib/python3.10/site-packages/torch/nn/modules/linear.py", line 116, in forward
    return F.linear(input, self.weight, self.bias)
RuntimeError: CUDA error: CUBLAS_STATUS_NOT_INITIALIZED when calling `cublasCreate(handle)`

2025-12-15 18:27:00,854 | INFO |Entry EH56_Vinyl_propionate_0_chai: Single ligand detected. Running standard mode...
2025-12-15 18:27:21,958 | ERROR |PLACER failed for EH56_Vinyl_propionate_0_chai: Traceback (most recent call last):
  File "/nvme2/helen/EnzymeStructuralFiltering/filterzyme/PLACER/run_PLACER.py", line 282, in <module>
    main(args)
  File "/nvme2/helen/EnzymeStructuralFiltering/filterzyme/PLACER/run_PLACER.py", line 196, in main
    outputs = placer.run(placer_input_iter, args.nsamples)
  File "/nvme2/helen/EnzymeStructuralFiltering/filterzyme/PLACER/PLACER.py", line 405, in run
    Xs,Ds,plDDTs,pDEVs = self.net()(**{k:item[k] for k in input_keys}, recycles=recycles, save_recycling_data=save_recycling_data)
  File "/home/helen/miniconda3/envs/placer_env/lib/python3.10/site-packages/torch/nn/modules/module.py", line 1532, in _wrapped_call_impl
    return self._call_impl(*args, **kwargs)
  File "/home/helen/miniconda3/envs/placer_env/lib/python3.10/site-packages/torch/nn/modules/module.py", line 1541, in _call_impl
    return forward_call(*args, **kwargs)
  File "/nvme2/helen/EnzymeStructuralFiltering/filterzyme/PLACER/modules/model.py", line 281, in forward
    single = self.init_single(f1d)
  File "/home/helen/miniconda3/envs/placer_env/lib/python3.10/site-packages/torch/nn/modules/module.py", line 1532, in _wrapped_call_impl
    return self._call_impl(*args, **kwargs)
  File "/home/helen/miniconda3/envs/placer_env/lib/python3.10/site-packages/torch/nn/modules/module.py", line 1541, in _call_impl
    return forward_call(*args, **kwargs)
  File "/nvme2/helen/EnzymeStructuralFiltering/filterzyme/PLACER/modules/model.py", line 155, in forward
    return self.net(f1d)
  File "/home/helen/miniconda3/envs/placer_env/lib/python3.10/site-packages/torch/nn/modules/module.py", line 1532, in _wrapped_call_impl
    return self._call_impl(*args, **kwargs)
  File "/home/helen/miniconda3/envs/placer_env/lib/python3.10/site-packages/torch/nn/modules/module.py", line 1541, in _call_impl
    return forward_call(*args, **kwargs)
  File "/home/helen/miniconda3/envs/placer_env/lib/python3.10/site-packages/torch/nn/modules/container.py", line 217, in forward
    input = module(input)
  File "/home/helen/miniconda3/envs/placer_env/lib/python3.10/site-packages/torch/nn/modules/module.py", line 1532, in _wrapped_call_impl
    return self._call_impl(*args, **kwargs)
  File "/home/helen/miniconda3/envs/placer_env/lib/python3.10/site-packages/torch/nn/modules/module.py", line 1541, in _call_impl
    return forward_call(*args, **kwargs)
  File "/home/helen/miniconda3/envs/placer_env/lib/python3.10/site-packages/torch/nn/modules/linear.py", line 116, in forward
    return F.linear(input, self.weight, self.bias)
RuntimeError: CUDA error: CUBLAS_STATUS_NOT_INITIALIZED when calling `cublasCreate(handle)`

2025-12-15 18:27:21,962 | INFO |Entry EH57_1_Napthyl_acetate_0_chai: Single ligand detected. Running standard mode...
2025-12-15 18:30:25,090 | INFO |Entry EH57_Ethyl_3_oxohexanoate_0_chai: Single ligand detected. Running standard mode...
2025-12-15 18:30:44,197 | ERROR |PLACER failed for EH57_Ethyl_3_oxohexanoate_0_chai: Traceback (most recent call last):
  File "/nvme2/helen/EnzymeStructuralFiltering/filterzyme/PLACER/run_PLACER.py", line 282, in <module>
    main(args)
  File "/nvme2/helen/EnzymeStructuralFiltering/filterzyme/PLACER/run_PLACER.py", line 196, in main
    outputs = placer.run(placer_input_iter, args.nsamples)
  File "/nvme2/helen/EnzymeStructuralFiltering/filterzyme/PLACER/PLACER.py", line 405, in run
    Xs,Ds,plDDTs,pDEVs = self.net()(**{k:item[k] for k in input_keys}, recycles=recycles, save_recycling_data=save_recycling_data)
  File "/home/helen/miniconda3/envs/placer_env/lib/python3.10/site-packages/torch/nn/modules/module.py", line 1532, in _wrapped_call_impl
    return self._call_impl(*args, **kwargs)
  File "/home/helen/miniconda3/envs/placer_env/lib/python3.10/site-packages/torch/nn/modules/module.py", line 1541, in _call_impl
    return forward_call(*args, **kwargs)
  File "/nvme2/helen/EnzymeStructuralFiltering/filterzyme/PLACER/modules/model.py", line 281, in forward
    single = self.init_single(f1d)
  File "/home/helen/miniconda3/envs/placer_env/lib/python3.10/site-packages/torch/nn/modules/module.py", line 1532, in _wrapped_call_impl
    return self._call_impl(*args, **kwargs)
  File "/home/helen/miniconda3/envs/placer_env/lib/python3.10/site-packages/torch/nn/modules/module.py", line 1541, in _call_impl
    return forward_call(*args, **kwargs)
  File "/nvme2/helen/EnzymeStructuralFiltering/filterzyme/PLACER/modules/model.py", line 155, in forward
    return self.net(f1d)
  File "/home/helen/miniconda3/envs/placer_env/lib/python3.10/site-packages/torch/nn/modules/module.py", line 1532, in _wrapped_call_impl
    return self._call_impl(*args, **kwargs)
  File "/home/helen/miniconda3/envs/placer_env/lib/python3.10/site-packages/torch/nn/modules/module.py", line 1541, in _call_impl
    return forward_call(*args, **kwargs)
  File "/home/helen/miniconda3/envs/placer_env/lib/python3.10/site-packages/torch/nn/modules/container.py", line 217, in forward
    input = module(input)
  File "/home/helen/miniconda3/envs/placer_env/lib/python3.10/site-packages/torch/nn/modules/module.py", line 1532, in _wrapped_call_impl
    return self._call_impl(*args, **kwargs)
  File "/home/helen/miniconda3/envs/placer_env/lib/python3.10/site-packages/torch/nn/modules/module.py", line 1541, in _call_impl
    return forward_call(*args, **kwargs)
  File "/home/helen/miniconda3/envs/placer_env/lib/python3.10/site-packages/torch/nn/modules/linear.py", line 116, in forward
    return F.linear(input, self.weight, self.bias)
RuntimeError: CUDA error: CUBLAS_STATUS_NOT_INITIALIZED when calling `cublasCreate(handle)`

2025-12-15 18:30:44,201 | INFO |Entry EH57_Geranyl_acetate_0_chai: Single ligand detected. Running standard mode...
2025-12-15 18:31:04,646 | ERROR |PLACER failed for EH57_Geranyl_acetate_0_chai: Traceback (most recent call last):
  File "/nvme2/helen/EnzymeStructuralFiltering/filterzyme/PLACER/run_PLACER.py", line 282, in <module>
    main(args)
  File "/nvme2/helen/EnzymeStructuralFiltering/filterzyme/PLACER/run_PLACER.py", line 196, in main
    outputs = placer.run(placer_input_iter, args.nsamples)
  File "/nvme2/helen/EnzymeStructuralFiltering/filterzyme/PLACER/PLACER.py", line 405, in run
    Xs,Ds,plDDTs,pDEVs = self.net()(**{k:item[k] for k in input_keys}, recycles=recycles, save_recycling_data=save_recycling_data)
  File "/home/helen/miniconda3/envs/placer_env/lib/python3.10/site-packages/torch/nn/modules/module.py", line 1532, in _wrapped_call_impl
    return self._call_impl(*args, **kwargs)
  File "/home/helen/miniconda3/envs/placer_env/lib/python3.10/site-packages/torch/nn/modules/module.py", line 1541, in _call_impl
    return forward_call(*args, **kwargs)
  File "/nvme2/helen/EnzymeStructuralFiltering/filterzyme/PLACER/modules/model.py", line 281, in forward
    single = self.init_single(f1d)
  File "/home/helen/miniconda3/envs/placer_env/lib/python3.10/site-packages/torch/nn/modules/module.py", line 1532, in _wrapped_call_impl
    return self._call_impl(*args, **kwargs)
  File "/home/helen/miniconda3/envs/placer_env/lib/python3.10/site-packages/torch/nn/modules/module.py", line 1541, in _call_impl
    return forward_call(*args, **kwargs)
  File "/nvme2/helen/EnzymeStructuralFiltering/filterzyme/PLACER/modules/model.py", line 155, in forward
    return self.net(f1d)
  File "/home/helen/miniconda3/envs/placer_env/lib/python3.10/site-packages/torch/nn/modules/module.py", line 1532, in _wrapped_call_impl
    return self._call_impl(*args, **kwargs)
  File "/home/helen/miniconda3/envs/placer_env/lib/python3.10/site-packages/torch/nn/modules/module.py", line 1541, in _call_impl
    return forward_call(*args, **kwargs)
  File "/home/helen/miniconda3/envs/placer_env/lib/python3.10/site-packages/torch/nn/modules/container.py", line 217, in forward
    input = module(input)
  File "/home/helen/miniconda3/envs/placer_env/lib/python3.10/site-packages/torch/nn/modules/module.py", line 1532, in _wrapped_call_impl
    return self._call_impl(*args, **kwargs)
  File "/home/helen/miniconda3/envs/placer_env/lib/python3.10/site-packages/torch/nn/modules/module.py", line 1541, in _call_impl
    return forward_call(*args, **kwargs)
  File "/home/helen/miniconda3/envs/placer_env/lib/python3.10/site-packages/torch/nn/modules/linear.py", line 116, in forward
    return F.linear(input, self.weight, self.bias)
RuntimeError: CUDA error: CUBLAS_STATUS_NOT_INITIALIZED when calling `cublasCreate(handle)`

2025-12-15 18:31:04,650 | INFO |Entry EH57_L_Pantolactone_0_chai: Single ligand detected. Running standard mode...
2025-12-15 18:31:24,894 | ERROR |PLACER failed for EH57_L_Pantolactone_0_chai: Traceback (most recent call last):
  File "/nvme2/helen/EnzymeStructuralFiltering/filterzyme/PLACER/run_PLACER.py", line 282, in <module>
    main(args)
  File "/nvme2/helen/EnzymeStructuralFiltering/filterzyme/PLACER/run_PLACER.py", line 196, in main
    outputs = placer.run(placer_input_iter, args.nsamples)
  File "/nvme2/helen/EnzymeStructuralFiltering/filterzyme/PLACER/PLACER.py", line 405, in run
    Xs,Ds,plDDTs,pDEVs = self.net()(**{k:item[k] for k in input_keys}, recycles=recycles, save_recycling_data=save_recycling_data)
  File "/home/helen/miniconda3/envs/placer_env/lib/python3.10/site-packages/torch/nn/modules/module.py", line 1532, in _wrapped_call_impl
    return self._call_impl(*args, **kwargs)
  File "/home/helen/miniconda3/envs/placer_env/lib/python3.10/site-packages/torch/nn/modules/module.py", line 1541, in _call_impl
    return forward_call(*args, **kwargs)
  File "/nvme2/helen/EnzymeStructuralFiltering/filterzyme/PLACER/modules/model.py", line 281, in forward
    single = self.init_single(f1d)
  File "/home/helen/miniconda3/envs/placer_env/lib/python3.10/site-packages/torch/nn/modules/module.py", line 1532, in _wrapped_call_impl
    return self._call_impl(*args, **kwargs)
  File "/home/helen/miniconda3/envs/placer_env/lib/python3.10/site-packages/torch/nn/modules/module.py", line 1541, in _call_impl
    return forward_call(*args, **kwargs)
  File "/nvme2/helen/EnzymeStructuralFiltering/filterzyme/PLACER/modules/model.py", line 155, in forward
    return self.net(f1d)
  File "/home/helen/miniconda3/envs/placer_env/lib/python3.10/site-packages/torch/nn/modules/module.py", line 1532, in _wrapped_call_impl
    return self._call_impl(*args, **kwargs)
  File "/home/helen/miniconda3/envs/placer_env/lib/python3.10/site-packages/torch/nn/modules/module.py", line 1541, in _call_impl
    return forward_call(*args, **kwargs)
  File "/home/helen/miniconda3/envs/placer_env/lib/python3.10/site-packages/torch/nn/modules/container.py", line 217, in forward
    input = module(input)
  File "/home/helen/miniconda3/envs/placer_env/lib/python3.10/site-packages/torch/nn/modules/module.py", line 1532, in _wrapped_call_impl
    return self._call_impl(*args, **kwargs)
  File "/home/helen/miniconda3/envs/placer_env/lib/python3.10/site-packages/torch/nn/modules/module.py", line 1541, in _call_impl
    return forward_call(*args, **kwargs)
  File "/home/helen/miniconda3/envs/placer_env/lib/python3.10/site-packages/torch/nn/modules/linear.py", line 116, in forward
    return F.linear(input, self.weight, self.bias)
RuntimeError: CUDA error: CUBLAS_STATUS_NOT_INITIALIZED when calling `cublasCreate(handle)`

2025-12-15 18:31:24,898 | INFO |Entry EH57_Vinyl_propionate_0_chai: Single ligand detected. Running standard mode...
2025-12-15 18:34:42,345 | INFO |Entry EH58_1_Napthyl_acetate_0_chai: Single ligand detected. Running standard mode...
2025-12-15 18:35:05,986 | ERROR |CUDA OOM on EH58_1_Napthyl_acetate_0_chai.
2025-12-15 18:35:05,990 | INFO |Entry EH58_Ethyl_3_oxohexanoate_0_chai: Single ligand detected. Running standard mode...
2025-12-15 18:35:28,548 | ERROR |PLACER failed for EH58_Ethyl_3_oxohexanoate_0_chai: Traceback (most recent call last):
  File "/nvme2/helen/EnzymeStructuralFiltering/filterzyme/PLACER/run_PLACER.py", line 282, in <module>
    main(args)
  File "/nvme2/helen/EnzymeStructuralFiltering/filterzyme/PLACER/run_PLACER.py", line 196, in main
    outputs = placer.run(placer_input_iter, args.nsamples)
  File "/nvme2/helen/EnzymeStructuralFiltering/filterzyme/PLACER/PLACER.py", line 405, in run
    Xs,Ds,plDDTs,pDEVs = self.net()(**{k:item[k] for k in input_keys}, recycles=recycles, save_recycling_data=save_recycling_data)
  File "/home/helen/miniconda3/envs/placer_env/lib/python3.10/site-packages/torch/nn/modules/module.py", line 1532, in _wrapped_call_impl
    return self._call_impl(*args, **kwargs)
  File "/home/helen/miniconda3/envs/placer_env/lib/python3.10/site-packages/torch/nn/modules/module.py", line 1541, in _call_impl
    return forward_call(*args, **kwargs)
  File "/nvme2/helen/EnzymeStructuralFiltering/filterzyme/PLACER/modules/model.py", line 281, in forward
    single = self.init_single(f1d)
  File "/home/helen/miniconda3/envs/placer_env/lib/python3.10/site-packages/torch/nn/modules/module.py", line 1532, in _wrapped_call_impl
    return self._call_impl(*args, **kwargs)
  File "/home/helen/miniconda3/envs/placer_env/lib/python3.10/site-packages/torch/nn/modules/module.py", line 1541, in _call_impl
    return forward_call(*args, **kwargs)
  File "/nvme2/helen/EnzymeStructuralFiltering/filterzyme/PLACER/modules/model.py", line 155, in forward
    return self.net(f1d)
  File "/home/helen/miniconda3/envs/placer_env/lib/python3.10/site-packages/torch/nn/modules/module.py", line 1532, in _wrapped_call_impl
    return self._call_impl(*args, **kwargs)
  File "/home/helen/miniconda3/envs/placer_env/lib/python3.10/site-packages/torch/nn/modules/module.py", line 1541, in _call_impl
    return forward_call(*args, **kwargs)
  File "/home/helen/miniconda3/envs/placer_env/lib/python3.10/site-packages/torch/nn/modules/container.py", line 217, in forward
    input = module(input)
  File "/home/helen/miniconda3/envs/placer_env/lib/python3.10/site-packages/torch/nn/modules/module.py", line 1532, in _wrapped_call_impl
    return self._call_impl(*args, **kwargs)
  File "/home/helen/miniconda3/envs/placer_env/lib/python3.10/site-packages/torch/nn/modules/module.py", line 1541, in _call_impl
    return forward_call(*args, **kwargs)
  File "/home/helen/miniconda3/envs/placer_env/lib/python3.10/site-packages/torch/nn/modules/linear.py", line 116, in forward
    return F.linear(input, self.weight, self.bias)
RuntimeError: CUDA error: CUBLAS_STATUS_NOT_INITIALIZED when calling `cublasCreate(handle)`

2025-12-15 18:35:28,552 | INFO |Entry EH58_Geranyl_acetate_0_chai: Single ligand detected. Running standard mode...
2025-12-15 18:35:52,074 | ERROR |PLACER failed for EH58_Geranyl_acetate_0_chai: Traceback (most recent call last):
  File "/nvme2/helen/EnzymeStructuralFiltering/filterzyme/PLACER/run_PLACER.py", line 282, in <module>
    main(args)
  File "/nvme2/helen/EnzymeStructuralFiltering/filterzyme/PLACER/run_PLACER.py", line 196, in main
    outputs = placer.run(placer_input_iter, args.nsamples)
  File "/nvme2/helen/EnzymeStructuralFiltering/filterzyme/PLACER/PLACER.py", line 405, in run
    Xs,Ds,plDDTs,pDEVs = self.net()(**{k:item[k] for k in input_keys}, recycles=recycles, save_recycling_data=save_recycling_data)
  File "/home/helen/miniconda3/envs/placer_env/lib/python3.10/site-packages/torch/nn/modules/module.py", line 1532, in _wrapped_call_impl
    return self._call_impl(*args, **kwargs)
  File "/home/helen/miniconda3/envs/placer_env/lib/python3.10/site-packages/torch/nn/modules/module.py", line 1541, in _call_impl
    return forward_call(*args, **kwargs)
  File "/nvme2/helen/EnzymeStructuralFiltering/filterzyme/PLACER/modules/model.py", line 281, in forward
    single = self.init_single(f1d)
  File "/home/helen/miniconda3/envs/placer_env/lib/python3.10/site-packages/torch/nn/modules/module.py", line 1532, in _wrapped_call_impl
    return self._call_impl(*args, **kwargs)
  File "/home/helen/miniconda3/envs/placer_env/lib/python3.10/site-packages/torch/nn/modules/module.py", line 1541, in _call_impl
    return forward_call(*args, **kwargs)
  File "/nvme2/helen/EnzymeStructuralFiltering/filterzyme/PLACER/modules/model.py", line 155, in forward
    return self.net(f1d)
  File "/home/helen/miniconda3/envs/placer_env/lib/python3.10/site-packages/torch/nn/modules/module.py", line 1532, in _wrapped_call_impl
    return self._call_impl(*args, **kwargs)
  File "/home/helen/miniconda3/envs/placer_env/lib/python3.10/site-packages/torch/nn/modules/module.py", line 1541, in _call_impl
    return forward_call(*args, **kwargs)
  File "/home/helen/miniconda3/envs/placer_env/lib/python3.10/site-packages/torch/nn/modules/container.py", line 217, in forward
    input = module(input)
  File "/home/helen/miniconda3/envs/placer_env/lib/python3.10/site-packages/torch/nn/modules/module.py", line 1532, in _wrapped_call_impl
    return self._call_impl(*args, **kwargs)
  File "/home/helen/miniconda3/envs/placer_env/lib/python3.10/site-packages/torch/nn/modules/module.py", line 1541, in _call_impl
    return forward_call(*args, **kwargs)
  File "/home/helen/miniconda3/envs/placer_env/lib/python3.10/site-packages/torch/nn/modules/linear.py", line 116, in forward
    return F.linear(input, self.weight, self.bias)
RuntimeError: CUDA error: CUBLAS_STATUS_NOT_INITIALIZED when calling `cublasCreate(handle)`

2025-12-15 18:35:52,078 | INFO |Entry EH58_L_Pantolactone_0_chai: Single ligand detected. Running standard mode...
2025-12-15 18:36:15,286 | ERROR |PLACER failed for EH58_L_Pantolactone_0_chai: Traceback (most recent call last):
  File "/nvme2/helen/EnzymeStructuralFiltering/filterzyme/PLACER/run_PLACER.py", line 282, in <module>
    main(args)
  File "/nvme2/helen/EnzymeStructuralFiltering/filterzyme/PLACER/run_PLACER.py", line 196, in main
    outputs = placer.run(placer_input_iter, args.nsamples)
  File "/nvme2/helen/EnzymeStructuralFiltering/filterzyme/PLACER/PLACER.py", line 405, in run
    Xs,Ds,plDDTs,pDEVs = self.net()(**{k:item[k] for k in input_keys}, recycles=recycles, save_recycling_data=save_recycling_data)
  File "/home/helen/miniconda3/envs/placer_env/lib/python3.10/site-packages/torch/nn/modules/module.py", line 1532, in _wrapped_call_impl
    return self._call_impl(*args, **kwargs)
  File "/home/helen/miniconda3/envs/placer_env/lib/python3.10/site-packages/torch/nn/modules/module.py", line 1541, in _call_impl
    return forward_call(*args, **kwargs)
  File "/nvme2/helen/EnzymeStructuralFiltering/filterzyme/PLACER/modules/model.py", line 281, in forward
    single = self.init_single(f1d)
  File "/home/helen/miniconda3/envs/placer_env/lib/python3.10/site-packages/torch/nn/modules/module.py", line 1532, in _wrapped_call_impl
    return self._call_impl(*args, **kwargs)
  File "/home/helen/miniconda3/envs/placer_env/lib/python3.10/site-packages/torch/nn/modules/module.py", line 1541, in _call_impl
    return forward_call(*args, **kwargs)
  File "/nvme2/helen/EnzymeStructuralFiltering/filterzyme/PLACER/modules/model.py", line 155, in forward
    return self.net(f1d)
  File "/home/helen/miniconda3/envs/placer_env/lib/python3.10/site-packages/torch/nn/modules/module.py", line 1532, in _wrapped_call_impl
    return self._call_impl(*args, **kwargs)
  File "/home/helen/miniconda3/envs/placer_env/lib/python3.10/site-packages/torch/nn/modules/module.py", line 1541, in _call_impl
    return forward_call(*args, **kwargs)
  File "/home/helen/miniconda3/envs/placer_env/lib/python3.10/site-packages/torch/nn/modules/container.py", line 217, in forward
    input = module(input)
  File "/home/helen/miniconda3/envs/placer_env/lib/python3.10/site-packages/torch/nn/modules/module.py", line 1532, in _wrapped_call_impl
    return self._call_impl(*args, **kwargs)
  File "/home/helen/miniconda3/envs/placer_env/lib/python3.10/site-packages/torch/nn/modules/module.py", line 1541, in _call_impl
    return forward_call(*args, **kwargs)
  File "/home/helen/miniconda3/envs/placer_env/lib/python3.10/site-packages/torch/nn/modules/linear.py", line 116, in forward
    return F.linear(input, self.weight, self.bias)
RuntimeError: CUDA error: CUBLAS_STATUS_NOT_INITIALIZED when calling `cublasCreate(handle)`

2025-12-15 18:36:15,290 | INFO |Entry EH58_Vinyl_propionate_0_chai: Single ligand detected. Running standard mode...
2025-12-15 18:39:05,314 | INFO |Entry EH59_1_Napthyl_acetate_0_chai: Single ligand detected. Running standard mode...
2025-12-15 18:39:25,169 | ERROR |PLACER failed for EH59_1_Napthyl_acetate_0_chai: Traceback (most recent call last):
  File "/nvme2/helen/EnzymeStructuralFiltering/filterzyme/PLACER/run_PLACER.py", line 282, in <module>
    main(args)
  File "/nvme2/helen/EnzymeStructuralFiltering/filterzyme/PLACER/run_PLACER.py", line 196, in main
    outputs = placer.run(placer_input_iter, args.nsamples)
  File "/nvme2/helen/EnzymeStructuralFiltering/filterzyme/PLACER/PLACER.py", line 405, in run
    Xs,Ds,plDDTs,pDEVs = self.net()(**{k:item[k] for k in input_keys}, recycles=recycles, save_recycling_data=save_recycling_data)
  File "/home/helen/miniconda3/envs/placer_env/lib/python3.10/site-packages/torch/nn/modules/module.py", line 1532, in _wrapped_call_impl
    return self._call_impl(*args, **kwargs)
  File "/home/helen/miniconda3/envs/placer_env/lib/python3.10/site-packages/torch/nn/modules/module.py", line 1541, in _call_impl
    return forward_call(*args, **kwargs)
  File "/nvme2/helen/EnzymeStructuralFiltering/filterzyme/PLACER/modules/model.py", line 281, in forward
    single = self.init_single(f1d)
  File "/home/helen/miniconda3/envs/placer_env/lib/python3.10/site-packages/torch/nn/modules/module.py", line 1532, in _wrapped_call_impl
    return self._call_impl(*args, **kwargs)
  File "/home/helen/miniconda3/envs/placer_env/lib/python3.10/site-packages/torch/nn/modules/module.py", line 1541, in _call_impl
    return forward_call(*args, **kwargs)
  File "/nvme2/helen/EnzymeStructuralFiltering/filterzyme/PLACER/modules/model.py", line 155, in forward
    return self.net(f1d)
  File "/home/helen/miniconda3/envs/placer_env/lib/python3.10/site-packages/torch/nn/modules/module.py", line 1532, in _wrapped_call_impl
    return self._call_impl(*args, **kwargs)
  File "/home/helen/miniconda3/envs/placer_env/lib/python3.10/site-packages/torch/nn/modules/module.py", line 1541, in _call_impl
    return forward_call(*args, **kwargs)
  File "/home/helen/miniconda3/envs/placer_env/lib/python3.10/site-packages/torch/nn/modules/container.py", line 217, in forward
    input = module(input)
  File "/home/helen/miniconda3/envs/placer_env/lib/python3.10/site-packages/torch/nn/modules/module.py", line 1532, in _wrapped_call_impl
    return self._call_impl(*args, **kwargs)
  File "/home/helen/miniconda3/envs/placer_env/lib/python3.10/site-packages/torch/nn/modules/module.py", line 1541, in _call_impl
    return forward_call(*args, **kwargs)
  File "/home/helen/miniconda3/envs/placer_env/lib/python3.10/site-packages/torch/nn/modules/linear.py", line 116, in forward
    return F.linear(input, self.weight, self.bias)
RuntimeError: CUDA error: CUBLAS_STATUS_NOT_INITIALIZED when calling `cublasCreate(handle)`

2025-12-15 18:39:25,173 | INFO |Entry EH59_Ethyl_3_oxohexanoate_0_chai: Single ligand detected. Running standard mode...
2025-12-15 18:39:46,678 | ERROR |PLACER failed for EH59_Ethyl_3_oxohexanoate_0_chai: Traceback (most recent call last):
  File "/nvme2/helen/EnzymeStructuralFiltering/filterzyme/PLACER/run_PLACER.py", line 282, in <module>
    main(args)
  File "/nvme2/helen/EnzymeStructuralFiltering/filterzyme/PLACER/run_PLACER.py", line 196, in main
    outputs = placer.run(placer_input_iter, args.nsamples)
  File "/nvme2/helen/EnzymeStructuralFiltering/filterzyme/PLACER/PLACER.py", line 405, in run
    Xs,Ds,plDDTs,pDEVs = self.net()(**{k:item[k] for k in input_keys}, recycles=recycles, save_recycling_data=save_recycling_data)
  File "/home/helen/miniconda3/envs/placer_env/lib/python3.10/site-packages/torch/nn/modules/module.py", line 1532, in _wrapped_call_impl
    return self._call_impl(*args, **kwargs)
  File "/home/helen/miniconda3/envs/placer_env/lib/python3.10/site-packages/torch/nn/modules/module.py", line 1541, in _call_impl
    return forward_call(*args, **kwargs)
  File "/nvme2/helen/EnzymeStructuralFiltering/filterzyme/PLACER/modules/model.py", line 281, in forward
    single = self.init_single(f1d)
  File "/home/helen/miniconda3/envs/placer_env/lib/python3.10/site-packages/torch/nn/modules/module.py", line 1532, in _wrapped_call_impl
    return self._call_impl(*args, **kwargs)
  File "/home/helen/miniconda3/envs/placer_env/lib/python3.10/site-packages/torch/nn/modules/module.py", line 1541, in _call_impl
    return forward_call(*args, **kwargs)
  File "/nvme2/helen/EnzymeStructuralFiltering/filterzyme/PLACER/modules/model.py", line 155, in forward
    return self.net(f1d)
  File "/home/helen/miniconda3/envs/placer_env/lib/python3.10/site-packages/torch/nn/modules/module.py", line 1532, in _wrapped_call_impl
    return self._call_impl(*args, **kwargs)
  File "/home/helen/miniconda3/envs/placer_env/lib/python3.10/site-packages/torch/nn/modules/module.py", line 1541, in _call_impl
    return forward_call(*args, **kwargs)
  File "/home/helen/miniconda3/envs/placer_env/lib/python3.10/site-packages/torch/nn/modules/container.py", line 217, in forward
    input = module(input)
  File "/home/helen/miniconda3/envs/placer_env/lib/python3.10/site-packages/torch/nn/modules/module.py", line 1532, in _wrapped_call_impl
    return self._call_impl(*args, **kwargs)
  File "/home/helen/miniconda3/envs/placer_env/lib/python3.10/site-packages/torch/nn/modules/module.py", line 1541, in _call_impl
    return forward_call(*args, **kwargs)
  File "/home/helen/miniconda3/envs/placer_env/lib/python3.10/site-packages/torch/nn/modules/linear.py", line 116, in forward
    return F.linear(input, self.weight, self.bias)
RuntimeError: CUDA error: CUBLAS_STATUS_NOT_INITIALIZED when calling `cublasCreate(handle)`

2025-12-15 18:39:46,682 | INFO |Entry EH59_Geranyl_acetate_0_chai: Single ligand detected. Running standard mode...
2025-12-15 18:40:06,990 | ERROR |PLACER failed for EH59_Geranyl_acetate_0_chai: Traceback (most recent call last):
  File "/nvme2/helen/EnzymeStructuralFiltering/filterzyme/PLACER/run_PLACER.py", line 282, in <module>
    main(args)
  File "/nvme2/helen/EnzymeStructuralFiltering/filterzyme/PLACER/run_PLACER.py", line 196, in main
    outputs = placer.run(placer_input_iter, args.nsamples)
  File "/nvme2/helen/EnzymeStructuralFiltering/filterzyme/PLACER/PLACER.py", line 405, in run
    Xs,Ds,plDDTs,pDEVs = self.net()(**{k:item[k] for k in input_keys}, recycles=recycles, save_recycling_data=save_recycling_data)
  File "/home/helen/miniconda3/envs/placer_env/lib/python3.10/site-packages/torch/nn/modules/module.py", line 1532, in _wrapped_call_impl
    return self._call_impl(*args, **kwargs)
  File "/home/helen/miniconda3/envs/placer_env/lib/python3.10/site-packages/torch/nn/modules/module.py", line 1541, in _call_impl
    return forward_call(*args, **kwargs)
  File "/nvme2/helen/EnzymeStructuralFiltering/filterzyme/PLACER/modules/model.py", line 281, in forward
    single = self.init_single(f1d)
  File "/home/helen/miniconda3/envs/placer_env/lib/python3.10/site-packages/torch/nn/modules/module.py", line 1532, in _wrapped_call_impl
    return self._call_impl(*args, **kwargs)
  File "/home/helen/miniconda3/envs/placer_env/lib/python3.10/site-packages/torch/nn/modules/module.py", line 1541, in _call_impl
    return forward_call(*args, **kwargs)
  File "/nvme2/helen/EnzymeStructuralFiltering/filterzyme/PLACER/modules/model.py", line 155, in forward
    return self.net(f1d)
  File "/home/helen/miniconda3/envs/placer_env/lib/python3.10/site-packages/torch/nn/modules/module.py", line 1532, in _wrapped_call_impl
    return self._call_impl(*args, **kwargs)
  File "/home/helen/miniconda3/envs/placer_env/lib/python3.10/site-packages/torch/nn/modules/module.py", line 1541, in _call_impl
    return forward_call(*args, **kwargs)
  File "/home/helen/miniconda3/envs/placer_env/lib/python3.10/site-packages/torch/nn/modules/container.py", line 217, in forward
    input = module(input)
  File "/home/helen/miniconda3/envs/placer_env/lib/python3.10/site-packages/torch/nn/modules/module.py", line 1532, in _wrapped_call_impl
    return self._call_impl(*args, **kwargs)
  File "/home/helen/miniconda3/envs/placer_env/lib/python3.10/site-packages/torch/nn/modules/module.py", line 1541, in _call_impl
    return forward_call(*args, **kwargs)
  File "/home/helen/miniconda3/envs/placer_env/lib/python3.10/site-packages/torch/nn/modules/linear.py", line 116, in forward
    return F.linear(input, self.weight, self.bias)
RuntimeError: CUDA error: CUBLAS_STATUS_NOT_INITIALIZED when calling `cublasCreate(handle)`

2025-12-15 18:40:06,998 | INFO |Entry EH59_L_Pantolactone_0_chai: Single ligand detected. Running standard mode...
2025-12-15 18:43:12,411 | INFO |Entry EH59_Vinyl_propionate_0_chai: Single ligand detected. Running standard mode...
2025-12-15 18:43:35,518 | ERROR |CUDA OOM on EH59_Vinyl_propionate_0_chai.
2025-12-15 18:43:35,522 | INFO |Entry EH5_1_Napthyl_acetate_0_chai: Single ligand detected. Running standard mode...
2025-12-15 18:43:59,089 | ERROR |CUDA OOM on EH5_1_Napthyl_acetate_0_chai.
2025-12-15 18:43:59,094 | INFO |Entry EH5_Ethyl_3_oxohexanoate_0_chai: Single ligand detected. Running standard mode...
2025-12-15 18:44:22,625 | ERROR |CUDA OOM on EH5_Ethyl_3_oxohexanoate_0_chai.
2025-12-15 18:44:22,629 | INFO |Entry EH5_Geranyl_acetate_0_chai: Single ligand detected. Running standard mode...
2025-12-15 18:44:47,083 | ERROR |CUDA OOM on EH5_Geranyl_acetate_0_chai.
2025-12-15 18:44:47,085 | INFO |Entry EH5_L_Pantolactone_0_chai: Single ligand detected. Running standard mode...
2025-12-15 18:45:10,728 | ERROR |CUDA OOM on EH5_L_Pantolactone_0_chai.
2025-12-15 18:45:10,732 | INFO |Entry EH5_Vinyl_propionate_0_chai: Single ligand detected. Running standard mode...
2025-12-15 18:48:30,305 | INFO |Entry EH60_1_Napthyl_acetate_0_chai: Single ligand detected. Running standard mode...
2025-12-15 18:51:43,197 | INFO |Entry EH60_Ethyl_3_oxohexanoate_0_chai: Single ligand detected. Running standard mode...
2025-12-15 18:54:48,900 | INFO |Entry EH60_Geranyl_acetate_0_chai: Single ligand detected. Running standard mode...
2025-12-15 18:57:59,821 | INFO |Entry EH60_L_Pantolactone_0_chai: Single ligand detected. Running standard mode...
2025-12-15 18:58:15,485 | ERROR |PLACER failed for EH60_L_Pantolactone_0_chai: Traceback (most recent call last):
  File "/nvme2/helen/EnzymeStructuralFiltering/filterzyme/PLACER/run_PLACER.py", line 282, in <module>
    main(args)
  File "/nvme2/helen/EnzymeStructuralFiltering/filterzyme/PLACER/run_PLACER.py", line 196, in main
    outputs = placer.run(placer_input_iter, args.nsamples)
  File "/nvme2/helen/EnzymeStructuralFiltering/filterzyme/PLACER/PLACER.py", line 405, in run
    Xs,Ds,plDDTs,pDEVs = self.net()(**{k:item[k] for k in input_keys}, recycles=recycles, save_recycling_data=save_recycling_data)
  File "/home/helen/miniconda3/envs/placer_env/lib/python3.10/site-packages/torch/nn/modules/module.py", line 1532, in _wrapped_call_impl
    return self._call_impl(*args, **kwargs)
  File "/home/helen/miniconda3/envs/placer_env/lib/python3.10/site-packages/torch/nn/modules/module.py", line 1541, in _call_impl
    return forward_call(*args, **kwargs)
  File "/nvme2/helen/EnzymeStructuralFiltering/filterzyme/PLACER/modules/model.py", line 281, in forward
    single = self.init_single(f1d)
  File "/home/helen/miniconda3/envs/placer_env/lib/python3.10/site-packages/torch/nn/modules/module.py", line 1532, in _wrapped_call_impl
    return self._call_impl(*args, **kwargs)
  File "/home/helen/miniconda3/envs/placer_env/lib/python3.10/site-packages/torch/nn/modules/module.py", line 1541, in _call_impl
    return forward_call(*args, **kwargs)
  File "/nvme2/helen/EnzymeStructuralFiltering/filterzyme/PLACER/modules/model.py", line 155, in forward
    return self.net(f1d)
  File "/home/helen/miniconda3/envs/placer_env/lib/python3.10/site-packages/torch/nn/modules/module.py", line 1532, in _wrapped_call_impl
    return self._call_impl(*args, **kwargs)
  File "/home/helen/miniconda3/envs/placer_env/lib/python3.10/site-packages/torch/nn/modules/module.py", line 1541, in _call_impl
    return forward_call(*args, **kwargs)
  File "/home/helen/miniconda3/envs/placer_env/lib/python3.10/site-packages/torch/nn/modules/container.py", line 217, in forward
    input = module(input)
  File "/home/helen/miniconda3/envs/placer_env/lib/python3.10/site-packages/torch/nn/modules/module.py", line 1532, in _wrapped_call_impl
    return self._call_impl(*args, **kwargs)
  File "/home/helen/miniconda3/envs/placer_env/lib/python3.10/site-packages/torch/nn/modules/module.py", line 1541, in _call_impl
    return forward_call(*args, **kwargs)
  File "/home/helen/miniconda3/envs/placer_env/lib/python3.10/site-packages/torch/nn/modules/linear.py", line 116, in forward
    return F.linear(input, self.weight, self.bias)
RuntimeError: CUDA error: CUBLAS_STATUS_NOT_INITIALIZED when calling `cublasCreate(handle)`

2025-12-15 18:58:15,487 | INFO |Skipping EH60_Vinyl_propionate_0_chai, output already exists: EH60_Vinyl_propionate_0_chai.csv
2025-12-15 18:58:15,489 | INFO |Skipping EH61_1_Napthyl_acetate_0_chai, output already exists: EH61_1_Napthyl_acetate_0_chai.csv
2025-12-15 18:58:15,493 | INFO |Entry EH61_Ethyl_3_oxohexanoate_0_chai: Single ligand detected. Running standard mode...
2025-12-15 18:58:36,693 | ERROR |PLACER failed for EH61_Ethyl_3_oxohexanoate_0_chai: Traceback (most recent call last):
  File "/nvme2/helen/EnzymeStructuralFiltering/filterzyme/PLACER/run_PLACER.py", line 282, in <module>
    main(args)
  File "/nvme2/helen/EnzymeStructuralFiltering/filterzyme/PLACER/run_PLACER.py", line 196, in main
    outputs = placer.run(placer_input_iter, args.nsamples)
  File "/nvme2/helen/EnzymeStructuralFiltering/filterzyme/PLACER/PLACER.py", line 405, in run
    Xs,Ds,plDDTs,pDEVs = self.net()(**{k:item[k] for k in input_keys}, recycles=recycles, save_recycling_data=save_recycling_data)
  File "/home/helen/miniconda3/envs/placer_env/lib/python3.10/site-packages/torch/nn/modules/module.py", line 1532, in _wrapped_call_impl
    return self._call_impl(*args, **kwargs)
  File "/home/helen/miniconda3/envs/placer_env/lib/python3.10/site-packages/torch/nn/modules/module.py", line 1541, in _call_impl
    return forward_call(*args, **kwargs)
  File "/nvme2/helen/EnzymeStructuralFiltering/filterzyme/PLACER/modules/model.py", line 281, in forward
    single = self.init_single(f1d)
  File "/home/helen/miniconda3/envs/placer_env/lib/python3.10/site-packages/torch/nn/modules/module.py", line 1532, in _wrapped_call_impl
    return self._call_impl(*args, **kwargs)
  File "/home/helen/miniconda3/envs/placer_env/lib/python3.10/site-packages/torch/nn/modules/module.py", line 1541, in _call_impl
    return forward_call(*args, **kwargs)
  File "/nvme2/helen/EnzymeStructuralFiltering/filterzyme/PLACER/modules/model.py", line 155, in forward
    return self.net(f1d)
  File "/home/helen/miniconda3/envs/placer_env/lib/python3.10/site-packages/torch/nn/modules/module.py", line 1532, in _wrapped_call_impl
    return self._call_impl(*args, **kwargs)
  File "/home/helen/miniconda3/envs/placer_env/lib/python3.10/site-packages/torch/nn/modules/module.py", line 1541, in _call_impl
    return forward_call(*args, **kwargs)
  File "/home/helen/miniconda3/envs/placer_env/lib/python3.10/site-packages/torch/nn/modules/container.py", line 217, in forward
    input = module(input)
  File "/home/helen/miniconda3/envs/placer_env/lib/python3.10/site-packages/torch/nn/modules/module.py", line 1532, in _wrapped_call_impl
    return self._call_impl(*args, **kwargs)
  File "/home/helen/miniconda3/envs/placer_env/lib/python3.10/site-packages/torch/nn/modules/module.py", line 1541, in _call_impl
    return forward_call(*args, **kwargs)
  File "/home/helen/miniconda3/envs/placer_env/lib/python3.10/site-packages/torch/nn/modules/linear.py", line 116, in forward
    return F.linear(input, self.weight, self.bias)
RuntimeError: CUDA error: CUBLAS_STATUS_NOT_INITIALIZED when calling `cublasCreate(handle)`

2025-12-15 18:58:36,697 | INFO |Entry EH61_Geranyl_acetate_0_chai: Single ligand detected. Running standard mode...
2025-12-15 18:58:57,777 | ERROR |PLACER failed for EH61_Geranyl_acetate_0_chai: Traceback (most recent call last):
  File "/nvme2/helen/EnzymeStructuralFiltering/filterzyme/PLACER/run_PLACER.py", line 282, in <module>
    main(args)
  File "/nvme2/helen/EnzymeStructuralFiltering/filterzyme/PLACER/run_PLACER.py", line 196, in main
    outputs = placer.run(placer_input_iter, args.nsamples)
  File "/nvme2/helen/EnzymeStructuralFiltering/filterzyme/PLACER/PLACER.py", line 405, in run
    Xs,Ds,plDDTs,pDEVs = self.net()(**{k:item[k] for k in input_keys}, recycles=recycles, save_recycling_data=save_recycling_data)
  File "/home/helen/miniconda3/envs/placer_env/lib/python3.10/site-packages/torch/nn/modules/module.py", line 1532, in _wrapped_call_impl
    return self._call_impl(*args, **kwargs)
  File "/home/helen/miniconda3/envs/placer_env/lib/python3.10/site-packages/torch/nn/modules/module.py", line 1541, in _call_impl
    return forward_call(*args, **kwargs)
  File "/nvme2/helen/EnzymeStructuralFiltering/filterzyme/PLACER/modules/model.py", line 281, in forward
    single = self.init_single(f1d)
  File "/home/helen/miniconda3/envs/placer_env/lib/python3.10/site-packages/torch/nn/modules/module.py", line 1532, in _wrapped_call_impl
    return self._call_impl(*args, **kwargs)
  File "/home/helen/miniconda3/envs/placer_env/lib/python3.10/site-packages/torch/nn/modules/module.py", line 1541, in _call_impl
    return forward_call(*args, **kwargs)
  File "/nvme2/helen/EnzymeStructuralFiltering/filterzyme/PLACER/modules/model.py", line 155, in forward
    return self.net(f1d)
  File "/home/helen/miniconda3/envs/placer_env/lib/python3.10/site-packages/torch/nn/modules/module.py", line 1532, in _wrapped_call_impl
    return self._call_impl(*args, **kwargs)
  File "/home/helen/miniconda3/envs/placer_env/lib/python3.10/site-packages/torch/nn/modules/module.py", line 1541, in _call_impl
    return forward_call(*args, **kwargs)
  File "/home/helen/miniconda3/envs/placer_env/lib/python3.10/site-packages/torch/nn/modules/container.py", line 217, in forward
    input = module(input)
  File "/home/helen/miniconda3/envs/placer_env/lib/python3.10/site-packages/torch/nn/modules/module.py", line 1532, in _wrapped_call_impl
    return self._call_impl(*args, **kwargs)
  File "/home/helen/miniconda3/envs/placer_env/lib/python3.10/site-packages/torch/nn/modules/module.py", line 1541, in _call_impl
    return forward_call(*args, **kwargs)
  File "/home/helen/miniconda3/envs/placer_env/lib/python3.10/site-packages/torch/nn/modules/linear.py", line 116, in forward
    return F.linear(input, self.weight, self.bias)
RuntimeError: CUDA error: CUBLAS_STATUS_NOT_INITIALIZED when calling `cublasCreate(handle)`

2025-12-15 18:58:57,778 | INFO |Entry EH61_L_Pantolactone_0_chai: Single ligand detected. Running standard mode...
2025-12-15 18:59:18,790 | ERROR |PLACER failed for EH61_L_Pantolactone_0_chai: Traceback (most recent call last):
  File "/nvme2/helen/EnzymeStructuralFiltering/filterzyme/PLACER/run_PLACER.py", line 282, in <module>
    main(args)
  File "/nvme2/helen/EnzymeStructuralFiltering/filterzyme/PLACER/run_PLACER.py", line 196, in main
    outputs = placer.run(placer_input_iter, args.nsamples)
  File "/nvme2/helen/EnzymeStructuralFiltering/filterzyme/PLACER/PLACER.py", line 405, in run
    Xs,Ds,plDDTs,pDEVs = self.net()(**{k:item[k] for k in input_keys}, recycles=recycles, save_recycling_data=save_recycling_data)
  File "/home/helen/miniconda3/envs/placer_env/lib/python3.10/site-packages/torch/nn/modules/module.py", line 1532, in _wrapped_call_impl
    return self._call_impl(*args, **kwargs)
  File "/home/helen/miniconda3/envs/placer_env/lib/python3.10/site-packages/torch/nn/modules/module.py", line 1541, in _call_impl
    return forward_call(*args, **kwargs)
  File "/nvme2/helen/EnzymeStructuralFiltering/filterzyme/PLACER/modules/model.py", line 281, in forward
    single = self.init_single(f1d)
  File "/home/helen/miniconda3/envs/placer_env/lib/python3.10/site-packages/torch/nn/modules/module.py", line 1532, in _wrapped_call_impl
    return self._call_impl(*args, **kwargs)
  File "/home/helen/miniconda3/envs/placer_env/lib/python3.10/site-packages/torch/nn/modules/module.py", line 1541, in _call_impl
    return forward_call(*args, **kwargs)
  File "/nvme2/helen/EnzymeStructuralFiltering/filterzyme/PLACER/modules/model.py", line 155, in forward
    return self.net(f1d)
  File "/home/helen/miniconda3/envs/placer_env/lib/python3.10/site-packages/torch/nn/modules/module.py", line 1532, in _wrapped_call_impl
    return self._call_impl(*args, **kwargs)
  File "/home/helen/miniconda3/envs/placer_env/lib/python3.10/site-packages/torch/nn/modules/module.py", line 1541, in _call_impl
    return forward_call(*args, **kwargs)
  File "/home/helen/miniconda3/envs/placer_env/lib/python3.10/site-packages/torch/nn/modules/container.py", line 217, in forward
    input = module(input)
  File "/home/helen/miniconda3/envs/placer_env/lib/python3.10/site-packages/torch/nn/modules/module.py", line 1532, in _wrapped_call_impl
    return self._call_impl(*args, **kwargs)
  File "/home/helen/miniconda3/envs/placer_env/lib/python3.10/site-packages/torch/nn/modules/module.py", line 1541, in _call_impl
    return forward_call(*args, **kwargs)
  File "/home/helen/miniconda3/envs/placer_env/lib/python3.10/site-packages/torch/nn/modules/linear.py", line 116, in forward
    return F.linear(input, self.weight, self.bias)
RuntimeError: CUDA error: CUBLAS_STATUS_NOT_INITIALIZED when calling `cublasCreate(handle)`

2025-12-15 18:59:18,794 | INFO |Entry EH61_Vinyl_propionate_0_chai: Single ligand detected. Running standard mode...
2025-12-15 18:59:40,029 | ERROR |PLACER failed for EH61_Vinyl_propionate_0_chai: Traceback (most recent call last):
  File "/nvme2/helen/EnzymeStructuralFiltering/filterzyme/PLACER/run_PLACER.py", line 282, in <module>
    main(args)
  File "/nvme2/helen/EnzymeStructuralFiltering/filterzyme/PLACER/run_PLACER.py", line 196, in main
    outputs = placer.run(placer_input_iter, args.nsamples)
  File "/nvme2/helen/EnzymeStructuralFiltering/filterzyme/PLACER/PLACER.py", line 405, in run
    Xs,Ds,plDDTs,pDEVs = self.net()(**{k:item[k] for k in input_keys}, recycles=recycles, save_recycling_data=save_recycling_data)
  File "/home/helen/miniconda3/envs/placer_env/lib/python3.10/site-packages/torch/nn/modules/module.py", line 1532, in _wrapped_call_impl
    return self._call_impl(*args, **kwargs)
  File "/home/helen/miniconda3/envs/placer_env/lib/python3.10/site-packages/torch/nn/modules/module.py", line 1541, in _call_impl
    return forward_call(*args, **kwargs)
  File "/nvme2/helen/EnzymeStructuralFiltering/filterzyme/PLACER/modules/model.py", line 281, in forward
    single = self.init_single(f1d)
  File "/home/helen/miniconda3/envs/placer_env/lib/python3.10/site-packages/torch/nn/modules/module.py", line 1532, in _wrapped_call_impl
    return self._call_impl(*args, **kwargs)
  File "/home/helen/miniconda3/envs/placer_env/lib/python3.10/site-packages/torch/nn/modules/module.py", line 1541, in _call_impl
    return forward_call(*args, **kwargs)
  File "/nvme2/helen/EnzymeStructuralFiltering/filterzyme/PLACER/modules/model.py", line 155, in forward
    return self.net(f1d)
  File "/home/helen/miniconda3/envs/placer_env/lib/python3.10/site-packages/torch/nn/modules/module.py", line 1532, in _wrapped_call_impl
    return self._call_impl(*args, **kwargs)
  File "/home/helen/miniconda3/envs/placer_env/lib/python3.10/site-packages/torch/nn/modules/module.py", line 1541, in _call_impl
    return forward_call(*args, **kwargs)
  File "/home/helen/miniconda3/envs/placer_env/lib/python3.10/site-packages/torch/nn/modules/container.py", line 217, in forward
    input = module(input)
  File "/home/helen/miniconda3/envs/placer_env/lib/python3.10/site-packages/torch/nn/modules/module.py", line 1532, in _wrapped_call_impl
    return self._call_impl(*args, **kwargs)
  File "/home/helen/miniconda3/envs/placer_env/lib/python3.10/site-packages/torch/nn/modules/module.py", line 1541, in _call_impl
    return forward_call(*args, **kwargs)
  File "/home/helen/miniconda3/envs/placer_env/lib/python3.10/site-packages/torch/nn/modules/linear.py", line 116, in forward
    return F.linear(input, self.weight, self.bias)
RuntimeError: CUDA error: CUBLAS_STATUS_NOT_INITIALIZED when calling `cublasCreate(handle)`

2025-12-15 18:59:40,032 | INFO |Entry EH62_1_Napthyl_acetate_0_chai: Single ligand detected. Running standard mode...
2025-12-15 19:00:01,071 | ERROR |PLACER failed for EH62_1_Napthyl_acetate_0_chai: Traceback (most recent call last):
  File "/nvme2/helen/EnzymeStructuralFiltering/filterzyme/PLACER/run_PLACER.py", line 282, in <module>
    main(args)
  File "/nvme2/helen/EnzymeStructuralFiltering/filterzyme/PLACER/run_PLACER.py", line 196, in main
    outputs = placer.run(placer_input_iter, args.nsamples)
  File "/nvme2/helen/EnzymeStructuralFiltering/filterzyme/PLACER/PLACER.py", line 405, in run
    Xs,Ds,plDDTs,pDEVs = self.net()(**{k:item[k] for k in input_keys}, recycles=recycles, save_recycling_data=save_recycling_data)
  File "/home/helen/miniconda3/envs/placer_env/lib/python3.10/site-packages/torch/nn/modules/module.py", line 1532, in _wrapped_call_impl
    return self._call_impl(*args, **kwargs)
  File "/home/helen/miniconda3/envs/placer_env/lib/python3.10/site-packages/torch/nn/modules/module.py", line 1541, in _call_impl
    return forward_call(*args, **kwargs)
  File "/nvme2/helen/EnzymeStructuralFiltering/filterzyme/PLACER/modules/model.py", line 281, in forward
    single = self.init_single(f1d)
  File "/home/helen/miniconda3/envs/placer_env/lib/python3.10/site-packages/torch/nn/modules/module.py", line 1532, in _wrapped_call_impl
    return self._call_impl(*args, **kwargs)
  File "/home/helen/miniconda3/envs/placer_env/lib/python3.10/site-packages/torch/nn/modules/module.py", line 1541, in _call_impl
    return forward_call(*args, **kwargs)
  File "/nvme2/helen/EnzymeStructuralFiltering/filterzyme/PLACER/modules/model.py", line 155, in forward
    return self.net(f1d)
  File "/home/helen/miniconda3/envs/placer_env/lib/python3.10/site-packages/torch/nn/modules/module.py", line 1532, in _wrapped_call_impl
    return self._call_impl(*args, **kwargs)
  File "/home/helen/miniconda3/envs/placer_env/lib/python3.10/site-packages/torch/nn/modules/module.py", line 1541, in _call_impl
    return forward_call(*args, **kwargs)
  File "/home/helen/miniconda3/envs/placer_env/lib/python3.10/site-packages/torch/nn/modules/container.py", line 217, in forward
    input = module(input)
  File "/home/helen/miniconda3/envs/placer_env/lib/python3.10/site-packages/torch/nn/modules/module.py", line 1532, in _wrapped_call_impl
    return self._call_impl(*args, **kwargs)
  File "/home/helen/miniconda3/envs/placer_env/lib/python3.10/site-packages/torch/nn/modules/module.py", line 1541, in _call_impl
    return forward_call(*args, **kwargs)
  File "/home/helen/miniconda3/envs/placer_env/lib/python3.10/site-packages/torch/nn/modules/linear.py", line 116, in forward
    return F.linear(input, self.weight, self.bias)
RuntimeError: CUDA error: CUBLAS_STATUS_NOT_INITIALIZED when calling `cublasCreate(handle)`

2025-12-15 19:00:01,075 | INFO |Entry EH62_Ethyl_3_oxohexanoate_0_chai: Single ligand detected. Running standard mode...
2025-12-15 19:00:21,476 | ERROR |PLACER failed for EH62_Ethyl_3_oxohexanoate_0_chai: Traceback (most recent call last):
  File "/nvme2/helen/EnzymeStructuralFiltering/filterzyme/PLACER/run_PLACER.py", line 282, in <module>
    main(args)
  File "/nvme2/helen/EnzymeStructuralFiltering/filterzyme/PLACER/run_PLACER.py", line 196, in main
    outputs = placer.run(placer_input_iter, args.nsamples)
  File "/nvme2/helen/EnzymeStructuralFiltering/filterzyme/PLACER/PLACER.py", line 405, in run
    Xs,Ds,plDDTs,pDEVs = self.net()(**{k:item[k] for k in input_keys}, recycles=recycles, save_recycling_data=save_recycling_data)
  File "/home/helen/miniconda3/envs/placer_env/lib/python3.10/site-packages/torch/nn/modules/module.py", line 1532, in _wrapped_call_impl
    return self._call_impl(*args, **kwargs)
  File "/home/helen/miniconda3/envs/placer_env/lib/python3.10/site-packages/torch/nn/modules/module.py", line 1541, in _call_impl
    return forward_call(*args, **kwargs)
  File "/nvme2/helen/EnzymeStructuralFiltering/filterzyme/PLACER/modules/model.py", line 281, in forward
    single = self.init_single(f1d)
  File "/home/helen/miniconda3/envs/placer_env/lib/python3.10/site-packages/torch/nn/modules/module.py", line 1532, in _wrapped_call_impl
    return self._call_impl(*args, **kwargs)
  File "/home/helen/miniconda3/envs/placer_env/lib/python3.10/site-packages/torch/nn/modules/module.py", line 1541, in _call_impl
    return forward_call(*args, **kwargs)
  File "/nvme2/helen/EnzymeStructuralFiltering/filterzyme/PLACER/modules/model.py", line 155, in forward
    return self.net(f1d)
  File "/home/helen/miniconda3/envs/placer_env/lib/python3.10/site-packages/torch/nn/modules/module.py", line 1532, in _wrapped_call_impl
    return self._call_impl(*args, **kwargs)
  File "/home/helen/miniconda3/envs/placer_env/lib/python3.10/site-packages/torch/nn/modules/module.py", line 1541, in _call_impl
    return forward_call(*args, **kwargs)
  File "/home/helen/miniconda3/envs/placer_env/lib/python3.10/site-packages/torch/nn/modules/container.py", line 217, in forward
    input = module(input)
  File "/home/helen/miniconda3/envs/placer_env/lib/python3.10/site-packages/torch/nn/modules/module.py", line 1532, in _wrapped_call_impl
    return self._call_impl(*args, **kwargs)
  File "/home/helen/miniconda3/envs/placer_env/lib/python3.10/site-packages/torch/nn/modules/module.py", line 1541, in _call_impl
    return forward_call(*args, **kwargs)
  File "/home/helen/miniconda3/envs/placer_env/lib/python3.10/site-packages/torch/nn/modules/linear.py", line 116, in forward
    return F.linear(input, self.weight, self.bias)
RuntimeError: CUDA error: CUBLAS_STATUS_NOT_INITIALIZED when calling `cublasCreate(handle)`

2025-12-15 19:00:21,480 | INFO |Entry EH62_Geranyl_acetate_0_chai: Single ligand detected. Running standard mode...
2025-12-15 19:00:43,235 | ERROR |PLACER failed for EH62_Geranyl_acetate_0_chai: Traceback (most recent call last):
  File "/nvme2/helen/EnzymeStructuralFiltering/filterzyme/PLACER/run_PLACER.py", line 282, in <module>
    main(args)
  File "/nvme2/helen/EnzymeStructuralFiltering/filterzyme/PLACER/run_PLACER.py", line 196, in main
    outputs = placer.run(placer_input_iter, args.nsamples)
  File "/nvme2/helen/EnzymeStructuralFiltering/filterzyme/PLACER/PLACER.py", line 405, in run
    Xs,Ds,plDDTs,pDEVs = self.net()(**{k:item[k] for k in input_keys}, recycles=recycles, save_recycling_data=save_recycling_data)
  File "/home/helen/miniconda3/envs/placer_env/lib/python3.10/site-packages/torch/nn/modules/module.py", line 1532, in _wrapped_call_impl
    return self._call_impl(*args, **kwargs)
  File "/home/helen/miniconda3/envs/placer_env/lib/python3.10/site-packages/torch/nn/modules/module.py", line 1541, in _call_impl
    return forward_call(*args, **kwargs)
  File "/nvme2/helen/EnzymeStructuralFiltering/filterzyme/PLACER/modules/model.py", line 281, in forward
    single = self.init_single(f1d)
  File "/home/helen/miniconda3/envs/placer_env/lib/python3.10/site-packages/torch/nn/modules/module.py", line 1532, in _wrapped_call_impl
    return self._call_impl(*args, **kwargs)
  File "/home/helen/miniconda3/envs/placer_env/lib/python3.10/site-packages/torch/nn/modules/module.py", line 1541, in _call_impl
    return forward_call(*args, **kwargs)
  File "/nvme2/helen/EnzymeStructuralFiltering/filterzyme/PLACER/modules/model.py", line 155, in forward
    return self.net(f1d)
  File "/home/helen/miniconda3/envs/placer_env/lib/python3.10/site-packages/torch/nn/modules/module.py", line 1532, in _wrapped_call_impl
    return self._call_impl(*args, **kwargs)
  File "/home/helen/miniconda3/envs/placer_env/lib/python3.10/site-packages/torch/nn/modules/module.py", line 1541, in _call_impl
    return forward_call(*args, **kwargs)
  File "/home/helen/miniconda3/envs/placer_env/lib/python3.10/site-packages/torch/nn/modules/container.py", line 217, in forward
    input = module(input)
  File "/home/helen/miniconda3/envs/placer_env/lib/python3.10/site-packages/torch/nn/modules/module.py", line 1532, in _wrapped_call_impl
    return self._call_impl(*args, **kwargs)
  File "/home/helen/miniconda3/envs/placer_env/lib/python3.10/site-packages/torch/nn/modules/module.py", line 1541, in _call_impl
    return forward_call(*args, **kwargs)
  File "/home/helen/miniconda3/envs/placer_env/lib/python3.10/site-packages/torch/nn/modules/linear.py", line 116, in forward
    return F.linear(input, self.weight, self.bias)
RuntimeError: CUDA error: CUBLAS_STATUS_NOT_INITIALIZED when calling `cublasCreate(handle)`

2025-12-15 19:00:43,238 | INFO |Entry EH62_L_Pantolactone_0_chai: Single ligand detected. Running standard mode...
2025-12-15 19:03:48,812 | INFO |Entry EH62_Vinyl_propionate_0_chai: Single ligand detected. Running standard mode...
2025-12-15 19:04:07,013 | ERROR |PLACER failed for EH62_Vinyl_propionate_0_chai: Traceback (most recent call last):
  File "/nvme2/helen/EnzymeStructuralFiltering/filterzyme/PLACER/run_PLACER.py", line 282, in <module>
    main(args)
  File "/nvme2/helen/EnzymeStructuralFiltering/filterzyme/PLACER/run_PLACER.py", line 196, in main
    outputs = placer.run(placer_input_iter, args.nsamples)
  File "/nvme2/helen/EnzymeStructuralFiltering/filterzyme/PLACER/PLACER.py", line 405, in run
    Xs,Ds,plDDTs,pDEVs = self.net()(**{k:item[k] for k in input_keys}, recycles=recycles, save_recycling_data=save_recycling_data)
  File "/home/helen/miniconda3/envs/placer_env/lib/python3.10/site-packages/torch/nn/modules/module.py", line 1532, in _wrapped_call_impl
    return self._call_impl(*args, **kwargs)
  File "/home/helen/miniconda3/envs/placer_env/lib/python3.10/site-packages/torch/nn/modules/module.py", line 1541, in _call_impl
    return forward_call(*args, **kwargs)
  File "/nvme2/helen/EnzymeStructuralFiltering/filterzyme/PLACER/modules/model.py", line 281, in forward
    single = self.init_single(f1d)
  File "/home/helen/miniconda3/envs/placer_env/lib/python3.10/site-packages/torch/nn/modules/module.py", line 1532, in _wrapped_call_impl
    return self._call_impl(*args, **kwargs)
  File "/home/helen/miniconda3/envs/placer_env/lib/python3.10/site-packages/torch/nn/modules/module.py", line 1541, in _call_impl
    return forward_call(*args, **kwargs)
  File "/nvme2/helen/EnzymeStructuralFiltering/filterzyme/PLACER/modules/model.py", line 155, in forward
    return self.net(f1d)
  File "/home/helen/miniconda3/envs/placer_env/lib/python3.10/site-packages/torch/nn/modules/module.py", line 1532, in _wrapped_call_impl
    return self._call_impl(*args, **kwargs)
  File "/home/helen/miniconda3/envs/placer_env/lib/python3.10/site-packages/torch/nn/modules/module.py", line 1541, in _call_impl
    return forward_call(*args, **kwargs)
  File "/home/helen/miniconda3/envs/placer_env/lib/python3.10/site-packages/torch/nn/modules/container.py", line 217, in forward
    input = module(input)
  File "/home/helen/miniconda3/envs/placer_env/lib/python3.10/site-packages/torch/nn/modules/module.py", line 1532, in _wrapped_call_impl
    return self._call_impl(*args, **kwargs)
  File "/home/helen/miniconda3/envs/placer_env/lib/python3.10/site-packages/torch/nn/modules/module.py", line 1541, in _call_impl
    return forward_call(*args, **kwargs)
  File "/home/helen/miniconda3/envs/placer_env/lib/python3.10/site-packages/torch/nn/modules/linear.py", line 116, in forward
    return F.linear(input, self.weight, self.bias)
RuntimeError: CUDA error: CUBLAS_STATUS_NOT_INITIALIZED when calling `cublasCreate(handle)`

2025-12-15 19:04:07,017 | INFO |Entry EH63_1_Napthyl_acetate_0_chai: Single ligand detected. Running standard mode...
2025-12-15 19:07:24,430 | INFO |Entry EH63_Ethyl_3_oxohexanoate_0_chai: Single ligand detected. Running standard mode...
2025-12-15 19:10:35,697 | INFO |Skipping EH63_Geranyl_acetate_0_chai, output already exists: EH63_Geranyl_acetate_0_chai.csv
2025-12-15 19:10:35,701 | INFO |Entry EH63_L_Pantolactone_0_chai: Single ligand detected. Running standard mode...
2025-12-15 19:10:59,342 | ERROR |CUDA OOM on EH63_L_Pantolactone_0_chai.
2025-12-15 19:10:59,347 | INFO |Entry EH63_Vinyl_propionate_0_chai: Single ligand detected. Running standard mode...
2025-12-15 19:11:23,590 | ERROR |CUDA OOM on EH63_Vinyl_propionate_0_chai.
2025-12-15 19:11:23,596 | INFO |Entry EH64_1_Napthyl_acetate_0_chai: Single ligand detected. Running standard mode...
2025-12-15 19:11:47,815 | ERROR |CUDA OOM on EH64_1_Napthyl_acetate_0_chai.
2025-12-15 19:11:47,818 | INFO |Entry EH64_Ethyl_3_oxohexanoate_0_chai: Single ligand detected. Running standard mode...
2025-12-15 19:15:07,894 | INFO |Entry EH64_Geranyl_acetate_0_chai: Single ligand detected. Running standard mode...
2025-12-15 19:15:29,856 | ERROR |CUDA OOM on EH64_Geranyl_acetate_0_chai.
2025-12-15 19:15:29,860 | INFO |Entry EH64_L_Pantolactone_0_chai: Single ligand detected. Running standard mode...
2025-12-15 19:18:47,889 | INFO |Entry EH64_Vinyl_propionate_0_chai: Single ligand detected. Running standard mode...
2025-12-15 19:19:08,350 | ERROR |CUDA OOM on EH64_Vinyl_propionate_0_chai.
2025-12-15 19:19:08,354 | INFO |Entry EH65_1_Napthyl_acetate_0_chai: Single ligand detected. Running standard mode...
2025-12-15 19:19:33,051 | ERROR |CUDA OOM on EH65_1_Napthyl_acetate_0_chai.
2025-12-15 19:19:33,055 | INFO |Entry EH65_Ethyl_3_oxohexanoate_0_chai: Single ligand detected. Running standard mode...
2025-12-15 19:22:42,397 | INFO |Entry EH65_Geranyl_acetate_0_chai: Single ligand detected. Running standard mode...
2025-12-15 19:23:02,912 | ERROR |CUDA OOM on EH65_Geranyl_acetate_0_chai.
2025-12-15 19:23:02,916 | INFO |Entry EH65_L_Pantolactone_0_chai: Single ligand detected. Running standard mode...
2025-12-15 19:23:26,396 | ERROR |CUDA OOM on EH65_L_Pantolactone_0_chai.
2025-12-15 19:23:26,401 | INFO |Entry EH65_Vinyl_propionate_0_chai: Single ligand detected. Running standard mode...
2025-12-15 19:26:33,248 | INFO |Entry EH66_1_Napthyl_acetate_0_chai: Single ligand detected. Running standard mode...
2025-12-15 19:26:52,026 | ERROR |PLACER failed for EH66_1_Napthyl_acetate_0_chai: Traceback (most recent call last):
  File "/nvme2/helen/EnzymeStructuralFiltering/filterzyme/PLACER/run_PLACER.py", line 282, in <module>
    main(args)
  File "/nvme2/helen/EnzymeStructuralFiltering/filterzyme/PLACER/run_PLACER.py", line 196, in main
    outputs = placer.run(placer_input_iter, args.nsamples)
  File "/nvme2/helen/EnzymeStructuralFiltering/filterzyme/PLACER/PLACER.py", line 405, in run
    Xs,Ds,plDDTs,pDEVs = self.net()(**{k:item[k] for k in input_keys}, recycles=recycles, save_recycling_data=save_recycling_data)
  File "/home/helen/miniconda3/envs/placer_env/lib/python3.10/site-packages/torch/nn/modules/module.py", line 1532, in _wrapped_call_impl
    return self._call_impl(*args, **kwargs)
  File "/home/helen/miniconda3/envs/placer_env/lib/python3.10/site-packages/torch/nn/modules/module.py", line 1541, in _call_impl
    return forward_call(*args, **kwargs)
  File "/nvme2/helen/EnzymeStructuralFiltering/filterzyme/PLACER/modules/model.py", line 281, in forward
    single = self.init_single(f1d)
  File "/home/helen/miniconda3/envs/placer_env/lib/python3.10/site-packages/torch/nn/modules/module.py", line 1532, in _wrapped_call_impl
    return self._call_impl(*args, **kwargs)
  File "/home/helen/miniconda3/envs/placer_env/lib/python3.10/site-packages/torch/nn/modules/module.py", line 1541, in _call_impl
    return forward_call(*args, **kwargs)
  File "/nvme2/helen/EnzymeStructuralFiltering/filterzyme/PLACER/modules/model.py", line 155, in forward
    return self.net(f1d)
  File "/home/helen/miniconda3/envs/placer_env/lib/python3.10/site-packages/torch/nn/modules/module.py", line 1532, in _wrapped_call_impl
    return self._call_impl(*args, **kwargs)
  File "/home/helen/miniconda3/envs/placer_env/lib/python3.10/site-packages/torch/nn/modules/module.py", line 1541, in _call_impl
    return forward_call(*args, **kwargs)
  File "/home/helen/miniconda3/envs/placer_env/lib/python3.10/site-packages/torch/nn/modules/container.py", line 217, in forward
    input = module(input)
  File "/home/helen/miniconda3/envs/placer_env/lib/python3.10/site-packages/torch/nn/modules/module.py", line 1532, in _wrapped_call_impl
    return self._call_impl(*args, **kwargs)
  File "/home/helen/miniconda3/envs/placer_env/lib/python3.10/site-packages/torch/nn/modules/module.py", line 1541, in _call_impl
    return forward_call(*args, **kwargs)
  File "/home/helen/miniconda3/envs/placer_env/lib/python3.10/site-packages/torch/nn/modules/linear.py", line 116, in forward
    return F.linear(input, self.weight, self.bias)
RuntimeError: CUDA error: CUBLAS_STATUS_NOT_INITIALIZED when calling `cublasCreate(handle)`

2025-12-15 19:26:52,029 | INFO |Entry EH66_Ethyl_3_oxohexanoate_0_chai: Single ligand detected. Running standard mode...
2025-12-15 19:27:14,108 | ERROR |PLACER failed for EH66_Ethyl_3_oxohexanoate_0_chai: Traceback (most recent call last):
  File "/nvme2/helen/EnzymeStructuralFiltering/filterzyme/PLACER/run_PLACER.py", line 282, in <module>
    main(args)
  File "/nvme2/helen/EnzymeStructuralFiltering/filterzyme/PLACER/run_PLACER.py", line 196, in main
    outputs = placer.run(placer_input_iter, args.nsamples)
  File "/nvme2/helen/EnzymeStructuralFiltering/filterzyme/PLACER/PLACER.py", line 405, in run
    Xs,Ds,plDDTs,pDEVs = self.net()(**{k:item[k] for k in input_keys}, recycles=recycles, save_recycling_data=save_recycling_data)
  File "/home/helen/miniconda3/envs/placer_env/lib/python3.10/site-packages/torch/nn/modules/module.py", line 1532, in _wrapped_call_impl
    return self._call_impl(*args, **kwargs)
  File "/home/helen/miniconda3/envs/placer_env/lib/python3.10/site-packages/torch/nn/modules/module.py", line 1541, in _call_impl
    return forward_call(*args, **kwargs)
  File "/nvme2/helen/EnzymeStructuralFiltering/filterzyme/PLACER/modules/model.py", line 281, in forward
    single = self.init_single(f1d)
  File "/home/helen/miniconda3/envs/placer_env/lib/python3.10/site-packages/torch/nn/modules/module.py", line 1532, in _wrapped_call_impl
    return self._call_impl(*args, **kwargs)
  File "/home/helen/miniconda3/envs/placer_env/lib/python3.10/site-packages/torch/nn/modules/module.py", line 1541, in _call_impl
    return forward_call(*args, **kwargs)
  File "/nvme2/helen/EnzymeStructuralFiltering/filterzyme/PLACER/modules/model.py", line 155, in forward
    return self.net(f1d)
  File "/home/helen/miniconda3/envs/placer_env/lib/python3.10/site-packages/torch/nn/modules/module.py", line 1532, in _wrapped_call_impl
    return self._call_impl(*args, **kwargs)
  File "/home/helen/miniconda3/envs/placer_env/lib/python3.10/site-packages/torch/nn/modules/module.py", line 1541, in _call_impl
    return forward_call(*args, **kwargs)
  File "/home/helen/miniconda3/envs/placer_env/lib/python3.10/site-packages/torch/nn/modules/container.py", line 217, in forward
    input = module(input)
  File "/home/helen/miniconda3/envs/placer_env/lib/python3.10/site-packages/torch/nn/modules/module.py", line 1532, in _wrapped_call_impl
    return self._call_impl(*args, **kwargs)
  File "/home/helen/miniconda3/envs/placer_env/lib/python3.10/site-packages/torch/nn/modules/module.py", line 1541, in _call_impl
    return forward_call(*args, **kwargs)
  File "/home/helen/miniconda3/envs/placer_env/lib/python3.10/site-packages/torch/nn/modules/linear.py", line 116, in forward
    return F.linear(input, self.weight, self.bias)
RuntimeError: CUDA error: CUBLAS_STATUS_NOT_INITIALIZED when calling `cublasCreate(handle)`

2025-12-15 19:27:14,111 | INFO |Entry EH66_Geranyl_acetate_0_chai: Single ligand detected. Running standard mode...
2025-12-15 19:27:35,993 | ERROR |PLACER failed for EH66_Geranyl_acetate_0_chai: Traceback (most recent call last):
  File "/nvme2/helen/EnzymeStructuralFiltering/filterzyme/PLACER/run_PLACER.py", line 282, in <module>
    main(args)
  File "/nvme2/helen/EnzymeStructuralFiltering/filterzyme/PLACER/run_PLACER.py", line 196, in main
    outputs = placer.run(placer_input_iter, args.nsamples)
  File "/nvme2/helen/EnzymeStructuralFiltering/filterzyme/PLACER/PLACER.py", line 405, in run
    Xs,Ds,plDDTs,pDEVs = self.net()(**{k:item[k] for k in input_keys}, recycles=recycles, save_recycling_data=save_recycling_data)
  File "/home/helen/miniconda3/envs/placer_env/lib/python3.10/site-packages/torch/nn/modules/module.py", line 1532, in _wrapped_call_impl
    return self._call_impl(*args, **kwargs)
  File "/home/helen/miniconda3/envs/placer_env/lib/python3.10/site-packages/torch/nn/modules/module.py", line 1541, in _call_impl
    return forward_call(*args, **kwargs)
  File "/nvme2/helen/EnzymeStructuralFiltering/filterzyme/PLACER/modules/model.py", line 281, in forward
    single = self.init_single(f1d)
  File "/home/helen/miniconda3/envs/placer_env/lib/python3.10/site-packages/torch/nn/modules/module.py", line 1532, in _wrapped_call_impl
    return self._call_impl(*args, **kwargs)
  File "/home/helen/miniconda3/envs/placer_env/lib/python3.10/site-packages/torch/nn/modules/module.py", line 1541, in _call_impl
    return forward_call(*args, **kwargs)
  File "/nvme2/helen/EnzymeStructuralFiltering/filterzyme/PLACER/modules/model.py", line 155, in forward
    return self.net(f1d)
  File "/home/helen/miniconda3/envs/placer_env/lib/python3.10/site-packages/torch/nn/modules/module.py", line 1532, in _wrapped_call_impl
    return self._call_impl(*args, **kwargs)
  File "/home/helen/miniconda3/envs/placer_env/lib/python3.10/site-packages/torch/nn/modules/module.py", line 1541, in _call_impl
    return forward_call(*args, **kwargs)
  File "/home/helen/miniconda3/envs/placer_env/lib/python3.10/site-packages/torch/nn/modules/container.py", line 217, in forward
    input = module(input)
  File "/home/helen/miniconda3/envs/placer_env/lib/python3.10/site-packages/torch/nn/modules/module.py", line 1532, in _wrapped_call_impl
    return self._call_impl(*args, **kwargs)
  File "/home/helen/miniconda3/envs/placer_env/lib/python3.10/site-packages/torch/nn/modules/module.py", line 1541, in _call_impl
    return forward_call(*args, **kwargs)
  File "/home/helen/miniconda3/envs/placer_env/lib/python3.10/site-packages/torch/nn/modules/linear.py", line 116, in forward
    return F.linear(input, self.weight, self.bias)
RuntimeError: CUDA error: CUBLAS_STATUS_NOT_INITIALIZED when calling `cublasCreate(handle)`

2025-12-15 19:27:35,998 | INFO |Entry EH66_L_Pantolactone_0_chai: Single ligand detected. Running standard mode...
2025-12-15 19:30:47,942 | INFO |Entry EH66_Vinyl_propionate_0_chai: Single ligand detected. Running standard mode...
2025-12-15 19:31:11,783 | ERROR |CUDA OOM on EH66_Vinyl_propionate_0_chai.
2025-12-15 19:31:11,786 | INFO |Entry EH67_1_Napthyl_acetate_0_chai: Single ligand detected. Running standard mode...
2025-12-15 19:31:35,834 | ERROR |CUDA OOM on EH67_1_Napthyl_acetate_0_chai.
2025-12-15 19:31:35,838 | INFO |Entry EH67_Ethyl_3_oxohexanoate_0_chai: Single ligand detected. Running standard mode...
2025-12-15 19:31:59,355 | ERROR |CUDA OOM on EH67_Ethyl_3_oxohexanoate_0_chai.
2025-12-15 19:31:59,359 | INFO |Entry EH67_Geranyl_acetate_0_chai: Single ligand detected. Running standard mode...
2025-12-15 19:32:23,301 | ERROR |CUDA OOM on EH67_Geranyl_acetate_0_chai.
2025-12-15 19:32:23,306 | INFO |Entry EH67_L_Pantolactone_0_chai: Single ligand detected. Running standard mode...
2025-12-15 19:32:43,448 | ERROR |PLACER failed for EH67_L_Pantolactone_0_chai: Traceback (most recent call last):
  File "/nvme2/helen/EnzymeStructuralFiltering/filterzyme/PLACER/run_PLACER.py", line 282, in <module>
    main(args)
  File "/nvme2/helen/EnzymeStructuralFiltering/filterzyme/PLACER/run_PLACER.py", line 196, in main
    outputs = placer.run(placer_input_iter, args.nsamples)
  File "/nvme2/helen/EnzymeStructuralFiltering/filterzyme/PLACER/PLACER.py", line 405, in run
    Xs,Ds,plDDTs,pDEVs = self.net()(**{k:item[k] for k in input_keys}, recycles=recycles, save_recycling_data=save_recycling_data)
  File "/home/helen/miniconda3/envs/placer_env/lib/python3.10/site-packages/torch/nn/modules/module.py", line 1532, in _wrapped_call_impl
    return self._call_impl(*args, **kwargs)
  File "/home/helen/miniconda3/envs/placer_env/lib/python3.10/site-packages/torch/nn/modules/module.py", line 1541, in _call_impl
    return forward_call(*args, **kwargs)
  File "/nvme2/helen/EnzymeStructuralFiltering/filterzyme/PLACER/modules/model.py", line 281, in forward
    single = self.init_single(f1d)
  File "/home/helen/miniconda3/envs/placer_env/lib/python3.10/site-packages/torch/nn/modules/module.py", line 1532, in _wrapped_call_impl
    return self._call_impl(*args, **kwargs)
  File "/home/helen/miniconda3/envs/placer_env/lib/python3.10/site-packages/torch/nn/modules/module.py", line 1541, in _call_impl
    return forward_call(*args, **kwargs)
  File "/nvme2/helen/EnzymeStructuralFiltering/filterzyme/PLACER/modules/model.py", line 155, in forward
    return self.net(f1d)
  File "/home/helen/miniconda3/envs/placer_env/lib/python3.10/site-packages/torch/nn/modules/module.py", line 1532, in _wrapped_call_impl
    return self._call_impl(*args, **kwargs)
  File "/home/helen/miniconda3/envs/placer_env/lib/python3.10/site-packages/torch/nn/modules/module.py", line 1541, in _call_impl
    return forward_call(*args, **kwargs)
  File "/home/helen/miniconda3/envs/placer_env/lib/python3.10/site-packages/torch/nn/modules/container.py", line 217, in forward
    input = module(input)
  File "/home/helen/miniconda3/envs/placer_env/lib/python3.10/site-packages/torch/nn/modules/module.py", line 1532, in _wrapped_call_impl
    return self._call_impl(*args, **kwargs)
  File "/home/helen/miniconda3/envs/placer_env/lib/python3.10/site-packages/torch/nn/modules/module.py", line 1541, in _call_impl
    return forward_call(*args, **kwargs)
  File "/home/helen/miniconda3/envs/placer_env/lib/python3.10/site-packages/torch/nn/modules/linear.py", line 116, in forward
    return F.linear(input, self.weight, self.bias)
RuntimeError: CUDA error: CUBLAS_STATUS_NOT_INITIALIZED when calling `cublasCreate(handle)`

2025-12-15 19:32:43,453 | INFO |Entry EH67_Vinyl_propionate_0_chai: Single ligand detected. Running standard mode...
2025-12-15 19:35:50,017 | INFO |Entry EH68_1_Napthyl_acetate_0_chai: Single ligand detected. Running standard mode...
2025-12-15 19:36:10,059 | ERROR |CUDA OOM on EH68_1_Napthyl_acetate_0_chai.
2025-12-15 19:36:10,063 | INFO |Entry EH68_Ethyl_3_oxohexanoate_0_chai: Single ligand detected. Running standard mode...
2025-12-15 19:36:34,377 | ERROR |CUDA OOM on EH68_Ethyl_3_oxohexanoate_0_chai.
2025-12-15 19:36:34,381 | INFO |Entry EH68_Geranyl_acetate_0_chai: Single ligand detected. Running standard mode...
2025-12-15 19:36:58,026 | ERROR |CUDA OOM on EH68_Geranyl_acetate_0_chai.
2025-12-15 19:36:58,030 | INFO |Entry EH68_L_Pantolactone_0_chai: Single ligand detected. Running standard mode...
2025-12-15 19:37:21,300 | ERROR |CUDA OOM on EH68_L_Pantolactone_0_chai.
2025-12-15 19:37:21,303 | INFO |Entry EH68_Vinyl_propionate_0_chai: Single ligand detected. Running standard mode...
2025-12-15 19:37:46,163 | ERROR |CUDA OOM on EH68_Vinyl_propionate_0_chai.
2025-12-15 19:37:46,168 | INFO |Entry EH69_1_Napthyl_acetate_0_chai: Single ligand detected. Running standard mode...
2025-12-15 19:38:10,309 | ERROR |CUDA OOM on EH69_1_Napthyl_acetate_0_chai.
2025-12-15 19:38:10,314 | INFO |Entry EH69_Ethyl_3_oxohexanoate_0_chai: Single ligand detected. Running standard mode...
2025-12-15 19:41:25,136 | INFO |Entry EH69_Geranyl_acetate_0_chai: Single ligand detected. Running standard mode...
2025-12-15 19:41:45,325 | ERROR |CUDA OOM on EH69_Geranyl_acetate_0_chai.
2025-12-15 19:41:45,330 | INFO |Entry EH69_L_Pantolactone_0_chai: Single ligand detected. Running standard mode...
2025-12-15 19:44:59,071 | INFO |Entry EH69_Vinyl_propionate_0_chai: Single ligand detected. Running standard mode...
2025-12-15 19:45:16,392 | ERROR |PLACER failed for EH69_Vinyl_propionate_0_chai: Traceback (most recent call last):
  File "/nvme2/helen/EnzymeStructuralFiltering/filterzyme/PLACER/run_PLACER.py", line 282, in <module>
    main(args)
  File "/nvme2/helen/EnzymeStructuralFiltering/filterzyme/PLACER/run_PLACER.py", line 196, in main
    outputs = placer.run(placer_input_iter, args.nsamples)
  File "/nvme2/helen/EnzymeStructuralFiltering/filterzyme/PLACER/PLACER.py", line 405, in run
    Xs,Ds,plDDTs,pDEVs = self.net()(**{k:item[k] for k in input_keys}, recycles=recycles, save_recycling_data=save_recycling_data)
  File "/home/helen/miniconda3/envs/placer_env/lib/python3.10/site-packages/torch/nn/modules/module.py", line 1532, in _wrapped_call_impl
    return self._call_impl(*args, **kwargs)
  File "/home/helen/miniconda3/envs/placer_env/lib/python3.10/site-packages/torch/nn/modules/module.py", line 1541, in _call_impl
    return forward_call(*args, **kwargs)
  File "/nvme2/helen/EnzymeStructuralFiltering/filterzyme/PLACER/modules/model.py", line 281, in forward
    single = self.init_single(f1d)
  File "/home/helen/miniconda3/envs/placer_env/lib/python3.10/site-packages/torch/nn/modules/module.py", line 1532, in _wrapped_call_impl
    return self._call_impl(*args, **kwargs)
  File "/home/helen/miniconda3/envs/placer_env/lib/python3.10/site-packages/torch/nn/modules/module.py", line 1541, in _call_impl
    return forward_call(*args, **kwargs)
  File "/nvme2/helen/EnzymeStructuralFiltering/filterzyme/PLACER/modules/model.py", line 155, in forward
    return self.net(f1d)
  File "/home/helen/miniconda3/envs/placer_env/lib/python3.10/site-packages/torch/nn/modules/module.py", line 1532, in _wrapped_call_impl
    return self._call_impl(*args, **kwargs)
  File "/home/helen/miniconda3/envs/placer_env/lib/python3.10/site-packages/torch/nn/modules/module.py", line 1541, in _call_impl
    return forward_call(*args, **kwargs)
  File "/home/helen/miniconda3/envs/placer_env/lib/python3.10/site-packages/torch/nn/modules/container.py", line 217, in forward
    input = module(input)
  File "/home/helen/miniconda3/envs/placer_env/lib/python3.10/site-packages/torch/nn/modules/module.py", line 1532, in _wrapped_call_impl
    return self._call_impl(*args, **kwargs)
  File "/home/helen/miniconda3/envs/placer_env/lib/python3.10/site-packages/torch/nn/modules/module.py", line 1541, in _call_impl
    return forward_call(*args, **kwargs)
  File "/home/helen/miniconda3/envs/placer_env/lib/python3.10/site-packages/torch/nn/modules/linear.py", line 116, in forward
    return F.linear(input, self.weight, self.bias)
RuntimeError: CUDA error: CUBLAS_STATUS_NOT_INITIALIZED when calling `cublasCreate(handle)`

2025-12-15 19:45:16,396 | INFO |Entry EH6_1_Napthyl_acetate_0_chai: Single ligand detected. Running standard mode...
2025-12-15 19:45:35,608 | ERROR |PLACER failed for EH6_1_Napthyl_acetate_0_chai: Traceback (most recent call last):
  File "/nvme2/helen/EnzymeStructuralFiltering/filterzyme/PLACER/run_PLACER.py", line 282, in <module>
    main(args)
  File "/nvme2/helen/EnzymeStructuralFiltering/filterzyme/PLACER/run_PLACER.py", line 196, in main
    outputs = placer.run(placer_input_iter, args.nsamples)
  File "/nvme2/helen/EnzymeStructuralFiltering/filterzyme/PLACER/PLACER.py", line 405, in run
    Xs,Ds,plDDTs,pDEVs = self.net()(**{k:item[k] for k in input_keys}, recycles=recycles, save_recycling_data=save_recycling_data)
  File "/home/helen/miniconda3/envs/placer_env/lib/python3.10/site-packages/torch/nn/modules/module.py", line 1532, in _wrapped_call_impl
    return self._call_impl(*args, **kwargs)
  File "/home/helen/miniconda3/envs/placer_env/lib/python3.10/site-packages/torch/nn/modules/module.py", line 1541, in _call_impl
    return forward_call(*args, **kwargs)
  File "/nvme2/helen/EnzymeStructuralFiltering/filterzyme/PLACER/modules/model.py", line 281, in forward
    single = self.init_single(f1d)
  File "/home/helen/miniconda3/envs/placer_env/lib/python3.10/site-packages/torch/nn/modules/module.py", line 1532, in _wrapped_call_impl
    return self._call_impl(*args, **kwargs)
  File "/home/helen/miniconda3/envs/placer_env/lib/python3.10/site-packages/torch/nn/modules/module.py", line 1541, in _call_impl
    return forward_call(*args, **kwargs)
  File "/nvme2/helen/EnzymeStructuralFiltering/filterzyme/PLACER/modules/model.py", line 155, in forward
    return self.net(f1d)
  File "/home/helen/miniconda3/envs/placer_env/lib/python3.10/site-packages/torch/nn/modules/module.py", line 1532, in _wrapped_call_impl
    return self._call_impl(*args, **kwargs)
  File "/home/helen/miniconda3/envs/placer_env/lib/python3.10/site-packages/torch/nn/modules/module.py", line 1541, in _call_impl
    return forward_call(*args, **kwargs)
  File "/home/helen/miniconda3/envs/placer_env/lib/python3.10/site-packages/torch/nn/modules/container.py", line 217, in forward
    input = module(input)
  File "/home/helen/miniconda3/envs/placer_env/lib/python3.10/site-packages/torch/nn/modules/module.py", line 1532, in _wrapped_call_impl
    return self._call_impl(*args, **kwargs)
  File "/home/helen/miniconda3/envs/placer_env/lib/python3.10/site-packages/torch/nn/modules/module.py", line 1541, in _call_impl
    return forward_call(*args, **kwargs)
  File "/home/helen/miniconda3/envs/placer_env/lib/python3.10/site-packages/torch/nn/modules/linear.py", line 116, in forward
    return F.linear(input, self.weight, self.bias)
RuntimeError: CUDA error: CUBLAS_STATUS_NOT_INITIALIZED when calling `cublasCreate(handle)`

2025-12-15 19:45:35,612 | INFO |Entry EH6_Ethyl_3_oxohexanoate_0_chai: Single ligand detected. Running standard mode...
2025-12-15 19:45:56,372 | ERROR |PLACER failed for EH6_Ethyl_3_oxohexanoate_0_chai: Traceback (most recent call last):
  File "/nvme2/helen/EnzymeStructuralFiltering/filterzyme/PLACER/run_PLACER.py", line 282, in <module>
    main(args)
  File "/nvme2/helen/EnzymeStructuralFiltering/filterzyme/PLACER/run_PLACER.py", line 196, in main
    outputs = placer.run(placer_input_iter, args.nsamples)
  File "/nvme2/helen/EnzymeStructuralFiltering/filterzyme/PLACER/PLACER.py", line 405, in run
    Xs,Ds,plDDTs,pDEVs = self.net()(**{k:item[k] for k in input_keys}, recycles=recycles, save_recycling_data=save_recycling_data)
  File "/home/helen/miniconda3/envs/placer_env/lib/python3.10/site-packages/torch/nn/modules/module.py", line 1532, in _wrapped_call_impl
    return self._call_impl(*args, **kwargs)
  File "/home/helen/miniconda3/envs/placer_env/lib/python3.10/site-packages/torch/nn/modules/module.py", line 1541, in _call_impl
    return forward_call(*args, **kwargs)
  File "/nvme2/helen/EnzymeStructuralFiltering/filterzyme/PLACER/modules/model.py", line 281, in forward
    single = self.init_single(f1d)
  File "/home/helen/miniconda3/envs/placer_env/lib/python3.10/site-packages/torch/nn/modules/module.py", line 1532, in _wrapped_call_impl
    return self._call_impl(*args, **kwargs)
  File "/home/helen/miniconda3/envs/placer_env/lib/python3.10/site-packages/torch/nn/modules/module.py", line 1541, in _call_impl
    return forward_call(*args, **kwargs)
  File "/nvme2/helen/EnzymeStructuralFiltering/filterzyme/PLACER/modules/model.py", line 155, in forward
    return self.net(f1d)
  File "/home/helen/miniconda3/envs/placer_env/lib/python3.10/site-packages/torch/nn/modules/module.py", line 1532, in _wrapped_call_impl
    return self._call_impl(*args, **kwargs)
  File "/home/helen/miniconda3/envs/placer_env/lib/python3.10/site-packages/torch/nn/modules/module.py", line 1541, in _call_impl
    return forward_call(*args, **kwargs)
  File "/home/helen/miniconda3/envs/placer_env/lib/python3.10/site-packages/torch/nn/modules/container.py", line 217, in forward
    input = module(input)
  File "/home/helen/miniconda3/envs/placer_env/lib/python3.10/site-packages/torch/nn/modules/module.py", line 1532, in _wrapped_call_impl
    return self._call_impl(*args, **kwargs)
  File "/home/helen/miniconda3/envs/placer_env/lib/python3.10/site-packages/torch/nn/modules/module.py", line 1541, in _call_impl
    return forward_call(*args, **kwargs)
  File "/home/helen/miniconda3/envs/placer_env/lib/python3.10/site-packages/torch/nn/modules/linear.py", line 116, in forward
    return F.linear(input, self.weight, self.bias)
RuntimeError: CUDA error: CUBLAS_STATUS_NOT_INITIALIZED when calling `cublasCreate(handle)`

2025-12-15 19:45:56,376 | INFO |Entry EH6_Geranyl_acetate_0_chai: Single ligand detected. Running standard mode...
2025-12-15 19:49:06,831 | INFO |Entry EH6_L_Pantolactone_0_chai: Single ligand detected. Running standard mode...
2025-12-15 19:49:26,965 | ERROR |PLACER failed for EH6_L_Pantolactone_0_chai: Traceback (most recent call last):
  File "/nvme2/helen/EnzymeStructuralFiltering/filterzyme/PLACER/run_PLACER.py", line 282, in <module>
    main(args)
  File "/nvme2/helen/EnzymeStructuralFiltering/filterzyme/PLACER/run_PLACER.py", line 196, in main
    outputs = placer.run(placer_input_iter, args.nsamples)
  File "/nvme2/helen/EnzymeStructuralFiltering/filterzyme/PLACER/PLACER.py", line 405, in run
    Xs,Ds,plDDTs,pDEVs = self.net()(**{k:item[k] for k in input_keys}, recycles=recycles, save_recycling_data=save_recycling_data)
  File "/home/helen/miniconda3/envs/placer_env/lib/python3.10/site-packages/torch/nn/modules/module.py", line 1532, in _wrapped_call_impl
    return self._call_impl(*args, **kwargs)
  File "/home/helen/miniconda3/envs/placer_env/lib/python3.10/site-packages/torch/nn/modules/module.py", line 1541, in _call_impl
    return forward_call(*args, **kwargs)
  File "/nvme2/helen/EnzymeStructuralFiltering/filterzyme/PLACER/modules/model.py", line 281, in forward
    single = self.init_single(f1d)
  File "/home/helen/miniconda3/envs/placer_env/lib/python3.10/site-packages/torch/nn/modules/module.py", line 1532, in _wrapped_call_impl
    return self._call_impl(*args, **kwargs)
  File "/home/helen/miniconda3/envs/placer_env/lib/python3.10/site-packages/torch/nn/modules/module.py", line 1541, in _call_impl
    return forward_call(*args, **kwargs)
  File "/nvme2/helen/EnzymeStructuralFiltering/filterzyme/PLACER/modules/model.py", line 155, in forward
    return self.net(f1d)
  File "/home/helen/miniconda3/envs/placer_env/lib/python3.10/site-packages/torch/nn/modules/module.py", line 1532, in _wrapped_call_impl
    return self._call_impl(*args, **kwargs)
  File "/home/helen/miniconda3/envs/placer_env/lib/python3.10/site-packages/torch/nn/modules/module.py", line 1541, in _call_impl
    return forward_call(*args, **kwargs)
  File "/home/helen/miniconda3/envs/placer_env/lib/python3.10/site-packages/torch/nn/modules/container.py", line 217, in forward
    input = module(input)
  File "/home/helen/miniconda3/envs/placer_env/lib/python3.10/site-packages/torch/nn/modules/module.py", line 1532, in _wrapped_call_impl
    return self._call_impl(*args, **kwargs)
  File "/home/helen/miniconda3/envs/placer_env/lib/python3.10/site-packages/torch/nn/modules/module.py", line 1541, in _call_impl
    return forward_call(*args, **kwargs)
  File "/home/helen/miniconda3/envs/placer_env/lib/python3.10/site-packages/torch/nn/modules/linear.py", line 116, in forward
    return F.linear(input, self.weight, self.bias)
RuntimeError: CUDA error: CUBLAS_STATUS_NOT_INITIALIZED when calling `cublasCreate(handle)`

2025-12-15 19:49:26,969 | INFO |Entry EH6_Vinyl_propionate_0_chai: Single ligand detected. Running standard mode...
2025-12-15 19:49:49,540 | ERROR |PLACER failed for EH6_Vinyl_propionate_0_chai: Traceback (most recent call last):
  File "/nvme2/helen/EnzymeStructuralFiltering/filterzyme/PLACER/run_PLACER.py", line 282, in <module>
    main(args)
  File "/nvme2/helen/EnzymeStructuralFiltering/filterzyme/PLACER/run_PLACER.py", line 196, in main
    outputs = placer.run(placer_input_iter, args.nsamples)
  File "/nvme2/helen/EnzymeStructuralFiltering/filterzyme/PLACER/PLACER.py", line 405, in run
    Xs,Ds,plDDTs,pDEVs = self.net()(**{k:item[k] for k in input_keys}, recycles=recycles, save_recycling_data=save_recycling_data)
  File "/home/helen/miniconda3/envs/placer_env/lib/python3.10/site-packages/torch/nn/modules/module.py", line 1532, in _wrapped_call_impl
    return self._call_impl(*args, **kwargs)
  File "/home/helen/miniconda3/envs/placer_env/lib/python3.10/site-packages/torch/nn/modules/module.py", line 1541, in _call_impl
    return forward_call(*args, **kwargs)
  File "/nvme2/helen/EnzymeStructuralFiltering/filterzyme/PLACER/modules/model.py", line 281, in forward
    single = self.init_single(f1d)
  File "/home/helen/miniconda3/envs/placer_env/lib/python3.10/site-packages/torch/nn/modules/module.py", line 1532, in _wrapped_call_impl
    return self._call_impl(*args, **kwargs)
  File "/home/helen/miniconda3/envs/placer_env/lib/python3.10/site-packages/torch/nn/modules/module.py", line 1541, in _call_impl
    return forward_call(*args, **kwargs)
  File "/nvme2/helen/EnzymeStructuralFiltering/filterzyme/PLACER/modules/model.py", line 155, in forward
    return self.net(f1d)
  File "/home/helen/miniconda3/envs/placer_env/lib/python3.10/site-packages/torch/nn/modules/module.py", line 1532, in _wrapped_call_impl
    return self._call_impl(*args, **kwargs)
  File "/home/helen/miniconda3/envs/placer_env/lib/python3.10/site-packages/torch/nn/modules/module.py", line 1541, in _call_impl
    return forward_call(*args, **kwargs)
  File "/home/helen/miniconda3/envs/placer_env/lib/python3.10/site-packages/torch/nn/modules/container.py", line 217, in forward
    input = module(input)
  File "/home/helen/miniconda3/envs/placer_env/lib/python3.10/site-packages/torch/nn/modules/module.py", line 1532, in _wrapped_call_impl
    return self._call_impl(*args, **kwargs)
  File "/home/helen/miniconda3/envs/placer_env/lib/python3.10/site-packages/torch/nn/modules/module.py", line 1541, in _call_impl
    return forward_call(*args, **kwargs)
  File "/home/helen/miniconda3/envs/placer_env/lib/python3.10/site-packages/torch/nn/modules/linear.py", line 116, in forward
    return F.linear(input, self.weight, self.bias)
RuntimeError: CUDA error: CUBLAS_STATUS_NOT_INITIALIZED when calling `cublasCreate(handle)`

2025-12-15 19:49:49,544 | INFO |Entry EH70_1_Napthyl_acetate_0_chai: Single ligand detected. Running standard mode...
2025-12-15 19:50:13,310 | ERROR |PLACER failed for EH70_1_Napthyl_acetate_0_chai: Traceback (most recent call last):
  File "/nvme2/helen/EnzymeStructuralFiltering/filterzyme/PLACER/run_PLACER.py", line 282, in <module>
    main(args)
  File "/nvme2/helen/EnzymeStructuralFiltering/filterzyme/PLACER/run_PLACER.py", line 196, in main
    outputs = placer.run(placer_input_iter, args.nsamples)
  File "/nvme2/helen/EnzymeStructuralFiltering/filterzyme/PLACER/PLACER.py", line 405, in run
    Xs,Ds,plDDTs,pDEVs = self.net()(**{k:item[k] for k in input_keys}, recycles=recycles, save_recycling_data=save_recycling_data)
  File "/home/helen/miniconda3/envs/placer_env/lib/python3.10/site-packages/torch/nn/modules/module.py", line 1532, in _wrapped_call_impl
    return self._call_impl(*args, **kwargs)
  File "/home/helen/miniconda3/envs/placer_env/lib/python3.10/site-packages/torch/nn/modules/module.py", line 1541, in _call_impl
    return forward_call(*args, **kwargs)
  File "/nvme2/helen/EnzymeStructuralFiltering/filterzyme/PLACER/modules/model.py", line 281, in forward
    single = self.init_single(f1d)
  File "/home/helen/miniconda3/envs/placer_env/lib/python3.10/site-packages/torch/nn/modules/module.py", line 1532, in _wrapped_call_impl
    return self._call_impl(*args, **kwargs)
  File "/home/helen/miniconda3/envs/placer_env/lib/python3.10/site-packages/torch/nn/modules/module.py", line 1541, in _call_impl
    return forward_call(*args, **kwargs)
  File "/nvme2/helen/EnzymeStructuralFiltering/filterzyme/PLACER/modules/model.py", line 155, in forward
    return self.net(f1d)
  File "/home/helen/miniconda3/envs/placer_env/lib/python3.10/site-packages/torch/nn/modules/module.py", line 1532, in _wrapped_call_impl
    return self._call_impl(*args, **kwargs)
  File "/home/helen/miniconda3/envs/placer_env/lib/python3.10/site-packages/torch/nn/modules/module.py", line 1541, in _call_impl
    return forward_call(*args, **kwargs)
  File "/home/helen/miniconda3/envs/placer_env/lib/python3.10/site-packages/torch/nn/modules/container.py", line 217, in forward
    input = module(input)
  File "/home/helen/miniconda3/envs/placer_env/lib/python3.10/site-packages/torch/nn/modules/module.py", line 1532, in _wrapped_call_impl
    return self._call_impl(*args, **kwargs)
  File "/home/helen/miniconda3/envs/placer_env/lib/python3.10/site-packages/torch/nn/modules/module.py", line 1541, in _call_impl
    return forward_call(*args, **kwargs)
  File "/home/helen/miniconda3/envs/placer_env/lib/python3.10/site-packages/torch/nn/modules/linear.py", line 116, in forward
    return F.linear(input, self.weight, self.bias)
RuntimeError: CUDA error: CUBLAS_STATUS_NOT_INITIALIZED when calling `cublasCreate(handle)`

2025-12-15 19:50:13,315 | INFO |Entry EH70_Ethyl_3_oxohexanoate_0_chai: Single ligand detected. Running standard mode...
2025-12-15 19:50:36,319 | ERROR |PLACER failed for EH70_Ethyl_3_oxohexanoate_0_chai: Traceback (most recent call last):
  File "/nvme2/helen/EnzymeStructuralFiltering/filterzyme/PLACER/run_PLACER.py", line 282, in <module>
    main(args)
  File "/nvme2/helen/EnzymeStructuralFiltering/filterzyme/PLACER/run_PLACER.py", line 196, in main
    outputs = placer.run(placer_input_iter, args.nsamples)
  File "/nvme2/helen/EnzymeStructuralFiltering/filterzyme/PLACER/PLACER.py", line 405, in run
    Xs,Ds,plDDTs,pDEVs = self.net()(**{k:item[k] for k in input_keys}, recycles=recycles, save_recycling_data=save_recycling_data)
  File "/home/helen/miniconda3/envs/placer_env/lib/python3.10/site-packages/torch/nn/modules/module.py", line 1532, in _wrapped_call_impl
    return self._call_impl(*args, **kwargs)
  File "/home/helen/miniconda3/envs/placer_env/lib/python3.10/site-packages/torch/nn/modules/module.py", line 1541, in _call_impl
    return forward_call(*args, **kwargs)
  File "/nvme2/helen/EnzymeStructuralFiltering/filterzyme/PLACER/modules/model.py", line 281, in forward
    single = self.init_single(f1d)
  File "/home/helen/miniconda3/envs/placer_env/lib/python3.10/site-packages/torch/nn/modules/module.py", line 1532, in _wrapped_call_impl
    return self._call_impl(*args, **kwargs)
  File "/home/helen/miniconda3/envs/placer_env/lib/python3.10/site-packages/torch/nn/modules/module.py", line 1541, in _call_impl
    return forward_call(*args, **kwargs)
  File "/nvme2/helen/EnzymeStructuralFiltering/filterzyme/PLACER/modules/model.py", line 155, in forward
    return self.net(f1d)
  File "/home/helen/miniconda3/envs/placer_env/lib/python3.10/site-packages/torch/nn/modules/module.py", line 1532, in _wrapped_call_impl
    return self._call_impl(*args, **kwargs)
  File "/home/helen/miniconda3/envs/placer_env/lib/python3.10/site-packages/torch/nn/modules/module.py", line 1541, in _call_impl
    return forward_call(*args, **kwargs)
  File "/home/helen/miniconda3/envs/placer_env/lib/python3.10/site-packages/torch/nn/modules/container.py", line 217, in forward
    input = module(input)
  File "/home/helen/miniconda3/envs/placer_env/lib/python3.10/site-packages/torch/nn/modules/module.py", line 1532, in _wrapped_call_impl
    return self._call_impl(*args, **kwargs)
  File "/home/helen/miniconda3/envs/placer_env/lib/python3.10/site-packages/torch/nn/modules/module.py", line 1541, in _call_impl
    return forward_call(*args, **kwargs)
  File "/home/helen/miniconda3/envs/placer_env/lib/python3.10/site-packages/torch/nn/modules/linear.py", line 116, in forward
    return F.linear(input, self.weight, self.bias)
RuntimeError: CUDA error: CUBLAS_STATUS_NOT_INITIALIZED when calling `cublasCreate(handle)`

2025-12-15 19:50:36,323 | INFO |Entry EH70_Geranyl_acetate_0_chai: Single ligand detected. Running standard mode...
2025-12-15 19:53:47,567 | INFO |Entry EH70_L_Pantolactone_0_chai: Single ligand detected. Running standard mode...
2025-12-15 19:57:04,512 | INFO |Entry EH70_Vinyl_propionate_0_chai: Single ligand detected. Running standard mode...
2025-12-15 19:57:24,213 | ERROR |CUDA OOM on EH70_Vinyl_propionate_0_chai.
2025-12-15 19:57:24,217 | INFO |Entry EH71_1_Napthyl_acetate_0_chai: Single ligand detected. Running standard mode...
2025-12-15 19:57:48,348 | ERROR |CUDA OOM on EH71_1_Napthyl_acetate_0_chai.
2025-12-15 19:57:48,352 | INFO |Entry EH71_Ethyl_3_oxohexanoate_0_chai: Single ligand detected. Running standard mode...
2025-12-15 20:01:02,855 | INFO |Entry EH71_Geranyl_acetate_0_chai: Single ligand detected. Running standard mode...
2025-12-15 20:01:24,774 | ERROR |PLACER failed for EH71_Geranyl_acetate_0_chai: Traceback (most recent call last):
  File "/nvme2/helen/EnzymeStructuralFiltering/filterzyme/PLACER/run_PLACER.py", line 282, in <module>
    main(args)
  File "/nvme2/helen/EnzymeStructuralFiltering/filterzyme/PLACER/run_PLACER.py", line 196, in main
    outputs = placer.run(placer_input_iter, args.nsamples)
  File "/nvme2/helen/EnzymeStructuralFiltering/filterzyme/PLACER/PLACER.py", line 405, in run
    Xs,Ds,plDDTs,pDEVs = self.net()(**{k:item[k] for k in input_keys}, recycles=recycles, save_recycling_data=save_recycling_data)
  File "/home/helen/miniconda3/envs/placer_env/lib/python3.10/site-packages/torch/nn/modules/module.py", line 1532, in _wrapped_call_impl
    return self._call_impl(*args, **kwargs)
  File "/home/helen/miniconda3/envs/placer_env/lib/python3.10/site-packages/torch/nn/modules/module.py", line 1541, in _call_impl
    return forward_call(*args, **kwargs)
  File "/nvme2/helen/EnzymeStructuralFiltering/filterzyme/PLACER/modules/model.py", line 281, in forward
    single = self.init_single(f1d)
  File "/home/helen/miniconda3/envs/placer_env/lib/python3.10/site-packages/torch/nn/modules/module.py", line 1532, in _wrapped_call_impl
    return self._call_impl(*args, **kwargs)
  File "/home/helen/miniconda3/envs/placer_env/lib/python3.10/site-packages/torch/nn/modules/module.py", line 1541, in _call_impl
    return forward_call(*args, **kwargs)
  File "/nvme2/helen/EnzymeStructuralFiltering/filterzyme/PLACER/modules/model.py", line 155, in forward
    return self.net(f1d)
  File "/home/helen/miniconda3/envs/placer_env/lib/python3.10/site-packages/torch/nn/modules/module.py", line 1532, in _wrapped_call_impl
    return self._call_impl(*args, **kwargs)
  File "/home/helen/miniconda3/envs/placer_env/lib/python3.10/site-packages/torch/nn/modules/module.py", line 1541, in _call_impl
    return forward_call(*args, **kwargs)
  File "/home/helen/miniconda3/envs/placer_env/lib/python3.10/site-packages/torch/nn/modules/container.py", line 217, in forward
    input = module(input)
  File "/home/helen/miniconda3/envs/placer_env/lib/python3.10/site-packages/torch/nn/modules/module.py", line 1532, in _wrapped_call_impl
    return self._call_impl(*args, **kwargs)
  File "/home/helen/miniconda3/envs/placer_env/lib/python3.10/site-packages/torch/nn/modules/module.py", line 1541, in _call_impl
    return forward_call(*args, **kwargs)
  File "/home/helen/miniconda3/envs/placer_env/lib/python3.10/site-packages/torch/nn/modules/linear.py", line 116, in forward
    return F.linear(input, self.weight, self.bias)
RuntimeError: CUDA error: CUBLAS_STATUS_NOT_INITIALIZED when calling `cublasCreate(handle)`

2025-12-15 20:01:24,776 | INFO |Entry EH71_L_Pantolactone_0_chai: Single ligand detected. Running standard mode...
2025-12-15 20:01:47,030 | ERROR |PLACER failed for EH71_L_Pantolactone_0_chai: Traceback (most recent call last):
  File "/nvme2/helen/EnzymeStructuralFiltering/filterzyme/PLACER/run_PLACER.py", line 282, in <module>
    main(args)
  File "/nvme2/helen/EnzymeStructuralFiltering/filterzyme/PLACER/run_PLACER.py", line 196, in main
    outputs = placer.run(placer_input_iter, args.nsamples)
  File "/nvme2/helen/EnzymeStructuralFiltering/filterzyme/PLACER/PLACER.py", line 405, in run
    Xs,Ds,plDDTs,pDEVs = self.net()(**{k:item[k] for k in input_keys}, recycles=recycles, save_recycling_data=save_recycling_data)
  File "/home/helen/miniconda3/envs/placer_env/lib/python3.10/site-packages/torch/nn/modules/module.py", line 1532, in _wrapped_call_impl
    return self._call_impl(*args, **kwargs)
  File "/home/helen/miniconda3/envs/placer_env/lib/python3.10/site-packages/torch/nn/modules/module.py", line 1541, in _call_impl
    return forward_call(*args, **kwargs)
  File "/nvme2/helen/EnzymeStructuralFiltering/filterzyme/PLACER/modules/model.py", line 281, in forward
    single = self.init_single(f1d)
  File "/home/helen/miniconda3/envs/placer_env/lib/python3.10/site-packages/torch/nn/modules/module.py", line 1532, in _wrapped_call_impl
    return self._call_impl(*args, **kwargs)
  File "/home/helen/miniconda3/envs/placer_env/lib/python3.10/site-packages/torch/nn/modules/module.py", line 1541, in _call_impl
    return forward_call(*args, **kwargs)
  File "/nvme2/helen/EnzymeStructuralFiltering/filterzyme/PLACER/modules/model.py", line 155, in forward
    return self.net(f1d)
  File "/home/helen/miniconda3/envs/placer_env/lib/python3.10/site-packages/torch/nn/modules/module.py", line 1532, in _wrapped_call_impl
    return self._call_impl(*args, **kwargs)
  File "/home/helen/miniconda3/envs/placer_env/lib/python3.10/site-packages/torch/nn/modules/module.py", line 1541, in _call_impl
    return forward_call(*args, **kwargs)
  File "/home/helen/miniconda3/envs/placer_env/lib/python3.10/site-packages/torch/nn/modules/container.py", line 217, in forward
    input = module(input)
  File "/home/helen/miniconda3/envs/placer_env/lib/python3.10/site-packages/torch/nn/modules/module.py", line 1532, in _wrapped_call_impl
    return self._call_impl(*args, **kwargs)
  File "/home/helen/miniconda3/envs/placer_env/lib/python3.10/site-packages/torch/nn/modules/module.py", line 1541, in _call_impl
    return forward_call(*args, **kwargs)
  File "/home/helen/miniconda3/envs/placer_env/lib/python3.10/site-packages/torch/nn/modules/linear.py", line 116, in forward
    return F.linear(input, self.weight, self.bias)
RuntimeError: CUDA error: CUBLAS_STATUS_NOT_INITIALIZED when calling `cublasCreate(handle)`

2025-12-15 20:01:47,034 | INFO |Entry EH71_Vinyl_propionate_0_chai: Single ligand detected. Running standard mode...
2025-12-15 20:02:09,737 | ERROR |PLACER failed for EH71_Vinyl_propionate_0_chai: Traceback (most recent call last):
  File "/nvme2/helen/EnzymeStructuralFiltering/filterzyme/PLACER/run_PLACER.py", line 282, in <module>
    main(args)
  File "/nvme2/helen/EnzymeStructuralFiltering/filterzyme/PLACER/run_PLACER.py", line 196, in main
    outputs = placer.run(placer_input_iter, args.nsamples)
  File "/nvme2/helen/EnzymeStructuralFiltering/filterzyme/PLACER/PLACER.py", line 405, in run
    Xs,Ds,plDDTs,pDEVs = self.net()(**{k:item[k] for k in input_keys}, recycles=recycles, save_recycling_data=save_recycling_data)
  File "/home/helen/miniconda3/envs/placer_env/lib/python3.10/site-packages/torch/nn/modules/module.py", line 1532, in _wrapped_call_impl
    return self._call_impl(*args, **kwargs)
  File "/home/helen/miniconda3/envs/placer_env/lib/python3.10/site-packages/torch/nn/modules/module.py", line 1541, in _call_impl
    return forward_call(*args, **kwargs)
  File "/nvme2/helen/EnzymeStructuralFiltering/filterzyme/PLACER/modules/model.py", line 281, in forward
    single = self.init_single(f1d)
  File "/home/helen/miniconda3/envs/placer_env/lib/python3.10/site-packages/torch/nn/modules/module.py", line 1532, in _wrapped_call_impl
    return self._call_impl(*args, **kwargs)
  File "/home/helen/miniconda3/envs/placer_env/lib/python3.10/site-packages/torch/nn/modules/module.py", line 1541, in _call_impl
    return forward_call(*args, **kwargs)
  File "/nvme2/helen/EnzymeStructuralFiltering/filterzyme/PLACER/modules/model.py", line 155, in forward
    return self.net(f1d)
  File "/home/helen/miniconda3/envs/placer_env/lib/python3.10/site-packages/torch/nn/modules/module.py", line 1532, in _wrapped_call_impl
    return self._call_impl(*args, **kwargs)
  File "/home/helen/miniconda3/envs/placer_env/lib/python3.10/site-packages/torch/nn/modules/module.py", line 1541, in _call_impl
    return forward_call(*args, **kwargs)
  File "/home/helen/miniconda3/envs/placer_env/lib/python3.10/site-packages/torch/nn/modules/container.py", line 217, in forward
    input = module(input)
  File "/home/helen/miniconda3/envs/placer_env/lib/python3.10/site-packages/torch/nn/modules/module.py", line 1532, in _wrapped_call_impl
    return self._call_impl(*args, **kwargs)
  File "/home/helen/miniconda3/envs/placer_env/lib/python3.10/site-packages/torch/nn/modules/module.py", line 1541, in _call_impl
    return forward_call(*args, **kwargs)
  File "/home/helen/miniconda3/envs/placer_env/lib/python3.10/site-packages/torch/nn/modules/linear.py", line 116, in forward
    return F.linear(input, self.weight, self.bias)
RuntimeError: CUDA error: CUBLAS_STATUS_NOT_INITIALIZED when calling `cublasCreate(handle)`

2025-12-15 20:02:09,742 | INFO |Entry EH72_1_Napthyl_acetate_0_chai: Single ligand detected. Running standard mode...
2025-12-15 20:02:32,340 | ERROR |PLACER failed for EH72_1_Napthyl_acetate_0_chai: Traceback (most recent call last):
  File "/nvme2/helen/EnzymeStructuralFiltering/filterzyme/PLACER/run_PLACER.py", line 282, in <module>
    main(args)
  File "/nvme2/helen/EnzymeStructuralFiltering/filterzyme/PLACER/run_PLACER.py", line 196, in main
    outputs = placer.run(placer_input_iter, args.nsamples)
  File "/nvme2/helen/EnzymeStructuralFiltering/filterzyme/PLACER/PLACER.py", line 405, in run
    Xs,Ds,plDDTs,pDEVs = self.net()(**{k:item[k] for k in input_keys}, recycles=recycles, save_recycling_data=save_recycling_data)
  File "/home/helen/miniconda3/envs/placer_env/lib/python3.10/site-packages/torch/nn/modules/module.py", line 1532, in _wrapped_call_impl
    return self._call_impl(*args, **kwargs)
  File "/home/helen/miniconda3/envs/placer_env/lib/python3.10/site-packages/torch/nn/modules/module.py", line 1541, in _call_impl
    return forward_call(*args, **kwargs)
  File "/nvme2/helen/EnzymeStructuralFiltering/filterzyme/PLACER/modules/model.py", line 281, in forward
    single = self.init_single(f1d)
  File "/home/helen/miniconda3/envs/placer_env/lib/python3.10/site-packages/torch/nn/modules/module.py", line 1532, in _wrapped_call_impl
    return self._call_impl(*args, **kwargs)
  File "/home/helen/miniconda3/envs/placer_env/lib/python3.10/site-packages/torch/nn/modules/module.py", line 1541, in _call_impl
    return forward_call(*args, **kwargs)
  File "/nvme2/helen/EnzymeStructuralFiltering/filterzyme/PLACER/modules/model.py", line 155, in forward
    return self.net(f1d)
  File "/home/helen/miniconda3/envs/placer_env/lib/python3.10/site-packages/torch/nn/modules/module.py", line 1532, in _wrapped_call_impl
    return self._call_impl(*args, **kwargs)
  File "/home/helen/miniconda3/envs/placer_env/lib/python3.10/site-packages/torch/nn/modules/module.py", line 1541, in _call_impl
    return forward_call(*args, **kwargs)
  File "/home/helen/miniconda3/envs/placer_env/lib/python3.10/site-packages/torch/nn/modules/container.py", line 217, in forward
    input = module(input)
  File "/home/helen/miniconda3/envs/placer_env/lib/python3.10/site-packages/torch/nn/modules/module.py", line 1532, in _wrapped_call_impl
    return self._call_impl(*args, **kwargs)
  File "/home/helen/miniconda3/envs/placer_env/lib/python3.10/site-packages/torch/nn/modules/module.py", line 1541, in _call_impl
    return forward_call(*args, **kwargs)
  File "/home/helen/miniconda3/envs/placer_env/lib/python3.10/site-packages/torch/nn/modules/linear.py", line 116, in forward
    return F.linear(input, self.weight, self.bias)
RuntimeError: CUDA error: CUBLAS_STATUS_NOT_INITIALIZED when calling `cublasCreate(handle)`

2025-12-15 20:02:32,345 | INFO |Entry EH72_Ethyl_3_oxohexanoate_0_chai: Single ligand detected. Running standard mode...
2025-12-15 20:02:54,688 | ERROR |PLACER failed for EH72_Ethyl_3_oxohexanoate_0_chai: Traceback (most recent call last):
  File "/nvme2/helen/EnzymeStructuralFiltering/filterzyme/PLACER/run_PLACER.py", line 282, in <module>
    main(args)
  File "/nvme2/helen/EnzymeStructuralFiltering/filterzyme/PLACER/run_PLACER.py", line 196, in main
    outputs = placer.run(placer_input_iter, args.nsamples)
  File "/nvme2/helen/EnzymeStructuralFiltering/filterzyme/PLACER/PLACER.py", line 405, in run
    Xs,Ds,plDDTs,pDEVs = self.net()(**{k:item[k] for k in input_keys}, recycles=recycles, save_recycling_data=save_recycling_data)
  File "/home/helen/miniconda3/envs/placer_env/lib/python3.10/site-packages/torch/nn/modules/module.py", line 1532, in _wrapped_call_impl
    return self._call_impl(*args, **kwargs)
  File "/home/helen/miniconda3/envs/placer_env/lib/python3.10/site-packages/torch/nn/modules/module.py", line 1541, in _call_impl
    return forward_call(*args, **kwargs)
  File "/nvme2/helen/EnzymeStructuralFiltering/filterzyme/PLACER/modules/model.py", line 281, in forward
    single = self.init_single(f1d)
  File "/home/helen/miniconda3/envs/placer_env/lib/python3.10/site-packages/torch/nn/modules/module.py", line 1532, in _wrapped_call_impl
    return self._call_impl(*args, **kwargs)
  File "/home/helen/miniconda3/envs/placer_env/lib/python3.10/site-packages/torch/nn/modules/module.py", line 1541, in _call_impl
    return forward_call(*args, **kwargs)
  File "/nvme2/helen/EnzymeStructuralFiltering/filterzyme/PLACER/modules/model.py", line 155, in forward
    return self.net(f1d)
  File "/home/helen/miniconda3/envs/placer_env/lib/python3.10/site-packages/torch/nn/modules/module.py", line 1532, in _wrapped_call_impl
    return self._call_impl(*args, **kwargs)
  File "/home/helen/miniconda3/envs/placer_env/lib/python3.10/site-packages/torch/nn/modules/module.py", line 1541, in _call_impl
    return forward_call(*args, **kwargs)
  File "/home/helen/miniconda3/envs/placer_env/lib/python3.10/site-packages/torch/nn/modules/container.py", line 217, in forward
    input = module(input)
  File "/home/helen/miniconda3/envs/placer_env/lib/python3.10/site-packages/torch/nn/modules/module.py", line 1532, in _wrapped_call_impl
    return self._call_impl(*args, **kwargs)
  File "/home/helen/miniconda3/envs/placer_env/lib/python3.10/site-packages/torch/nn/modules/module.py", line 1541, in _call_impl
    return forward_call(*args, **kwargs)
  File "/home/helen/miniconda3/envs/placer_env/lib/python3.10/site-packages/torch/nn/modules/linear.py", line 116, in forward
    return F.linear(input, self.weight, self.bias)
RuntimeError: CUDA error: CUBLAS_STATUS_NOT_INITIALIZED when calling `cublasCreate(handle)`

2025-12-15 20:02:54,692 | INFO |Entry EH72_Geranyl_acetate_0_chai: Single ligand detected. Running standard mode...
2025-12-15 20:03:17,163 | ERROR |PLACER failed for EH72_Geranyl_acetate_0_chai: Traceback (most recent call last):
  File "/nvme2/helen/EnzymeStructuralFiltering/filterzyme/PLACER/run_PLACER.py", line 282, in <module>
    main(args)
  File "/nvme2/helen/EnzymeStructuralFiltering/filterzyme/PLACER/run_PLACER.py", line 196, in main
    outputs = placer.run(placer_input_iter, args.nsamples)
  File "/nvme2/helen/EnzymeStructuralFiltering/filterzyme/PLACER/PLACER.py", line 405, in run
    Xs,Ds,plDDTs,pDEVs = self.net()(**{k:item[k] for k in input_keys}, recycles=recycles, save_recycling_data=save_recycling_data)
  File "/home/helen/miniconda3/envs/placer_env/lib/python3.10/site-packages/torch/nn/modules/module.py", line 1532, in _wrapped_call_impl
    return self._call_impl(*args, **kwargs)
  File "/home/helen/miniconda3/envs/placer_env/lib/python3.10/site-packages/torch/nn/modules/module.py", line 1541, in _call_impl
    return forward_call(*args, **kwargs)
  File "/nvme2/helen/EnzymeStructuralFiltering/filterzyme/PLACER/modules/model.py", line 281, in forward
    single = self.init_single(f1d)
  File "/home/helen/miniconda3/envs/placer_env/lib/python3.10/site-packages/torch/nn/modules/module.py", line 1532, in _wrapped_call_impl
    return self._call_impl(*args, **kwargs)
  File "/home/helen/miniconda3/envs/placer_env/lib/python3.10/site-packages/torch/nn/modules/module.py", line 1541, in _call_impl
    return forward_call(*args, **kwargs)
  File "/nvme2/helen/EnzymeStructuralFiltering/filterzyme/PLACER/modules/model.py", line 155, in forward
    return self.net(f1d)
  File "/home/helen/miniconda3/envs/placer_env/lib/python3.10/site-packages/torch/nn/modules/module.py", line 1532, in _wrapped_call_impl
    return self._call_impl(*args, **kwargs)
  File "/home/helen/miniconda3/envs/placer_env/lib/python3.10/site-packages/torch/nn/modules/module.py", line 1541, in _call_impl
    return forward_call(*args, **kwargs)
  File "/home/helen/miniconda3/envs/placer_env/lib/python3.10/site-packages/torch/nn/modules/container.py", line 217, in forward
    input = module(input)
  File "/home/helen/miniconda3/envs/placer_env/lib/python3.10/site-packages/torch/nn/modules/module.py", line 1532, in _wrapped_call_impl
    return self._call_impl(*args, **kwargs)
  File "/home/helen/miniconda3/envs/placer_env/lib/python3.10/site-packages/torch/nn/modules/module.py", line 1541, in _call_impl
    return forward_call(*args, **kwargs)
  File "/home/helen/miniconda3/envs/placer_env/lib/python3.10/site-packages/torch/nn/modules/linear.py", line 116, in forward
    return F.linear(input, self.weight, self.bias)
RuntimeError: CUDA error: CUBLAS_STATUS_NOT_INITIALIZED when calling `cublasCreate(handle)`

2025-12-15 20:03:17,167 | INFO |Entry EH72_L_Pantolactone_0_chai: Single ligand detected. Running standard mode...
2025-12-15 20:06:27,748 | INFO |Entry EH72_Vinyl_propionate_0_chai: Single ligand detected. Running standard mode...
2025-12-15 20:09:37,402 | INFO |Entry EH73_1_Napthyl_acetate_0_chai: Single ligand detected. Running standard mode...
2025-12-15 20:09:56,561 | ERROR |PLACER failed for EH73_1_Napthyl_acetate_0_chai: Traceback (most recent call last):
  File "/nvme2/helen/EnzymeStructuralFiltering/filterzyme/PLACER/run_PLACER.py", line 282, in <module>
    main(args)
  File "/nvme2/helen/EnzymeStructuralFiltering/filterzyme/PLACER/run_PLACER.py", line 196, in main
    outputs = placer.run(placer_input_iter, args.nsamples)
  File "/nvme2/helen/EnzymeStructuralFiltering/filterzyme/PLACER/PLACER.py", line 405, in run
    Xs,Ds,plDDTs,pDEVs = self.net()(**{k:item[k] for k in input_keys}, recycles=recycles, save_recycling_data=save_recycling_data)
  File "/home/helen/miniconda3/envs/placer_env/lib/python3.10/site-packages/torch/nn/modules/module.py", line 1532, in _wrapped_call_impl
    return self._call_impl(*args, **kwargs)
  File "/home/helen/miniconda3/envs/placer_env/lib/python3.10/site-packages/torch/nn/modules/module.py", line 1541, in _call_impl
    return forward_call(*args, **kwargs)
  File "/nvme2/helen/EnzymeStructuralFiltering/filterzyme/PLACER/modules/model.py", line 281, in forward
    single = self.init_single(f1d)
  File "/home/helen/miniconda3/envs/placer_env/lib/python3.10/site-packages/torch/nn/modules/module.py", line 1532, in _wrapped_call_impl
    return self._call_impl(*args, **kwargs)
  File "/home/helen/miniconda3/envs/placer_env/lib/python3.10/site-packages/torch/nn/modules/module.py", line 1541, in _call_impl
    return forward_call(*args, **kwargs)
  File "/nvme2/helen/EnzymeStructuralFiltering/filterzyme/PLACER/modules/model.py", line 155, in forward
    return self.net(f1d)
  File "/home/helen/miniconda3/envs/placer_env/lib/python3.10/site-packages/torch/nn/modules/module.py", line 1532, in _wrapped_call_impl
    return self._call_impl(*args, **kwargs)
  File "/home/helen/miniconda3/envs/placer_env/lib/python3.10/site-packages/torch/nn/modules/module.py", line 1541, in _call_impl
    return forward_call(*args, **kwargs)
  File "/home/helen/miniconda3/envs/placer_env/lib/python3.10/site-packages/torch/nn/modules/container.py", line 217, in forward
    input = module(input)
  File "/home/helen/miniconda3/envs/placer_env/lib/python3.10/site-packages/torch/nn/modules/module.py", line 1532, in _wrapped_call_impl
    return self._call_impl(*args, **kwargs)
  File "/home/helen/miniconda3/envs/placer_env/lib/python3.10/site-packages/torch/nn/modules/module.py", line 1541, in _call_impl
    return forward_call(*args, **kwargs)
  File "/home/helen/miniconda3/envs/placer_env/lib/python3.10/site-packages/torch/nn/modules/linear.py", line 116, in forward
    return F.linear(input, self.weight, self.bias)
RuntimeError: CUDA error: CUBLAS_STATUS_NOT_INITIALIZED when calling `cublasCreate(handle)`

2025-12-15 20:09:56,566 | INFO |Entry EH73_Ethyl_3_oxohexanoate_0_chai: Single ligand detected. Running standard mode...
2025-12-15 20:13:05,145 | INFO |Entry EH73_Geranyl_acetate_0_chai: Single ligand detected. Running standard mode...
2025-12-15 20:16:06,230 | INFO |Entry EH73_L_Pantolactone_0_chai: Single ligand detected. Running standard mode...
2025-12-15 20:16:26,422 | ERROR |CUDA OOM on EH73_L_Pantolactone_0_chai.
2025-12-15 20:16:26,425 | INFO |Entry EH73_Vinyl_propionate_0_chai: Single ligand detected. Running standard mode...
2025-12-15 20:16:49,954 | ERROR |CUDA OOM on EH73_Vinyl_propionate_0_chai.
2025-12-15 20:16:49,957 | INFO |Entry EH74_1_Napthyl_acetate_0_chai: Single ligand detected. Running standard mode...
2025-12-15 20:17:14,355 | ERROR |CUDA OOM on EH74_1_Napthyl_acetate_0_chai.
2025-12-15 20:17:14,358 | INFO |Entry EH74_Ethyl_3_oxohexanoate_0_chai: Single ligand detected. Running standard mode...
2025-12-15 20:17:37,915 | ERROR |CUDA OOM on EH74_Ethyl_3_oxohexanoate_0_chai.
2025-12-15 20:17:37,918 | INFO |Entry EH74_Geranyl_acetate_0_chai: Single ligand detected. Running standard mode...
2025-12-15 20:18:02,081 | ERROR |CUDA OOM on EH74_Geranyl_acetate_0_chai.
2025-12-15 20:18:02,086 | INFO |Entry EH74_L_Pantolactone_0_chai: Single ligand detected. Running standard mode...
2025-12-15 20:18:25,853 | ERROR |CUDA OOM on EH74_L_Pantolactone_0_chai.
2025-12-15 20:18:25,857 | INFO |Entry EH74_Vinyl_propionate_0_chai: Single ligand detected. Running standard mode...
2025-12-15 20:21:38,544 | INFO |Entry EH75_1_Napthyl_acetate_0_chai: Single ligand detected. Running standard mode...
2025-12-15 20:24:54,730 | INFO |Entry EH75_Ethyl_3_oxohexanoate_0_chai: Single ligand detected. Running standard mode...
2025-12-15 20:25:16,873 | ERROR |CUDA OOM on EH75_Ethyl_3_oxohexanoate_0_chai.
2025-12-15 20:25:16,881 | INFO |Entry EH75_Geranyl_acetate_0_chai: Single ligand detected. Running standard mode...
2025-12-15 20:25:40,585 | ERROR |CUDA OOM on EH75_Geranyl_acetate_0_chai.
2025-12-15 20:25:40,593 | INFO |Entry EH75_L_Pantolactone_0_chai: Single ligand detected. Running standard mode...
2025-12-15 20:26:06,365 | ERROR |CUDA OOM on EH75_L_Pantolactone_0_chai.
2025-12-15 20:26:06,377 | INFO |Entry EH75_Vinyl_propionate_0_chai: Single ligand detected. Running standard mode...
2025-12-15 20:29:21,799 | INFO |Entry EH76_1_Napthyl_acetate_0_chai: Single ligand detected. Running standard mode...
2025-12-15 20:29:47,948 | ERROR |CUDA OOM on EH76_1_Napthyl_acetate_0_chai.
2025-12-15 20:29:47,952 | INFO |Entry EH76_Ethyl_3_oxohexanoate_0_chai: Single ligand detected. Running standard mode...
2025-12-15 20:30:11,854 | ERROR |CUDA OOM on EH76_Ethyl_3_oxohexanoate_0_chai.
2025-12-15 20:30:11,858 | INFO |Entry EH76_Geranyl_acetate_0_chai: Single ligand detected. Running standard mode...
2025-12-15 20:33:27,998 | INFO |Entry EH76_L_Pantolactone_0_chai: Single ligand detected. Running standard mode...
2025-12-15 20:35:45,497 | INFO |Entry EH76_Vinyl_propionate_0_chai: Single ligand detected. Running standard mode...
2025-12-15 20:35:59,854 | ERROR |PLACER failed for EH76_Vinyl_propionate_0_chai: Traceback (most recent call last):
  File "/nvme2/helen/EnzymeStructuralFiltering/filterzyme/PLACER/run_PLACER.py", line 282, in <module>
    main(args)
  File "/nvme2/helen/EnzymeStructuralFiltering/filterzyme/PLACER/run_PLACER.py", line 196, in main
    outputs = placer.run(placer_input_iter, args.nsamples)
  File "/nvme2/helen/EnzymeStructuralFiltering/filterzyme/PLACER/PLACER.py", line 405, in run
    Xs,Ds,plDDTs,pDEVs = self.net()(**{k:item[k] for k in input_keys}, recycles=recycles, save_recycling_data=save_recycling_data)
  File "/home/helen/miniconda3/envs/placer_env/lib/python3.10/site-packages/torch/nn/modules/module.py", line 1532, in _wrapped_call_impl
    return self._call_impl(*args, **kwargs)
  File "/home/helen/miniconda3/envs/placer_env/lib/python3.10/site-packages/torch/nn/modules/module.py", line 1541, in _call_impl
    return forward_call(*args, **kwargs)
  File "/nvme2/helen/EnzymeStructuralFiltering/filterzyme/PLACER/modules/model.py", line 281, in forward
    single = self.init_single(f1d)
  File "/home/helen/miniconda3/envs/placer_env/lib/python3.10/site-packages/torch/nn/modules/module.py", line 1532, in _wrapped_call_impl
    return self._call_impl(*args, **kwargs)
  File "/home/helen/miniconda3/envs/placer_env/lib/python3.10/site-packages/torch/nn/modules/module.py", line 1541, in _call_impl
    return forward_call(*args, **kwargs)
  File "/nvme2/helen/EnzymeStructuralFiltering/filterzyme/PLACER/modules/model.py", line 155, in forward
    return self.net(f1d)
  File "/home/helen/miniconda3/envs/placer_env/lib/python3.10/site-packages/torch/nn/modules/module.py", line 1532, in _wrapped_call_impl
    return self._call_impl(*args, **kwargs)
  File "/home/helen/miniconda3/envs/placer_env/lib/python3.10/site-packages/torch/nn/modules/module.py", line 1541, in _call_impl
    return forward_call(*args, **kwargs)
  File "/home/helen/miniconda3/envs/placer_env/lib/python3.10/site-packages/torch/nn/modules/container.py", line 217, in forward
    input = module(input)
  File "/home/helen/miniconda3/envs/placer_env/lib/python3.10/site-packages/torch/nn/modules/module.py", line 1532, in _wrapped_call_impl
    return self._call_impl(*args, **kwargs)
  File "/home/helen/miniconda3/envs/placer_env/lib/python3.10/site-packages/torch/nn/modules/module.py", line 1541, in _call_impl
    return forward_call(*args, **kwargs)
  File "/home/helen/miniconda3/envs/placer_env/lib/python3.10/site-packages/torch/nn/modules/linear.py", line 116, in forward
    return F.linear(input, self.weight, self.bias)
RuntimeError: CUDA error: CUBLAS_STATUS_NOT_INITIALIZED when calling `cublasCreate(handle)`

2025-12-15 20:35:59,858 | INFO |Entry EH77_1_Napthyl_acetate_0_chai: Single ligand detected. Running standard mode...
2025-12-15 20:36:21,185 | ERROR |PLACER failed for EH77_1_Napthyl_acetate_0_chai: Traceback (most recent call last):
  File "/nvme2/helen/EnzymeStructuralFiltering/filterzyme/PLACER/run_PLACER.py", line 282, in <module>
    main(args)
  File "/nvme2/helen/EnzymeStructuralFiltering/filterzyme/PLACER/run_PLACER.py", line 196, in main
    outputs = placer.run(placer_input_iter, args.nsamples)
  File "/nvme2/helen/EnzymeStructuralFiltering/filterzyme/PLACER/PLACER.py", line 405, in run
    Xs,Ds,plDDTs,pDEVs = self.net()(**{k:item[k] for k in input_keys}, recycles=recycles, save_recycling_data=save_recycling_data)
  File "/home/helen/miniconda3/envs/placer_env/lib/python3.10/site-packages/torch/nn/modules/module.py", line 1532, in _wrapped_call_impl
    return self._call_impl(*args, **kwargs)
  File "/home/helen/miniconda3/envs/placer_env/lib/python3.10/site-packages/torch/nn/modules/module.py", line 1541, in _call_impl
    return forward_call(*args, **kwargs)
  File "/nvme2/helen/EnzymeStructuralFiltering/filterzyme/PLACER/modules/model.py", line 281, in forward
    single = self.init_single(f1d)
  File "/home/helen/miniconda3/envs/placer_env/lib/python3.10/site-packages/torch/nn/modules/module.py", line 1532, in _wrapped_call_impl
    return self._call_impl(*args, **kwargs)
  File "/home/helen/miniconda3/envs/placer_env/lib/python3.10/site-packages/torch/nn/modules/module.py", line 1541, in _call_impl
    return forward_call(*args, **kwargs)
  File "/nvme2/helen/EnzymeStructuralFiltering/filterzyme/PLACER/modules/model.py", line 155, in forward
    return self.net(f1d)
  File "/home/helen/miniconda3/envs/placer_env/lib/python3.10/site-packages/torch/nn/modules/module.py", line 1532, in _wrapped_call_impl
    return self._call_impl(*args, **kwargs)
  File "/home/helen/miniconda3/envs/placer_env/lib/python3.10/site-packages/torch/nn/modules/module.py", line 1541, in _call_impl
    return forward_call(*args, **kwargs)
  File "/home/helen/miniconda3/envs/placer_env/lib/python3.10/site-packages/torch/nn/modules/container.py", line 217, in forward
    input = module(input)
  File "/home/helen/miniconda3/envs/placer_env/lib/python3.10/site-packages/torch/nn/modules/module.py", line 1532, in _wrapped_call_impl
    return self._call_impl(*args, **kwargs)
  File "/home/helen/miniconda3/envs/placer_env/lib/python3.10/site-packages/torch/nn/modules/module.py", line 1541, in _call_impl
    return forward_call(*args, **kwargs)
  File "/home/helen/miniconda3/envs/placer_env/lib/python3.10/site-packages/torch/nn/modules/linear.py", line 116, in forward
    return F.linear(input, self.weight, self.bias)
RuntimeError: CUDA error: CUBLAS_STATUS_NOT_INITIALIZED when calling `cublasCreate(handle)`

2025-12-15 20:36:21,187 | INFO |Entry EH77_Ethyl_3_oxohexanoate_0_chai: Single ligand detected. Running standard mode...
2025-12-15 20:36:43,103 | ERROR |PLACER failed for EH77_Ethyl_3_oxohexanoate_0_chai: Traceback (most recent call last):
  File "/nvme2/helen/EnzymeStructuralFiltering/filterzyme/PLACER/run_PLACER.py", line 282, in <module>
    main(args)
  File "/nvme2/helen/EnzymeStructuralFiltering/filterzyme/PLACER/run_PLACER.py", line 196, in main
    outputs = placer.run(placer_input_iter, args.nsamples)
  File "/nvme2/helen/EnzymeStructuralFiltering/filterzyme/PLACER/PLACER.py", line 405, in run
    Xs,Ds,plDDTs,pDEVs = self.net()(**{k:item[k] for k in input_keys}, recycles=recycles, save_recycling_data=save_recycling_data)
  File "/home/helen/miniconda3/envs/placer_env/lib/python3.10/site-packages/torch/nn/modules/module.py", line 1532, in _wrapped_call_impl
    return self._call_impl(*args, **kwargs)
  File "/home/helen/miniconda3/envs/placer_env/lib/python3.10/site-packages/torch/nn/modules/module.py", line 1541, in _call_impl
    return forward_call(*args, **kwargs)
  File "/nvme2/helen/EnzymeStructuralFiltering/filterzyme/PLACER/modules/model.py", line 281, in forward
    single = self.init_single(f1d)
  File "/home/helen/miniconda3/envs/placer_env/lib/python3.10/site-packages/torch/nn/modules/module.py", line 1532, in _wrapped_call_impl
    return self._call_impl(*args, **kwargs)
  File "/home/helen/miniconda3/envs/placer_env/lib/python3.10/site-packages/torch/nn/modules/module.py", line 1541, in _call_impl
    return forward_call(*args, **kwargs)
  File "/nvme2/helen/EnzymeStructuralFiltering/filterzyme/PLACER/modules/model.py", line 155, in forward
    return self.net(f1d)
  File "/home/helen/miniconda3/envs/placer_env/lib/python3.10/site-packages/torch/nn/modules/module.py", line 1532, in _wrapped_call_impl
    return self._call_impl(*args, **kwargs)
  File "/home/helen/miniconda3/envs/placer_env/lib/python3.10/site-packages/torch/nn/modules/module.py", line 1541, in _call_impl
    return forward_call(*args, **kwargs)
  File "/home/helen/miniconda3/envs/placer_env/lib/python3.10/site-packages/torch/nn/modules/container.py", line 217, in forward
    input = module(input)
  File "/home/helen/miniconda3/envs/placer_env/lib/python3.10/site-packages/torch/nn/modules/module.py", line 1532, in _wrapped_call_impl
    return self._call_impl(*args, **kwargs)
  File "/home/helen/miniconda3/envs/placer_env/lib/python3.10/site-packages/torch/nn/modules/module.py", line 1541, in _call_impl
    return forward_call(*args, **kwargs)
  File "/home/helen/miniconda3/envs/placer_env/lib/python3.10/site-packages/torch/nn/modules/linear.py", line 116, in forward
    return F.linear(input, self.weight, self.bias)
RuntimeError: CUDA error: CUBLAS_STATUS_NOT_INITIALIZED when calling `cublasCreate(handle)`

2025-12-15 20:36:43,108 | INFO |Entry EH77_Geranyl_acetate_0_chai: Single ligand detected. Running standard mode...
2025-12-15 20:37:04,197 | ERROR |PLACER failed for EH77_Geranyl_acetate_0_chai: Traceback (most recent call last):
  File "/nvme2/helen/EnzymeStructuralFiltering/filterzyme/PLACER/run_PLACER.py", line 282, in <module>
    main(args)
  File "/nvme2/helen/EnzymeStructuralFiltering/filterzyme/PLACER/run_PLACER.py", line 196, in main
    outputs = placer.run(placer_input_iter, args.nsamples)
  File "/nvme2/helen/EnzymeStructuralFiltering/filterzyme/PLACER/PLACER.py", line 405, in run
    Xs,Ds,plDDTs,pDEVs = self.net()(**{k:item[k] for k in input_keys}, recycles=recycles, save_recycling_data=save_recycling_data)
  File "/home/helen/miniconda3/envs/placer_env/lib/python3.10/site-packages/torch/nn/modules/module.py", line 1532, in _wrapped_call_impl
    return self._call_impl(*args, **kwargs)
  File "/home/helen/miniconda3/envs/placer_env/lib/python3.10/site-packages/torch/nn/modules/module.py", line 1541, in _call_impl
    return forward_call(*args, **kwargs)
  File "/nvme2/helen/EnzymeStructuralFiltering/filterzyme/PLACER/modules/model.py", line 281, in forward
    single = self.init_single(f1d)
  File "/home/helen/miniconda3/envs/placer_env/lib/python3.10/site-packages/torch/nn/modules/module.py", line 1532, in _wrapped_call_impl
    return self._call_impl(*args, **kwargs)
  File "/home/helen/miniconda3/envs/placer_env/lib/python3.10/site-packages/torch/nn/modules/module.py", line 1541, in _call_impl
    return forward_call(*args, **kwargs)
  File "/nvme2/helen/EnzymeStructuralFiltering/filterzyme/PLACER/modules/model.py", line 155, in forward
    return self.net(f1d)
  File "/home/helen/miniconda3/envs/placer_env/lib/python3.10/site-packages/torch/nn/modules/module.py", line 1532, in _wrapped_call_impl
    return self._call_impl(*args, **kwargs)
  File "/home/helen/miniconda3/envs/placer_env/lib/python3.10/site-packages/torch/nn/modules/module.py", line 1541, in _call_impl
    return forward_call(*args, **kwargs)
  File "/home/helen/miniconda3/envs/placer_env/lib/python3.10/site-packages/torch/nn/modules/container.py", line 217, in forward
    input = module(input)
  File "/home/helen/miniconda3/envs/placer_env/lib/python3.10/site-packages/torch/nn/modules/module.py", line 1532, in _wrapped_call_impl
    return self._call_impl(*args, **kwargs)
  File "/home/helen/miniconda3/envs/placer_env/lib/python3.10/site-packages/torch/nn/modules/module.py", line 1541, in _call_impl
    return forward_call(*args, **kwargs)
  File "/home/helen/miniconda3/envs/placer_env/lib/python3.10/site-packages/torch/nn/modules/linear.py", line 116, in forward
    return F.linear(input, self.weight, self.bias)
RuntimeError: CUDA error: CUBLAS_STATUS_NOT_INITIALIZED when calling `cublasCreate(handle)`

2025-12-15 20:37:04,202 | INFO |Entry EH77_L_Pantolactone_0_chai: Single ligand detected. Running standard mode...
2025-12-15 20:37:24,471 | ERROR |PLACER failed for EH77_L_Pantolactone_0_chai: Traceback (most recent call last):
  File "/nvme2/helen/EnzymeStructuralFiltering/filterzyme/PLACER/run_PLACER.py", line 282, in <module>
    main(args)
  File "/nvme2/helen/EnzymeStructuralFiltering/filterzyme/PLACER/run_PLACER.py", line 196, in main
    outputs = placer.run(placer_input_iter, args.nsamples)
  File "/nvme2/helen/EnzymeStructuralFiltering/filterzyme/PLACER/PLACER.py", line 405, in run
    Xs,Ds,plDDTs,pDEVs = self.net()(**{k:item[k] for k in input_keys}, recycles=recycles, save_recycling_data=save_recycling_data)
  File "/home/helen/miniconda3/envs/placer_env/lib/python3.10/site-packages/torch/nn/modules/module.py", line 1532, in _wrapped_call_impl
    return self._call_impl(*args, **kwargs)
  File "/home/helen/miniconda3/envs/placer_env/lib/python3.10/site-packages/torch/nn/modules/module.py", line 1541, in _call_impl
    return forward_call(*args, **kwargs)
  File "/nvme2/helen/EnzymeStructuralFiltering/filterzyme/PLACER/modules/model.py", line 281, in forward
    single = self.init_single(f1d)
  File "/home/helen/miniconda3/envs/placer_env/lib/python3.10/site-packages/torch/nn/modules/module.py", line 1532, in _wrapped_call_impl
    return self._call_impl(*args, **kwargs)
  File "/home/helen/miniconda3/envs/placer_env/lib/python3.10/site-packages/torch/nn/modules/module.py", line 1541, in _call_impl
    return forward_call(*args, **kwargs)
  File "/nvme2/helen/EnzymeStructuralFiltering/filterzyme/PLACER/modules/model.py", line 155, in forward
    return self.net(f1d)
  File "/home/helen/miniconda3/envs/placer_env/lib/python3.10/site-packages/torch/nn/modules/module.py", line 1532, in _wrapped_call_impl
    return self._call_impl(*args, **kwargs)
  File "/home/helen/miniconda3/envs/placer_env/lib/python3.10/site-packages/torch/nn/modules/module.py", line 1541, in _call_impl
    return forward_call(*args, **kwargs)
  File "/home/helen/miniconda3/envs/placer_env/lib/python3.10/site-packages/torch/nn/modules/container.py", line 217, in forward
    input = module(input)
  File "/home/helen/miniconda3/envs/placer_env/lib/python3.10/site-packages/torch/nn/modules/module.py", line 1532, in _wrapped_call_impl
    return self._call_impl(*args, **kwargs)
  File "/home/helen/miniconda3/envs/placer_env/lib/python3.10/site-packages/torch/nn/modules/module.py", line 1541, in _call_impl
    return forward_call(*args, **kwargs)
  File "/home/helen/miniconda3/envs/placer_env/lib/python3.10/site-packages/torch/nn/modules/linear.py", line 116, in forward
    return F.linear(input, self.weight, self.bias)
RuntimeError: CUDA error: CUBLAS_STATUS_NOT_INITIALIZED when calling `cublasCreate(handle)`

2025-12-15 20:37:24,475 | INFO |Entry EH77_Vinyl_propionate_0_chai: Single ligand detected. Running standard mode...
2025-12-15 20:37:45,356 | ERROR |PLACER failed for EH77_Vinyl_propionate_0_chai: Traceback (most recent call last):
  File "/nvme2/helen/EnzymeStructuralFiltering/filterzyme/PLACER/run_PLACER.py", line 282, in <module>
    main(args)
  File "/nvme2/helen/EnzymeStructuralFiltering/filterzyme/PLACER/run_PLACER.py", line 196, in main
    outputs = placer.run(placer_input_iter, args.nsamples)
  File "/nvme2/helen/EnzymeStructuralFiltering/filterzyme/PLACER/PLACER.py", line 405, in run
    Xs,Ds,plDDTs,pDEVs = self.net()(**{k:item[k] for k in input_keys}, recycles=recycles, save_recycling_data=save_recycling_data)
  File "/home/helen/miniconda3/envs/placer_env/lib/python3.10/site-packages/torch/nn/modules/module.py", line 1532, in _wrapped_call_impl
    return self._call_impl(*args, **kwargs)
  File "/home/helen/miniconda3/envs/placer_env/lib/python3.10/site-packages/torch/nn/modules/module.py", line 1541, in _call_impl
    return forward_call(*args, **kwargs)
  File "/nvme2/helen/EnzymeStructuralFiltering/filterzyme/PLACER/modules/model.py", line 281, in forward
    single = self.init_single(f1d)
  File "/home/helen/miniconda3/envs/placer_env/lib/python3.10/site-packages/torch/nn/modules/module.py", line 1532, in _wrapped_call_impl
    return self._call_impl(*args, **kwargs)
  File "/home/helen/miniconda3/envs/placer_env/lib/python3.10/site-packages/torch/nn/modules/module.py", line 1541, in _call_impl
    return forward_call(*args, **kwargs)
  File "/nvme2/helen/EnzymeStructuralFiltering/filterzyme/PLACER/modules/model.py", line 155, in forward
    return self.net(f1d)
  File "/home/helen/miniconda3/envs/placer_env/lib/python3.10/site-packages/torch/nn/modules/module.py", line 1532, in _wrapped_call_impl
    return self._call_impl(*args, **kwargs)
  File "/home/helen/miniconda3/envs/placer_env/lib/python3.10/site-packages/torch/nn/modules/module.py", line 1541, in _call_impl
    return forward_call(*args, **kwargs)
  File "/home/helen/miniconda3/envs/placer_env/lib/python3.10/site-packages/torch/nn/modules/container.py", line 217, in forward
    input = module(input)
  File "/home/helen/miniconda3/envs/placer_env/lib/python3.10/site-packages/torch/nn/modules/module.py", line 1532, in _wrapped_call_impl
    return self._call_impl(*args, **kwargs)
  File "/home/helen/miniconda3/envs/placer_env/lib/python3.10/site-packages/torch/nn/modules/module.py", line 1541, in _call_impl
    return forward_call(*args, **kwargs)
  File "/home/helen/miniconda3/envs/placer_env/lib/python3.10/site-packages/torch/nn/modules/linear.py", line 116, in forward
    return F.linear(input, self.weight, self.bias)
RuntimeError: CUDA error: CUBLAS_STATUS_NOT_INITIALIZED when calling `cublasCreate(handle)`

2025-12-15 20:37:45,361 | INFO |Entry EH78_1_Napthyl_acetate_0_chai: Single ligand detected. Running standard mode...
2025-12-15 20:38:06,402 | ERROR |PLACER failed for EH78_1_Napthyl_acetate_0_chai: Traceback (most recent call last):
  File "/nvme2/helen/EnzymeStructuralFiltering/filterzyme/PLACER/run_PLACER.py", line 282, in <module>
    main(args)
  File "/nvme2/helen/EnzymeStructuralFiltering/filterzyme/PLACER/run_PLACER.py", line 196, in main
    outputs = placer.run(placer_input_iter, args.nsamples)
  File "/nvme2/helen/EnzymeStructuralFiltering/filterzyme/PLACER/PLACER.py", line 405, in run
    Xs,Ds,plDDTs,pDEVs = self.net()(**{k:item[k] for k in input_keys}, recycles=recycles, save_recycling_data=save_recycling_data)
  File "/home/helen/miniconda3/envs/placer_env/lib/python3.10/site-packages/torch/nn/modules/module.py", line 1532, in _wrapped_call_impl
    return self._call_impl(*args, **kwargs)
  File "/home/helen/miniconda3/envs/placer_env/lib/python3.10/site-packages/torch/nn/modules/module.py", line 1541, in _call_impl
    return forward_call(*args, **kwargs)
  File "/nvme2/helen/EnzymeStructuralFiltering/filterzyme/PLACER/modules/model.py", line 281, in forward
    single = self.init_single(f1d)
  File "/home/helen/miniconda3/envs/placer_env/lib/python3.10/site-packages/torch/nn/modules/module.py", line 1532, in _wrapped_call_impl
    return self._call_impl(*args, **kwargs)
  File "/home/helen/miniconda3/envs/placer_env/lib/python3.10/site-packages/torch/nn/modules/module.py", line 1541, in _call_impl
    return forward_call(*args, **kwargs)
  File "/nvme2/helen/EnzymeStructuralFiltering/filterzyme/PLACER/modules/model.py", line 155, in forward
    return self.net(f1d)
  File "/home/helen/miniconda3/envs/placer_env/lib/python3.10/site-packages/torch/nn/modules/module.py", line 1532, in _wrapped_call_impl
    return self._call_impl(*args, **kwargs)
  File "/home/helen/miniconda3/envs/placer_env/lib/python3.10/site-packages/torch/nn/modules/module.py", line 1541, in _call_impl
    return forward_call(*args, **kwargs)
  File "/home/helen/miniconda3/envs/placer_env/lib/python3.10/site-packages/torch/nn/modules/container.py", line 217, in forward
    input = module(input)
  File "/home/helen/miniconda3/envs/placer_env/lib/python3.10/site-packages/torch/nn/modules/module.py", line 1532, in _wrapped_call_impl
    return self._call_impl(*args, **kwargs)
  File "/home/helen/miniconda3/envs/placer_env/lib/python3.10/site-packages/torch/nn/modules/module.py", line 1541, in _call_impl
    return forward_call(*args, **kwargs)
  File "/home/helen/miniconda3/envs/placer_env/lib/python3.10/site-packages/torch/nn/modules/linear.py", line 116, in forward
    return F.linear(input, self.weight, self.bias)
RuntimeError: CUDA error: CUBLAS_STATUS_NOT_INITIALIZED when calling `cublasCreate(handle)`

2025-12-15 20:38:06,407 | INFO |Entry EH78_Ethyl_3_oxohexanoate_0_chai: Single ligand detected. Running standard mode...
2025-12-15 20:38:27,860 | ERROR |PLACER failed for EH78_Ethyl_3_oxohexanoate_0_chai: Traceback (most recent call last):
  File "/nvme2/helen/EnzymeStructuralFiltering/filterzyme/PLACER/run_PLACER.py", line 282, in <module>
    main(args)
  File "/nvme2/helen/EnzymeStructuralFiltering/filterzyme/PLACER/run_PLACER.py", line 196, in main
    outputs = placer.run(placer_input_iter, args.nsamples)
  File "/nvme2/helen/EnzymeStructuralFiltering/filterzyme/PLACER/PLACER.py", line 405, in run
    Xs,Ds,plDDTs,pDEVs = self.net()(**{k:item[k] for k in input_keys}, recycles=recycles, save_recycling_data=save_recycling_data)
  File "/home/helen/miniconda3/envs/placer_env/lib/python3.10/site-packages/torch/nn/modules/module.py", line 1532, in _wrapped_call_impl
    return self._call_impl(*args, **kwargs)
  File "/home/helen/miniconda3/envs/placer_env/lib/python3.10/site-packages/torch/nn/modules/module.py", line 1541, in _call_impl
    return forward_call(*args, **kwargs)
  File "/nvme2/helen/EnzymeStructuralFiltering/filterzyme/PLACER/modules/model.py", line 281, in forward
    single = self.init_single(f1d)
  File "/home/helen/miniconda3/envs/placer_env/lib/python3.10/site-packages/torch/nn/modules/module.py", line 1532, in _wrapped_call_impl
    return self._call_impl(*args, **kwargs)
  File "/home/helen/miniconda3/envs/placer_env/lib/python3.10/site-packages/torch/nn/modules/module.py", line 1541, in _call_impl
    return forward_call(*args, **kwargs)
  File "/nvme2/helen/EnzymeStructuralFiltering/filterzyme/PLACER/modules/model.py", line 155, in forward
    return self.net(f1d)
  File "/home/helen/miniconda3/envs/placer_env/lib/python3.10/site-packages/torch/nn/modules/module.py", line 1532, in _wrapped_call_impl
    return self._call_impl(*args, **kwargs)
  File "/home/helen/miniconda3/envs/placer_env/lib/python3.10/site-packages/torch/nn/modules/module.py", line 1541, in _call_impl
    return forward_call(*args, **kwargs)
  File "/home/helen/miniconda3/envs/placer_env/lib/python3.10/site-packages/torch/nn/modules/container.py", line 217, in forward
    input = module(input)
  File "/home/helen/miniconda3/envs/placer_env/lib/python3.10/site-packages/torch/nn/modules/module.py", line 1532, in _wrapped_call_impl
    return self._call_impl(*args, **kwargs)
  File "/home/helen/miniconda3/envs/placer_env/lib/python3.10/site-packages/torch/nn/modules/module.py", line 1541, in _call_impl
    return forward_call(*args, **kwargs)
  File "/home/helen/miniconda3/envs/placer_env/lib/python3.10/site-packages/torch/nn/modules/linear.py", line 116, in forward
    return F.linear(input, self.weight, self.bias)
RuntimeError: CUDA error: CUBLAS_STATUS_NOT_INITIALIZED when calling `cublasCreate(handle)`

2025-12-15 20:38:27,865 | INFO |Entry EH78_Geranyl_acetate_0_chai: Single ligand detected. Running standard mode...
2025-12-15 20:38:49,289 | ERROR |PLACER failed for EH78_Geranyl_acetate_0_chai: Traceback (most recent call last):
  File "/nvme2/helen/EnzymeStructuralFiltering/filterzyme/PLACER/run_PLACER.py", line 282, in <module>
    main(args)
  File "/nvme2/helen/EnzymeStructuralFiltering/filterzyme/PLACER/run_PLACER.py", line 196, in main
    outputs = placer.run(placer_input_iter, args.nsamples)
  File "/nvme2/helen/EnzymeStructuralFiltering/filterzyme/PLACER/PLACER.py", line 405, in run
    Xs,Ds,plDDTs,pDEVs = self.net()(**{k:item[k] for k in input_keys}, recycles=recycles, save_recycling_data=save_recycling_data)
  File "/home/helen/miniconda3/envs/placer_env/lib/python3.10/site-packages/torch/nn/modules/module.py", line 1532, in _wrapped_call_impl
    return self._call_impl(*args, **kwargs)
  File "/home/helen/miniconda3/envs/placer_env/lib/python3.10/site-packages/torch/nn/modules/module.py", line 1541, in _call_impl
    return forward_call(*args, **kwargs)
  File "/nvme2/helen/EnzymeStructuralFiltering/filterzyme/PLACER/modules/model.py", line 281, in forward
    single = self.init_single(f1d)
  File "/home/helen/miniconda3/envs/placer_env/lib/python3.10/site-packages/torch/nn/modules/module.py", line 1532, in _wrapped_call_impl
    return self._call_impl(*args, **kwargs)
  File "/home/helen/miniconda3/envs/placer_env/lib/python3.10/site-packages/torch/nn/modules/module.py", line 1541, in _call_impl
    return forward_call(*args, **kwargs)
  File "/nvme2/helen/EnzymeStructuralFiltering/filterzyme/PLACER/modules/model.py", line 155, in forward
    return self.net(f1d)
  File "/home/helen/miniconda3/envs/placer_env/lib/python3.10/site-packages/torch/nn/modules/module.py", line 1532, in _wrapped_call_impl
    return self._call_impl(*args, **kwargs)
  File "/home/helen/miniconda3/envs/placer_env/lib/python3.10/site-packages/torch/nn/modules/module.py", line 1541, in _call_impl
    return forward_call(*args, **kwargs)
  File "/home/helen/miniconda3/envs/placer_env/lib/python3.10/site-packages/torch/nn/modules/container.py", line 217, in forward
    input = module(input)
  File "/home/helen/miniconda3/envs/placer_env/lib/python3.10/site-packages/torch/nn/modules/module.py", line 1532, in _wrapped_call_impl
    return self._call_impl(*args, **kwargs)
  File "/home/helen/miniconda3/envs/placer_env/lib/python3.10/site-packages/torch/nn/modules/module.py", line 1541, in _call_impl
    return forward_call(*args, **kwargs)
  File "/home/helen/miniconda3/envs/placer_env/lib/python3.10/site-packages/torch/nn/modules/linear.py", line 116, in forward
    return F.linear(input, self.weight, self.bias)
RuntimeError: CUDA error: CUBLAS_STATUS_NOT_INITIALIZED when calling `cublasCreate(handle)`

2025-12-15 20:38:49,292 | INFO |Entry EH78_L_Pantolactone_0_chai: Single ligand detected. Running standard mode...
2025-12-15 20:42:00,440 | INFO |Entry EH78_Vinyl_propionate_0_chai: Single ligand detected. Running standard mode...
2025-12-15 20:45:11,202 | INFO |Entry EH79_1_Napthyl_acetate_0_chai: Single ligand detected. Running standard mode...
2025-12-15 20:45:32,927 | ERROR |CUDA OOM on EH79_1_Napthyl_acetate_0_chai.
2025-12-15 20:45:32,932 | INFO |Entry EH79_Ethyl_3_oxohexanoate_0_chai: Single ligand detected. Running standard mode...
2025-12-15 20:45:52,947 | ERROR |PLACER failed for EH79_Ethyl_3_oxohexanoate_0_chai: Traceback (most recent call last):
  File "/nvme2/helen/EnzymeStructuralFiltering/filterzyme/PLACER/run_PLACER.py", line 282, in <module>
    main(args)
  File "/nvme2/helen/EnzymeStructuralFiltering/filterzyme/PLACER/run_PLACER.py", line 196, in main
    outputs = placer.run(placer_input_iter, args.nsamples)
  File "/nvme2/helen/EnzymeStructuralFiltering/filterzyme/PLACER/PLACER.py", line 405, in run
    Xs,Ds,plDDTs,pDEVs = self.net()(**{k:item[k] for k in input_keys}, recycles=recycles, save_recycling_data=save_recycling_data)
  File "/home/helen/miniconda3/envs/placer_env/lib/python3.10/site-packages/torch/nn/modules/module.py", line 1532, in _wrapped_call_impl
    return self._call_impl(*args, **kwargs)
  File "/home/helen/miniconda3/envs/placer_env/lib/python3.10/site-packages/torch/nn/modules/module.py", line 1541, in _call_impl
    return forward_call(*args, **kwargs)
  File "/nvme2/helen/EnzymeStructuralFiltering/filterzyme/PLACER/modules/model.py", line 281, in forward
    single = self.init_single(f1d)
  File "/home/helen/miniconda3/envs/placer_env/lib/python3.10/site-packages/torch/nn/modules/module.py", line 1532, in _wrapped_call_impl
    return self._call_impl(*args, **kwargs)
  File "/home/helen/miniconda3/envs/placer_env/lib/python3.10/site-packages/torch/nn/modules/module.py", line 1541, in _call_impl
    return forward_call(*args, **kwargs)
  File "/nvme2/helen/EnzymeStructuralFiltering/filterzyme/PLACER/modules/model.py", line 155, in forward
    return self.net(f1d)
  File "/home/helen/miniconda3/envs/placer_env/lib/python3.10/site-packages/torch/nn/modules/module.py", line 1532, in _wrapped_call_impl
    return self._call_impl(*args, **kwargs)
  File "/home/helen/miniconda3/envs/placer_env/lib/python3.10/site-packages/torch/nn/modules/module.py", line 1541, in _call_impl
    return forward_call(*args, **kwargs)
  File "/home/helen/miniconda3/envs/placer_env/lib/python3.10/site-packages/torch/nn/modules/container.py", line 217, in forward
    input = module(input)
  File "/home/helen/miniconda3/envs/placer_env/lib/python3.10/site-packages/torch/nn/modules/module.py", line 1532, in _wrapped_call_impl
    return self._call_impl(*args, **kwargs)
  File "/home/helen/miniconda3/envs/placer_env/lib/python3.10/site-packages/torch/nn/modules/module.py", line 1541, in _call_impl
    return forward_call(*args, **kwargs)
  File "/home/helen/miniconda3/envs/placer_env/lib/python3.10/site-packages/torch/nn/modules/linear.py", line 116, in forward
    return F.linear(input, self.weight, self.bias)
RuntimeError: CUDA error: CUBLAS_STATUS_NOT_INITIALIZED when calling `cublasCreate(handle)`

2025-12-15 20:45:52,952 | INFO |Entry EH79_Geranyl_acetate_0_chai: Single ligand detected. Running standard mode...
2025-12-15 20:46:13,364 | ERROR |PLACER failed for EH79_Geranyl_acetate_0_chai: Traceback (most recent call last):
  File "/nvme2/helen/EnzymeStructuralFiltering/filterzyme/PLACER/run_PLACER.py", line 282, in <module>
    main(args)
  File "/nvme2/helen/EnzymeStructuralFiltering/filterzyme/PLACER/run_PLACER.py", line 196, in main
    outputs = placer.run(placer_input_iter, args.nsamples)
  File "/nvme2/helen/EnzymeStructuralFiltering/filterzyme/PLACER/PLACER.py", line 405, in run
    Xs,Ds,plDDTs,pDEVs = self.net()(**{k:item[k] for k in input_keys}, recycles=recycles, save_recycling_data=save_recycling_data)
  File "/home/helen/miniconda3/envs/placer_env/lib/python3.10/site-packages/torch/nn/modules/module.py", line 1532, in _wrapped_call_impl
    return self._call_impl(*args, **kwargs)
  File "/home/helen/miniconda3/envs/placer_env/lib/python3.10/site-packages/torch/nn/modules/module.py", line 1541, in _call_impl
    return forward_call(*args, **kwargs)
  File "/nvme2/helen/EnzymeStructuralFiltering/filterzyme/PLACER/modules/model.py", line 281, in forward
    single = self.init_single(f1d)
  File "/home/helen/miniconda3/envs/placer_env/lib/python3.10/site-packages/torch/nn/modules/module.py", line 1532, in _wrapped_call_impl
    return self._call_impl(*args, **kwargs)
  File "/home/helen/miniconda3/envs/placer_env/lib/python3.10/site-packages/torch/nn/modules/module.py", line 1541, in _call_impl
    return forward_call(*args, **kwargs)
  File "/nvme2/helen/EnzymeStructuralFiltering/filterzyme/PLACER/modules/model.py", line 155, in forward
    return self.net(f1d)
  File "/home/helen/miniconda3/envs/placer_env/lib/python3.10/site-packages/torch/nn/modules/module.py", line 1532, in _wrapped_call_impl
    return self._call_impl(*args, **kwargs)
  File "/home/helen/miniconda3/envs/placer_env/lib/python3.10/site-packages/torch/nn/modules/module.py", line 1541, in _call_impl
    return forward_call(*args, **kwargs)
  File "/home/helen/miniconda3/envs/placer_env/lib/python3.10/site-packages/torch/nn/modules/container.py", line 217, in forward
    input = module(input)
  File "/home/helen/miniconda3/envs/placer_env/lib/python3.10/site-packages/torch/nn/modules/module.py", line 1532, in _wrapped_call_impl
    return self._call_impl(*args, **kwargs)
  File "/home/helen/miniconda3/envs/placer_env/lib/python3.10/site-packages/torch/nn/modules/module.py", line 1541, in _call_impl
    return forward_call(*args, **kwargs)
  File "/home/helen/miniconda3/envs/placer_env/lib/python3.10/site-packages/torch/nn/modules/linear.py", line 116, in forward
    return F.linear(input, self.weight, self.bias)
RuntimeError: CUDA error: CUBLAS_STATUS_NOT_INITIALIZED when calling `cublasCreate(handle)`

2025-12-15 20:46:13,368 | INFO |Entry EH79_L_Pantolactone_0_chai: Single ligand detected. Running standard mode...
2025-12-15 20:46:34,423 | ERROR |PLACER failed for EH79_L_Pantolactone_0_chai: Traceback (most recent call last):
  File "/nvme2/helen/EnzymeStructuralFiltering/filterzyme/PLACER/run_PLACER.py", line 282, in <module>
    main(args)
  File "/nvme2/helen/EnzymeStructuralFiltering/filterzyme/PLACER/run_PLACER.py", line 196, in main
    outputs = placer.run(placer_input_iter, args.nsamples)
  File "/nvme2/helen/EnzymeStructuralFiltering/filterzyme/PLACER/PLACER.py", line 405, in run
    Xs,Ds,plDDTs,pDEVs = self.net()(**{k:item[k] for k in input_keys}, recycles=recycles, save_recycling_data=save_recycling_data)
  File "/home/helen/miniconda3/envs/placer_env/lib/python3.10/site-packages/torch/nn/modules/module.py", line 1532, in _wrapped_call_impl
    return self._call_impl(*args, **kwargs)
  File "/home/helen/miniconda3/envs/placer_env/lib/python3.10/site-packages/torch/nn/modules/module.py", line 1541, in _call_impl
    return forward_call(*args, **kwargs)
  File "/nvme2/helen/EnzymeStructuralFiltering/filterzyme/PLACER/modules/model.py", line 281, in forward
    single = self.init_single(f1d)
  File "/home/helen/miniconda3/envs/placer_env/lib/python3.10/site-packages/torch/nn/modules/module.py", line 1532, in _wrapped_call_impl
    return self._call_impl(*args, **kwargs)
  File "/home/helen/miniconda3/envs/placer_env/lib/python3.10/site-packages/torch/nn/modules/module.py", line 1541, in _call_impl
    return forward_call(*args, **kwargs)
  File "/nvme2/helen/EnzymeStructuralFiltering/filterzyme/PLACER/modules/model.py", line 155, in forward
    return self.net(f1d)
  File "/home/helen/miniconda3/envs/placer_env/lib/python3.10/site-packages/torch/nn/modules/module.py", line 1532, in _wrapped_call_impl
    return self._call_impl(*args, **kwargs)
  File "/home/helen/miniconda3/envs/placer_env/lib/python3.10/site-packages/torch/nn/modules/module.py", line 1541, in _call_impl
    return forward_call(*args, **kwargs)
  File "/home/helen/miniconda3/envs/placer_env/lib/python3.10/site-packages/torch/nn/modules/container.py", line 217, in forward
    input = module(input)
  File "/home/helen/miniconda3/envs/placer_env/lib/python3.10/site-packages/torch/nn/modules/module.py", line 1532, in _wrapped_call_impl
    return self._call_impl(*args, **kwargs)
  File "/home/helen/miniconda3/envs/placer_env/lib/python3.10/site-packages/torch/nn/modules/module.py", line 1541, in _call_impl
    return forward_call(*args, **kwargs)
  File "/home/helen/miniconda3/envs/placer_env/lib/python3.10/site-packages/torch/nn/modules/linear.py", line 116, in forward
    return F.linear(input, self.weight, self.bias)
RuntimeError: CUDA error: CUBLAS_STATUS_NOT_INITIALIZED when calling `cublasCreate(handle)`

2025-12-15 20:46:34,428 | INFO |Entry EH79_Vinyl_propionate_0_chai: Single ligand detected. Running standard mode...
2025-12-15 20:46:54,736 | ERROR |PLACER failed for EH79_Vinyl_propionate_0_chai: Traceback (most recent call last):
  File "/nvme2/helen/EnzymeStructuralFiltering/filterzyme/PLACER/run_PLACER.py", line 282, in <module>
    main(args)
  File "/nvme2/helen/EnzymeStructuralFiltering/filterzyme/PLACER/run_PLACER.py", line 196, in main
    outputs = placer.run(placer_input_iter, args.nsamples)
  File "/nvme2/helen/EnzymeStructuralFiltering/filterzyme/PLACER/PLACER.py", line 405, in run
    Xs,Ds,plDDTs,pDEVs = self.net()(**{k:item[k] for k in input_keys}, recycles=recycles, save_recycling_data=save_recycling_data)
  File "/home/helen/miniconda3/envs/placer_env/lib/python3.10/site-packages/torch/nn/modules/module.py", line 1532, in _wrapped_call_impl
    return self._call_impl(*args, **kwargs)
  File "/home/helen/miniconda3/envs/placer_env/lib/python3.10/site-packages/torch/nn/modules/module.py", line 1541, in _call_impl
    return forward_call(*args, **kwargs)
  File "/nvme2/helen/EnzymeStructuralFiltering/filterzyme/PLACER/modules/model.py", line 281, in forward
    single = self.init_single(f1d)
  File "/home/helen/miniconda3/envs/placer_env/lib/python3.10/site-packages/torch/nn/modules/module.py", line 1532, in _wrapped_call_impl
    return self._call_impl(*args, **kwargs)
  File "/home/helen/miniconda3/envs/placer_env/lib/python3.10/site-packages/torch/nn/modules/module.py", line 1541, in _call_impl
    return forward_call(*args, **kwargs)
  File "/nvme2/helen/EnzymeStructuralFiltering/filterzyme/PLACER/modules/model.py", line 155, in forward
    return self.net(f1d)
  File "/home/helen/miniconda3/envs/placer_env/lib/python3.10/site-packages/torch/nn/modules/module.py", line 1532, in _wrapped_call_impl
    return self._call_impl(*args, **kwargs)
  File "/home/helen/miniconda3/envs/placer_env/lib/python3.10/site-packages/torch/nn/modules/module.py", line 1541, in _call_impl
    return forward_call(*args, **kwargs)
  File "/home/helen/miniconda3/envs/placer_env/lib/python3.10/site-packages/torch/nn/modules/container.py", line 217, in forward
    input = module(input)
  File "/home/helen/miniconda3/envs/placer_env/lib/python3.10/site-packages/torch/nn/modules/module.py", line 1532, in _wrapped_call_impl
    return self._call_impl(*args, **kwargs)
  File "/home/helen/miniconda3/envs/placer_env/lib/python3.10/site-packages/torch/nn/modules/module.py", line 1541, in _call_impl
    return forward_call(*args, **kwargs)
  File "/home/helen/miniconda3/envs/placer_env/lib/python3.10/site-packages/torch/nn/modules/linear.py", line 116, in forward
    return F.linear(input, self.weight, self.bias)
RuntimeError: CUDA error: CUBLAS_STATUS_NOT_INITIALIZED when calling `cublasCreate(handle)`

2025-12-15 20:46:54,741 | INFO |Entry EH7_1_Napthyl_acetate_0_chai: Single ligand detected. Running standard mode...
2025-12-15 20:47:14,998 | ERROR |PLACER failed for EH7_1_Napthyl_acetate_0_chai: Traceback (most recent call last):
  File "/nvme2/helen/EnzymeStructuralFiltering/filterzyme/PLACER/run_PLACER.py", line 282, in <module>
    main(args)
  File "/nvme2/helen/EnzymeStructuralFiltering/filterzyme/PLACER/run_PLACER.py", line 196, in main
    outputs = placer.run(placer_input_iter, args.nsamples)
  File "/nvme2/helen/EnzymeStructuralFiltering/filterzyme/PLACER/PLACER.py", line 405, in run
    Xs,Ds,plDDTs,pDEVs = self.net()(**{k:item[k] for k in input_keys}, recycles=recycles, save_recycling_data=save_recycling_data)
  File "/home/helen/miniconda3/envs/placer_env/lib/python3.10/site-packages/torch/nn/modules/module.py", line 1532, in _wrapped_call_impl
    return self._call_impl(*args, **kwargs)
  File "/home/helen/miniconda3/envs/placer_env/lib/python3.10/site-packages/torch/nn/modules/module.py", line 1541, in _call_impl
    return forward_call(*args, **kwargs)
  File "/nvme2/helen/EnzymeStructuralFiltering/filterzyme/PLACER/modules/model.py", line 281, in forward
    single = self.init_single(f1d)
  File "/home/helen/miniconda3/envs/placer_env/lib/python3.10/site-packages/torch/nn/modules/module.py", line 1532, in _wrapped_call_impl
    return self._call_impl(*args, **kwargs)
  File "/home/helen/miniconda3/envs/placer_env/lib/python3.10/site-packages/torch/nn/modules/module.py", line 1541, in _call_impl
    return forward_call(*args, **kwargs)
  File "/nvme2/helen/EnzymeStructuralFiltering/filterzyme/PLACER/modules/model.py", line 155, in forward
    return self.net(f1d)
  File "/home/helen/miniconda3/envs/placer_env/lib/python3.10/site-packages/torch/nn/modules/module.py", line 1532, in _wrapped_call_impl
    return self._call_impl(*args, **kwargs)
  File "/home/helen/miniconda3/envs/placer_env/lib/python3.10/site-packages/torch/nn/modules/module.py", line 1541, in _call_impl
    return forward_call(*args, **kwargs)
  File "/home/helen/miniconda3/envs/placer_env/lib/python3.10/site-packages/torch/nn/modules/container.py", line 217, in forward
    input = module(input)
  File "/home/helen/miniconda3/envs/placer_env/lib/python3.10/site-packages/torch/nn/modules/module.py", line 1532, in _wrapped_call_impl
    return self._call_impl(*args, **kwargs)
  File "/home/helen/miniconda3/envs/placer_env/lib/python3.10/site-packages/torch/nn/modules/module.py", line 1541, in _call_impl
    return forward_call(*args, **kwargs)
  File "/home/helen/miniconda3/envs/placer_env/lib/python3.10/site-packages/torch/nn/modules/linear.py", line 116, in forward
    return F.linear(input, self.weight, self.bias)
RuntimeError: CUDA error: CUBLAS_STATUS_NOT_INITIALIZED when calling `cublasCreate(handle)`

2025-12-15 20:47:15,004 | INFO |Entry EH7_Ethyl_3_oxohexanoate_0_chai: Single ligand detected. Running standard mode...
2025-12-15 20:47:35,016 | ERROR |PLACER failed for EH7_Ethyl_3_oxohexanoate_0_chai: Traceback (most recent call last):
  File "/nvme2/helen/EnzymeStructuralFiltering/filterzyme/PLACER/run_PLACER.py", line 282, in <module>
    main(args)
  File "/nvme2/helen/EnzymeStructuralFiltering/filterzyme/PLACER/run_PLACER.py", line 196, in main
    outputs = placer.run(placer_input_iter, args.nsamples)
  File "/nvme2/helen/EnzymeStructuralFiltering/filterzyme/PLACER/PLACER.py", line 405, in run
    Xs,Ds,plDDTs,pDEVs = self.net()(**{k:item[k] for k in input_keys}, recycles=recycles, save_recycling_data=save_recycling_data)
  File "/home/helen/miniconda3/envs/placer_env/lib/python3.10/site-packages/torch/nn/modules/module.py", line 1532, in _wrapped_call_impl
    return self._call_impl(*args, **kwargs)
  File "/home/helen/miniconda3/envs/placer_env/lib/python3.10/site-packages/torch/nn/modules/module.py", line 1541, in _call_impl
    return forward_call(*args, **kwargs)
  File "/nvme2/helen/EnzymeStructuralFiltering/filterzyme/PLACER/modules/model.py", line 281, in forward
    single = self.init_single(f1d)
  File "/home/helen/miniconda3/envs/placer_env/lib/python3.10/site-packages/torch/nn/modules/module.py", line 1532, in _wrapped_call_impl
    return self._call_impl(*args, **kwargs)
  File "/home/helen/miniconda3/envs/placer_env/lib/python3.10/site-packages/torch/nn/modules/module.py", line 1541, in _call_impl
    return forward_call(*args, **kwargs)
  File "/nvme2/helen/EnzymeStructuralFiltering/filterzyme/PLACER/modules/model.py", line 155, in forward
    return self.net(f1d)
  File "/home/helen/miniconda3/envs/placer_env/lib/python3.10/site-packages/torch/nn/modules/module.py", line 1532, in _wrapped_call_impl
    return self._call_impl(*args, **kwargs)
  File "/home/helen/miniconda3/envs/placer_env/lib/python3.10/site-packages/torch/nn/modules/module.py", line 1541, in _call_impl
    return forward_call(*args, **kwargs)
  File "/home/helen/miniconda3/envs/placer_env/lib/python3.10/site-packages/torch/nn/modules/container.py", line 217, in forward
    input = module(input)
  File "/home/helen/miniconda3/envs/placer_env/lib/python3.10/site-packages/torch/nn/modules/module.py", line 1532, in _wrapped_call_impl
    return self._call_impl(*args, **kwargs)
  File "/home/helen/miniconda3/envs/placer_env/lib/python3.10/site-packages/torch/nn/modules/module.py", line 1541, in _call_impl
    return forward_call(*args, **kwargs)
  File "/home/helen/miniconda3/envs/placer_env/lib/python3.10/site-packages/torch/nn/modules/linear.py", line 116, in forward
    return F.linear(input, self.weight, self.bias)
RuntimeError: CUDA error: CUBLAS_STATUS_NOT_INITIALIZED when calling `cublasCreate(handle)`

2025-12-15 20:47:35,021 | INFO |Entry EH7_Geranyl_acetate_0_chai: Single ligand detected. Running standard mode...
2025-12-15 20:47:55,387 | ERROR |PLACER failed for EH7_Geranyl_acetate_0_chai: Traceback (most recent call last):
  File "/nvme2/helen/EnzymeStructuralFiltering/filterzyme/PLACER/run_PLACER.py", line 282, in <module>
    main(args)
  File "/nvme2/helen/EnzymeStructuralFiltering/filterzyme/PLACER/run_PLACER.py", line 196, in main
    outputs = placer.run(placer_input_iter, args.nsamples)
  File "/nvme2/helen/EnzymeStructuralFiltering/filterzyme/PLACER/PLACER.py", line 405, in run
    Xs,Ds,plDDTs,pDEVs = self.net()(**{k:item[k] for k in input_keys}, recycles=recycles, save_recycling_data=save_recycling_data)
  File "/home/helen/miniconda3/envs/placer_env/lib/python3.10/site-packages/torch/nn/modules/module.py", line 1532, in _wrapped_call_impl
    return self._call_impl(*args, **kwargs)
  File "/home/helen/miniconda3/envs/placer_env/lib/python3.10/site-packages/torch/nn/modules/module.py", line 1541, in _call_impl
    return forward_call(*args, **kwargs)
  File "/nvme2/helen/EnzymeStructuralFiltering/filterzyme/PLACER/modules/model.py", line 281, in forward
    single = self.init_single(f1d)
  File "/home/helen/miniconda3/envs/placer_env/lib/python3.10/site-packages/torch/nn/modules/module.py", line 1532, in _wrapped_call_impl
    return self._call_impl(*args, **kwargs)
  File "/home/helen/miniconda3/envs/placer_env/lib/python3.10/site-packages/torch/nn/modules/module.py", line 1541, in _call_impl
    return forward_call(*args, **kwargs)
  File "/nvme2/helen/EnzymeStructuralFiltering/filterzyme/PLACER/modules/model.py", line 155, in forward
    return self.net(f1d)
  File "/home/helen/miniconda3/envs/placer_env/lib/python3.10/site-packages/torch/nn/modules/module.py", line 1532, in _wrapped_call_impl
    return self._call_impl(*args, **kwargs)
  File "/home/helen/miniconda3/envs/placer_env/lib/python3.10/site-packages/torch/nn/modules/module.py", line 1541, in _call_impl
    return forward_call(*args, **kwargs)
  File "/home/helen/miniconda3/envs/placer_env/lib/python3.10/site-packages/torch/nn/modules/container.py", line 217, in forward
    input = module(input)
  File "/home/helen/miniconda3/envs/placer_env/lib/python3.10/site-packages/torch/nn/modules/module.py", line 1532, in _wrapped_call_impl
    return self._call_impl(*args, **kwargs)
  File "/home/helen/miniconda3/envs/placer_env/lib/python3.10/site-packages/torch/nn/modules/module.py", line 1541, in _call_impl
    return forward_call(*args, **kwargs)
  File "/home/helen/miniconda3/envs/placer_env/lib/python3.10/site-packages/torch/nn/modules/linear.py", line 116, in forward
    return F.linear(input, self.weight, self.bias)
RuntimeError: CUDA error: CUBLAS_STATUS_NOT_INITIALIZED when calling `cublasCreate(handle)`

2025-12-15 20:47:55,392 | INFO |Entry EH7_L_Pantolactone_0_chai: Single ligand detected. Running standard mode...
2025-12-15 20:51:09,360 | INFO |Entry EH7_Vinyl_propionate_0_chai: Single ligand detected. Running standard mode...
2025-12-15 20:54:25,946 | INFO |Entry EH80_1_Napthyl_acetate_0_chai: Single ligand detected. Running standard mode...
2025-12-15 20:57:38,814 | INFO |Entry EH80_Ethyl_3_oxohexanoate_0_chai: Single ligand detected. Running standard mode...
2025-12-15 21:00:52,971 | INFO |Entry EH80_Geranyl_acetate_0_chai: Single ligand detected. Running standard mode...
2025-12-15 21:01:14,162 | ERROR |PLACER failed for EH80_Geranyl_acetate_0_chai: Traceback (most recent call last):
  File "/nvme2/helen/EnzymeStructuralFiltering/filterzyme/PLACER/run_PLACER.py", line 282, in <module>
    main(args)
  File "/nvme2/helen/EnzymeStructuralFiltering/filterzyme/PLACER/run_PLACER.py", line 196, in main
    outputs = placer.run(placer_input_iter, args.nsamples)
  File "/nvme2/helen/EnzymeStructuralFiltering/filterzyme/PLACER/PLACER.py", line 405, in run
    Xs,Ds,plDDTs,pDEVs = self.net()(**{k:item[k] for k in input_keys}, recycles=recycles, save_recycling_data=save_recycling_data)
  File "/home/helen/miniconda3/envs/placer_env/lib/python3.10/site-packages/torch/nn/modules/module.py", line 1532, in _wrapped_call_impl
    return self._call_impl(*args, **kwargs)
  File "/home/helen/miniconda3/envs/placer_env/lib/python3.10/site-packages/torch/nn/modules/module.py", line 1541, in _call_impl
    return forward_call(*args, **kwargs)
  File "/nvme2/helen/EnzymeStructuralFiltering/filterzyme/PLACER/modules/model.py", line 281, in forward
    single = self.init_single(f1d)
  File "/home/helen/miniconda3/envs/placer_env/lib/python3.10/site-packages/torch/nn/modules/module.py", line 1532, in _wrapped_call_impl
    return self._call_impl(*args, **kwargs)
  File "/home/helen/miniconda3/envs/placer_env/lib/python3.10/site-packages/torch/nn/modules/module.py", line 1541, in _call_impl
    return forward_call(*args, **kwargs)
  File "/nvme2/helen/EnzymeStructuralFiltering/filterzyme/PLACER/modules/model.py", line 155, in forward
    return self.net(f1d)
  File "/home/helen/miniconda3/envs/placer_env/lib/python3.10/site-packages/torch/nn/modules/module.py", line 1532, in _wrapped_call_impl
    return self._call_impl(*args, **kwargs)
  File "/home/helen/miniconda3/envs/placer_env/lib/python3.10/site-packages/torch/nn/modules/module.py", line 1541, in _call_impl
    return forward_call(*args, **kwargs)
  File "/home/helen/miniconda3/envs/placer_env/lib/python3.10/site-packages/torch/nn/modules/container.py", line 217, in forward
    input = module(input)
  File "/home/helen/miniconda3/envs/placer_env/lib/python3.10/site-packages/torch/nn/modules/module.py", line 1532, in _wrapped_call_impl
    return self._call_impl(*args, **kwargs)
  File "/home/helen/miniconda3/envs/placer_env/lib/python3.10/site-packages/torch/nn/modules/module.py", line 1541, in _call_impl
    return forward_call(*args, **kwargs)
  File "/home/helen/miniconda3/envs/placer_env/lib/python3.10/site-packages/torch/nn/modules/linear.py", line 116, in forward
    return F.linear(input, self.weight, self.bias)
RuntimeError: CUDA error: CUBLAS_STATUS_NOT_INITIALIZED when calling `cublasCreate(handle)`

2025-12-15 21:01:14,167 | INFO |Entry EH80_L_Pantolactone_0_chai: Single ligand detected. Running standard mode...
2025-12-15 21:01:38,718 | ERROR |PLACER failed for EH80_L_Pantolactone_0_chai: Traceback (most recent call last):
  File "/nvme2/helen/EnzymeStructuralFiltering/filterzyme/PLACER/run_PLACER.py", line 282, in <module>
    main(args)
  File "/nvme2/helen/EnzymeStructuralFiltering/filterzyme/PLACER/run_PLACER.py", line 196, in main
    outputs = placer.run(placer_input_iter, args.nsamples)
  File "/nvme2/helen/EnzymeStructuralFiltering/filterzyme/PLACER/PLACER.py", line 405, in run
    Xs,Ds,plDDTs,pDEVs = self.net()(**{k:item[k] for k in input_keys}, recycles=recycles, save_recycling_data=save_recycling_data)
  File "/home/helen/miniconda3/envs/placer_env/lib/python3.10/site-packages/torch/nn/modules/module.py", line 1532, in _wrapped_call_impl
    return self._call_impl(*args, **kwargs)
  File "/home/helen/miniconda3/envs/placer_env/lib/python3.10/site-packages/torch/nn/modules/module.py", line 1541, in _call_impl
    return forward_call(*args, **kwargs)
  File "/nvme2/helen/EnzymeStructuralFiltering/filterzyme/PLACER/modules/model.py", line 281, in forward
    single = self.init_single(f1d)
  File "/home/helen/miniconda3/envs/placer_env/lib/python3.10/site-packages/torch/nn/modules/module.py", line 1532, in _wrapped_call_impl
    return self._call_impl(*args, **kwargs)
  File "/home/helen/miniconda3/envs/placer_env/lib/python3.10/site-packages/torch/nn/modules/module.py", line 1541, in _call_impl
    return forward_call(*args, **kwargs)
  File "/nvme2/helen/EnzymeStructuralFiltering/filterzyme/PLACER/modules/model.py", line 155, in forward
    return self.net(f1d)
  File "/home/helen/miniconda3/envs/placer_env/lib/python3.10/site-packages/torch/nn/modules/module.py", line 1532, in _wrapped_call_impl
    return self._call_impl(*args, **kwargs)
  File "/home/helen/miniconda3/envs/placer_env/lib/python3.10/site-packages/torch/nn/modules/module.py", line 1541, in _call_impl
    return forward_call(*args, **kwargs)
  File "/home/helen/miniconda3/envs/placer_env/lib/python3.10/site-packages/torch/nn/modules/container.py", line 217, in forward
    input = module(input)
  File "/home/helen/miniconda3/envs/placer_env/lib/python3.10/site-packages/torch/nn/modules/module.py", line 1532, in _wrapped_call_impl
    return self._call_impl(*args, **kwargs)
  File "/home/helen/miniconda3/envs/placer_env/lib/python3.10/site-packages/torch/nn/modules/module.py", line 1541, in _call_impl
    return forward_call(*args, **kwargs)
  File "/home/helen/miniconda3/envs/placer_env/lib/python3.10/site-packages/torch/nn/modules/linear.py", line 116, in forward
    return F.linear(input, self.weight, self.bias)
RuntimeError: CUDA error: CUBLAS_STATUS_NOT_INITIALIZED when calling `cublasCreate(handle)`

2025-12-15 21:01:38,722 | INFO |Entry EH80_Vinyl_propionate_0_chai: Single ligand detected. Running standard mode...
2025-12-15 21:02:03,353 | ERROR |PLACER failed for EH80_Vinyl_propionate_0_chai: Traceback (most recent call last):
  File "/nvme2/helen/EnzymeStructuralFiltering/filterzyme/PLACER/run_PLACER.py", line 282, in <module>
    main(args)
  File "/nvme2/helen/EnzymeStructuralFiltering/filterzyme/PLACER/run_PLACER.py", line 196, in main
    outputs = placer.run(placer_input_iter, args.nsamples)
  File "/nvme2/helen/EnzymeStructuralFiltering/filterzyme/PLACER/PLACER.py", line 405, in run
    Xs,Ds,plDDTs,pDEVs = self.net()(**{k:item[k] for k in input_keys}, recycles=recycles, save_recycling_data=save_recycling_data)
  File "/home/helen/miniconda3/envs/placer_env/lib/python3.10/site-packages/torch/nn/modules/module.py", line 1532, in _wrapped_call_impl
    return self._call_impl(*args, **kwargs)
  File "/home/helen/miniconda3/envs/placer_env/lib/python3.10/site-packages/torch/nn/modules/module.py", line 1541, in _call_impl
    return forward_call(*args, **kwargs)
  File "/nvme2/helen/EnzymeStructuralFiltering/filterzyme/PLACER/modules/model.py", line 281, in forward
    single = self.init_single(f1d)
  File "/home/helen/miniconda3/envs/placer_env/lib/python3.10/site-packages/torch/nn/modules/module.py", line 1532, in _wrapped_call_impl
    return self._call_impl(*args, **kwargs)
  File "/home/helen/miniconda3/envs/placer_env/lib/python3.10/site-packages/torch/nn/modules/module.py", line 1541, in _call_impl
    return forward_call(*args, **kwargs)
  File "/nvme2/helen/EnzymeStructuralFiltering/filterzyme/PLACER/modules/model.py", line 155, in forward
    return self.net(f1d)
  File "/home/helen/miniconda3/envs/placer_env/lib/python3.10/site-packages/torch/nn/modules/module.py", line 1532, in _wrapped_call_impl
    return self._call_impl(*args, **kwargs)
  File "/home/helen/miniconda3/envs/placer_env/lib/python3.10/site-packages/torch/nn/modules/module.py", line 1541, in _call_impl
    return forward_call(*args, **kwargs)
  File "/home/helen/miniconda3/envs/placer_env/lib/python3.10/site-packages/torch/nn/modules/container.py", line 217, in forward
    input = module(input)
  File "/home/helen/miniconda3/envs/placer_env/lib/python3.10/site-packages/torch/nn/modules/module.py", line 1532, in _wrapped_call_impl
    return self._call_impl(*args, **kwargs)
  File "/home/helen/miniconda3/envs/placer_env/lib/python3.10/site-packages/torch/nn/modules/module.py", line 1541, in _call_impl
    return forward_call(*args, **kwargs)
  File "/home/helen/miniconda3/envs/placer_env/lib/python3.10/site-packages/torch/nn/modules/linear.py", line 116, in forward
    return F.linear(input, self.weight, self.bias)
RuntimeError: CUDA error: CUBLAS_STATUS_NOT_INITIALIZED when calling `cublasCreate(handle)`

2025-12-15 21:02:03,358 | INFO |Entry EH81_1_Napthyl_acetate_0_chai: Single ligand detected. Running standard mode...
2025-12-15 21:02:28,172 | ERROR |PLACER failed for EH81_1_Napthyl_acetate_0_chai: Traceback (most recent call last):
  File "/nvme2/helen/EnzymeStructuralFiltering/filterzyme/PLACER/run_PLACER.py", line 282, in <module>
    main(args)
  File "/nvme2/helen/EnzymeStructuralFiltering/filterzyme/PLACER/run_PLACER.py", line 196, in main
    outputs = placer.run(placer_input_iter, args.nsamples)
  File "/nvme2/helen/EnzymeStructuralFiltering/filterzyme/PLACER/PLACER.py", line 405, in run
    Xs,Ds,plDDTs,pDEVs = self.net()(**{k:item[k] for k in input_keys}, recycles=recycles, save_recycling_data=save_recycling_data)
  File "/home/helen/miniconda3/envs/placer_env/lib/python3.10/site-packages/torch/nn/modules/module.py", line 1532, in _wrapped_call_impl
    return self._call_impl(*args, **kwargs)
  File "/home/helen/miniconda3/envs/placer_env/lib/python3.10/site-packages/torch/nn/modules/module.py", line 1541, in _call_impl
    return forward_call(*args, **kwargs)
  File "/nvme2/helen/EnzymeStructuralFiltering/filterzyme/PLACER/modules/model.py", line 281, in forward
    single = self.init_single(f1d)
  File "/home/helen/miniconda3/envs/placer_env/lib/python3.10/site-packages/torch/nn/modules/module.py", line 1532, in _wrapped_call_impl
    return self._call_impl(*args, **kwargs)
  File "/home/helen/miniconda3/envs/placer_env/lib/python3.10/site-packages/torch/nn/modules/module.py", line 1541, in _call_impl
    return forward_call(*args, **kwargs)
  File "/nvme2/helen/EnzymeStructuralFiltering/filterzyme/PLACER/modules/model.py", line 155, in forward
    return self.net(f1d)
  File "/home/helen/miniconda3/envs/placer_env/lib/python3.10/site-packages/torch/nn/modules/module.py", line 1532, in _wrapped_call_impl
    return self._call_impl(*args, **kwargs)
  File "/home/helen/miniconda3/envs/placer_env/lib/python3.10/site-packages/torch/nn/modules/module.py", line 1541, in _call_impl
    return forward_call(*args, **kwargs)
  File "/home/helen/miniconda3/envs/placer_env/lib/python3.10/site-packages/torch/nn/modules/container.py", line 217, in forward
    input = module(input)
  File "/home/helen/miniconda3/envs/placer_env/lib/python3.10/site-packages/torch/nn/modules/module.py", line 1532, in _wrapped_call_impl
    return self._call_impl(*args, **kwargs)
  File "/home/helen/miniconda3/envs/placer_env/lib/python3.10/site-packages/torch/nn/modules/module.py", line 1541, in _call_impl
    return forward_call(*args, **kwargs)
  File "/home/helen/miniconda3/envs/placer_env/lib/python3.10/site-packages/torch/nn/modules/linear.py", line 116, in forward
    return F.linear(input, self.weight, self.bias)
RuntimeError: CUDA error: CUBLAS_STATUS_NOT_INITIALIZED when calling `cublasCreate(handle)`

2025-12-15 21:02:28,177 | INFO |Entry EH81_Ethyl_3_oxohexanoate_0_chai: Single ligand detected. Running standard mode...
2025-12-15 21:02:53,259 | ERROR |PLACER failed for EH81_Ethyl_3_oxohexanoate_0_chai: Traceback (most recent call last):
  File "/nvme2/helen/EnzymeStructuralFiltering/filterzyme/PLACER/run_PLACER.py", line 282, in <module>
    main(args)
  File "/nvme2/helen/EnzymeStructuralFiltering/filterzyme/PLACER/run_PLACER.py", line 196, in main
    outputs = placer.run(placer_input_iter, args.nsamples)
  File "/nvme2/helen/EnzymeStructuralFiltering/filterzyme/PLACER/PLACER.py", line 405, in run
    Xs,Ds,plDDTs,pDEVs = self.net()(**{k:item[k] for k in input_keys}, recycles=recycles, save_recycling_data=save_recycling_data)
  File "/home/helen/miniconda3/envs/placer_env/lib/python3.10/site-packages/torch/nn/modules/module.py", line 1532, in _wrapped_call_impl
    return self._call_impl(*args, **kwargs)
  File "/home/helen/miniconda3/envs/placer_env/lib/python3.10/site-packages/torch/nn/modules/module.py", line 1541, in _call_impl
    return forward_call(*args, **kwargs)
  File "/nvme2/helen/EnzymeStructuralFiltering/filterzyme/PLACER/modules/model.py", line 281, in forward
    single = self.init_single(f1d)
  File "/home/helen/miniconda3/envs/placer_env/lib/python3.10/site-packages/torch/nn/modules/module.py", line 1532, in _wrapped_call_impl
    return self._call_impl(*args, **kwargs)
  File "/home/helen/miniconda3/envs/placer_env/lib/python3.10/site-packages/torch/nn/modules/module.py", line 1541, in _call_impl
    return forward_call(*args, **kwargs)
  File "/nvme2/helen/EnzymeStructuralFiltering/filterzyme/PLACER/modules/model.py", line 155, in forward
    return self.net(f1d)
  File "/home/helen/miniconda3/envs/placer_env/lib/python3.10/site-packages/torch/nn/modules/module.py", line 1532, in _wrapped_call_impl
    return self._call_impl(*args, **kwargs)
  File "/home/helen/miniconda3/envs/placer_env/lib/python3.10/site-packages/torch/nn/modules/module.py", line 1541, in _call_impl
    return forward_call(*args, **kwargs)
  File "/home/helen/miniconda3/envs/placer_env/lib/python3.10/site-packages/torch/nn/modules/container.py", line 217, in forward
    input = module(input)
  File "/home/helen/miniconda3/envs/placer_env/lib/python3.10/site-packages/torch/nn/modules/module.py", line 1532, in _wrapped_call_impl
    return self._call_impl(*args, **kwargs)
  File "/home/helen/miniconda3/envs/placer_env/lib/python3.10/site-packages/torch/nn/modules/module.py", line 1541, in _call_impl
    return forward_call(*args, **kwargs)
  File "/home/helen/miniconda3/envs/placer_env/lib/python3.10/site-packages/torch/nn/modules/linear.py", line 116, in forward
    return F.linear(input, self.weight, self.bias)
RuntimeError: CUDA error: CUBLAS_STATUS_NOT_INITIALIZED when calling `cublasCreate(handle)`

2025-12-15 21:02:53,264 | INFO |Entry EH81_Geranyl_acetate_0_chai: Single ligand detected. Running standard mode...
2025-12-15 21:06:11,928 | INFO |Entry EH81_L_Pantolactone_0_chai: Single ligand detected. Running standard mode...
2025-12-15 21:06:32,052 | ERROR |CUDA OOM on EH81_L_Pantolactone_0_chai.
2025-12-15 21:06:32,056 | INFO |Entry EH81_Vinyl_propionate_0_chai: Single ligand detected. Running standard mode...
2025-12-15 21:09:50,939 | INFO |Entry EH82_1_Napthyl_acetate_0_chai: Single ligand detected. Running standard mode...
2025-12-15 21:13:06,110 | INFO |Entry EH82_Ethyl_3_oxohexanoate_0_chai: Single ligand detected. Running standard mode...
2025-12-15 21:13:26,875 | ERROR |CUDA OOM on EH82_Ethyl_3_oxohexanoate_0_chai.
2025-12-15 21:13:26,879 | INFO |Entry EH82_Geranyl_acetate_0_chai: Single ligand detected. Running standard mode...
2025-12-15 21:13:48,644 | ERROR |PLACER failed for EH82_Geranyl_acetate_0_chai: Traceback (most recent call last):
  File "/nvme2/helen/EnzymeStructuralFiltering/filterzyme/PLACER/run_PLACER.py", line 282, in <module>
    main(args)
  File "/nvme2/helen/EnzymeStructuralFiltering/filterzyme/PLACER/run_PLACER.py", line 196, in main
    outputs = placer.run(placer_input_iter, args.nsamples)
  File "/nvme2/helen/EnzymeStructuralFiltering/filterzyme/PLACER/PLACER.py", line 405, in run
    Xs,Ds,plDDTs,pDEVs = self.net()(**{k:item[k] for k in input_keys}, recycles=recycles, save_recycling_data=save_recycling_data)
  File "/home/helen/miniconda3/envs/placer_env/lib/python3.10/site-packages/torch/nn/modules/module.py", line 1532, in _wrapped_call_impl
    return self._call_impl(*args, **kwargs)
  File "/home/helen/miniconda3/envs/placer_env/lib/python3.10/site-packages/torch/nn/modules/module.py", line 1541, in _call_impl
    return forward_call(*args, **kwargs)
  File "/nvme2/helen/EnzymeStructuralFiltering/filterzyme/PLACER/modules/model.py", line 281, in forward
    single = self.init_single(f1d)
  File "/home/helen/miniconda3/envs/placer_env/lib/python3.10/site-packages/torch/nn/modules/module.py", line 1532, in _wrapped_call_impl
    return self._call_impl(*args, **kwargs)
  File "/home/helen/miniconda3/envs/placer_env/lib/python3.10/site-packages/torch/nn/modules/module.py", line 1541, in _call_impl
    return forward_call(*args, **kwargs)
  File "/nvme2/helen/EnzymeStructuralFiltering/filterzyme/PLACER/modules/model.py", line 155, in forward
    return self.net(f1d)
  File "/home/helen/miniconda3/envs/placer_env/lib/python3.10/site-packages/torch/nn/modules/module.py", line 1532, in _wrapped_call_impl
    return self._call_impl(*args, **kwargs)
  File "/home/helen/miniconda3/envs/placer_env/lib/python3.10/site-packages/torch/nn/modules/module.py", line 1541, in _call_impl
    return forward_call(*args, **kwargs)
  File "/home/helen/miniconda3/envs/placer_env/lib/python3.10/site-packages/torch/nn/modules/container.py", line 217, in forward
    input = module(input)
  File "/home/helen/miniconda3/envs/placer_env/lib/python3.10/site-packages/torch/nn/modules/module.py", line 1532, in _wrapped_call_impl
    return self._call_impl(*args, **kwargs)
  File "/home/helen/miniconda3/envs/placer_env/lib/python3.10/site-packages/torch/nn/modules/module.py", line 1541, in _call_impl
    return forward_call(*args, **kwargs)
  File "/home/helen/miniconda3/envs/placer_env/lib/python3.10/site-packages/torch/nn/modules/linear.py", line 116, in forward
    return F.linear(input, self.weight, self.bias)
RuntimeError: CUDA error: CUBLAS_STATUS_NOT_INITIALIZED when calling `cublasCreate(handle)`

2025-12-15 21:13:48,648 | INFO |Entry EH82_L_Pantolactone_0_chai: Single ligand detected. Running standard mode...
2025-12-15 21:14:10,089 | ERROR |PLACER failed for EH82_L_Pantolactone_0_chai: Traceback (most recent call last):
  File "/nvme2/helen/EnzymeStructuralFiltering/filterzyme/PLACER/run_PLACER.py", line 282, in <module>
    main(args)
  File "/nvme2/helen/EnzymeStructuralFiltering/filterzyme/PLACER/run_PLACER.py", line 196, in main
    outputs = placer.run(placer_input_iter, args.nsamples)
  File "/nvme2/helen/EnzymeStructuralFiltering/filterzyme/PLACER/PLACER.py", line 405, in run
    Xs,Ds,plDDTs,pDEVs = self.net()(**{k:item[k] for k in input_keys}, recycles=recycles, save_recycling_data=save_recycling_data)
  File "/home/helen/miniconda3/envs/placer_env/lib/python3.10/site-packages/torch/nn/modules/module.py", line 1532, in _wrapped_call_impl
    return self._call_impl(*args, **kwargs)
  File "/home/helen/miniconda3/envs/placer_env/lib/python3.10/site-packages/torch/nn/modules/module.py", line 1541, in _call_impl
    return forward_call(*args, **kwargs)
  File "/nvme2/helen/EnzymeStructuralFiltering/filterzyme/PLACER/modules/model.py", line 281, in forward
    single = self.init_single(f1d)
  File "/home/helen/miniconda3/envs/placer_env/lib/python3.10/site-packages/torch/nn/modules/module.py", line 1532, in _wrapped_call_impl
    return self._call_impl(*args, **kwargs)
  File "/home/helen/miniconda3/envs/placer_env/lib/python3.10/site-packages/torch/nn/modules/module.py", line 1541, in _call_impl
    return forward_call(*args, **kwargs)
  File "/nvme2/helen/EnzymeStructuralFiltering/filterzyme/PLACER/modules/model.py", line 155, in forward
    return self.net(f1d)
  File "/home/helen/miniconda3/envs/placer_env/lib/python3.10/site-packages/torch/nn/modules/module.py", line 1532, in _wrapped_call_impl
    return self._call_impl(*args, **kwargs)
  File "/home/helen/miniconda3/envs/placer_env/lib/python3.10/site-packages/torch/nn/modules/module.py", line 1541, in _call_impl
    return forward_call(*args, **kwargs)
  File "/home/helen/miniconda3/envs/placer_env/lib/python3.10/site-packages/torch/nn/modules/container.py", line 217, in forward
    input = module(input)
  File "/home/helen/miniconda3/envs/placer_env/lib/python3.10/site-packages/torch/nn/modules/module.py", line 1532, in _wrapped_call_impl
    return self._call_impl(*args, **kwargs)
  File "/home/helen/miniconda3/envs/placer_env/lib/python3.10/site-packages/torch/nn/modules/module.py", line 1541, in _call_impl
    return forward_call(*args, **kwargs)
  File "/home/helen/miniconda3/envs/placer_env/lib/python3.10/site-packages/torch/nn/modules/linear.py", line 116, in forward
    return F.linear(input, self.weight, self.bias)
RuntimeError: CUDA error: CUBLAS_STATUS_NOT_INITIALIZED when calling `cublasCreate(handle)`

2025-12-15 21:14:10,095 | INFO |Entry EH82_Vinyl_propionate_0_chai: Single ligand detected. Running standard mode...
2025-12-15 21:14:31,254 | ERROR |PLACER failed for EH82_Vinyl_propionate_0_chai: Traceback (most recent call last):
  File "/nvme2/helen/EnzymeStructuralFiltering/filterzyme/PLACER/run_PLACER.py", line 282, in <module>
    main(args)
  File "/nvme2/helen/EnzymeStructuralFiltering/filterzyme/PLACER/run_PLACER.py", line 196, in main
    outputs = placer.run(placer_input_iter, args.nsamples)
  File "/nvme2/helen/EnzymeStructuralFiltering/filterzyme/PLACER/PLACER.py", line 405, in run
    Xs,Ds,plDDTs,pDEVs = self.net()(**{k:item[k] for k in input_keys}, recycles=recycles, save_recycling_data=save_recycling_data)
  File "/home/helen/miniconda3/envs/placer_env/lib/python3.10/site-packages/torch/nn/modules/module.py", line 1532, in _wrapped_call_impl
    return self._call_impl(*args, **kwargs)
  File "/home/helen/miniconda3/envs/placer_env/lib/python3.10/site-packages/torch/nn/modules/module.py", line 1541, in _call_impl
    return forward_call(*args, **kwargs)
  File "/nvme2/helen/EnzymeStructuralFiltering/filterzyme/PLACER/modules/model.py", line 281, in forward
    single = self.init_single(f1d)
  File "/home/helen/miniconda3/envs/placer_env/lib/python3.10/site-packages/torch/nn/modules/module.py", line 1532, in _wrapped_call_impl
    return self._call_impl(*args, **kwargs)
  File "/home/helen/miniconda3/envs/placer_env/lib/python3.10/site-packages/torch/nn/modules/module.py", line 1541, in _call_impl
    return forward_call(*args, **kwargs)
  File "/nvme2/helen/EnzymeStructuralFiltering/filterzyme/PLACER/modules/model.py", line 155, in forward
    return self.net(f1d)
  File "/home/helen/miniconda3/envs/placer_env/lib/python3.10/site-packages/torch/nn/modules/module.py", line 1532, in _wrapped_call_impl
    return self._call_impl(*args, **kwargs)
  File "/home/helen/miniconda3/envs/placer_env/lib/python3.10/site-packages/torch/nn/modules/module.py", line 1541, in _call_impl
    return forward_call(*args, **kwargs)
  File "/home/helen/miniconda3/envs/placer_env/lib/python3.10/site-packages/torch/nn/modules/container.py", line 217, in forward
    input = module(input)
  File "/home/helen/miniconda3/envs/placer_env/lib/python3.10/site-packages/torch/nn/modules/module.py", line 1532, in _wrapped_call_impl
    return self._call_impl(*args, **kwargs)
  File "/home/helen/miniconda3/envs/placer_env/lib/python3.10/site-packages/torch/nn/modules/module.py", line 1541, in _call_impl
    return forward_call(*args, **kwargs)
  File "/home/helen/miniconda3/envs/placer_env/lib/python3.10/site-packages/torch/nn/modules/linear.py", line 116, in forward
    return F.linear(input, self.weight, self.bias)
RuntimeError: CUDA error: CUBLAS_STATUS_NOT_INITIALIZED when calling `cublasCreate(handle)`

2025-12-15 21:14:31,259 | INFO |Entry EH83_1_Napthyl_acetate_0_chai: Single ligand detected. Running standard mode...
2025-12-15 21:14:52,535 | ERROR |PLACER failed for EH83_1_Napthyl_acetate_0_chai: Traceback (most recent call last):
  File "/nvme2/helen/EnzymeStructuralFiltering/filterzyme/PLACER/run_PLACER.py", line 282, in <module>
    main(args)
  File "/nvme2/helen/EnzymeStructuralFiltering/filterzyme/PLACER/run_PLACER.py", line 196, in main
    outputs = placer.run(placer_input_iter, args.nsamples)
  File "/nvme2/helen/EnzymeStructuralFiltering/filterzyme/PLACER/PLACER.py", line 405, in run
    Xs,Ds,plDDTs,pDEVs = self.net()(**{k:item[k] for k in input_keys}, recycles=recycles, save_recycling_data=save_recycling_data)
  File "/home/helen/miniconda3/envs/placer_env/lib/python3.10/site-packages/torch/nn/modules/module.py", line 1532, in _wrapped_call_impl
    return self._call_impl(*args, **kwargs)
  File "/home/helen/miniconda3/envs/placer_env/lib/python3.10/site-packages/torch/nn/modules/module.py", line 1541, in _call_impl
    return forward_call(*args, **kwargs)
  File "/nvme2/helen/EnzymeStructuralFiltering/filterzyme/PLACER/modules/model.py", line 281, in forward
    single = self.init_single(f1d)
  File "/home/helen/miniconda3/envs/placer_env/lib/python3.10/site-packages/torch/nn/modules/module.py", line 1532, in _wrapped_call_impl
    return self._call_impl(*args, **kwargs)
  File "/home/helen/miniconda3/envs/placer_env/lib/python3.10/site-packages/torch/nn/modules/module.py", line 1541, in _call_impl
    return forward_call(*args, **kwargs)
  File "/nvme2/helen/EnzymeStructuralFiltering/filterzyme/PLACER/modules/model.py", line 155, in forward
    return self.net(f1d)
  File "/home/helen/miniconda3/envs/placer_env/lib/python3.10/site-packages/torch/nn/modules/module.py", line 1532, in _wrapped_call_impl
    return self._call_impl(*args, **kwargs)
  File "/home/helen/miniconda3/envs/placer_env/lib/python3.10/site-packages/torch/nn/modules/module.py", line 1541, in _call_impl
    return forward_call(*args, **kwargs)
  File "/home/helen/miniconda3/envs/placer_env/lib/python3.10/site-packages/torch/nn/modules/container.py", line 217, in forward
    input = module(input)
  File "/home/helen/miniconda3/envs/placer_env/lib/python3.10/site-packages/torch/nn/modules/module.py", line 1532, in _wrapped_call_impl
    return self._call_impl(*args, **kwargs)
  File "/home/helen/miniconda3/envs/placer_env/lib/python3.10/site-packages/torch/nn/modules/module.py", line 1541, in _call_impl
    return forward_call(*args, **kwargs)
  File "/home/helen/miniconda3/envs/placer_env/lib/python3.10/site-packages/torch/nn/modules/linear.py", line 116, in forward
    return F.linear(input, self.weight, self.bias)
RuntimeError: CUDA error: CUBLAS_STATUS_NOT_INITIALIZED when calling `cublasCreate(handle)`

2025-12-15 21:14:52,538 | INFO |Entry EH83_Ethyl_3_oxohexanoate_0_chai: Single ligand detected. Running standard mode...
2025-12-15 21:18:03,257 | INFO |Skipping EH83_Geranyl_acetate_0_chai, output already exists: EH83_Geranyl_acetate_0_chai.csv
2025-12-15 21:18:03,261 | INFO |Entry EH83_L_Pantolactone_0_chai: Single ligand detected. Running standard mode...
2025-12-15 21:18:21,583 | ERROR |PLACER failed for EH83_L_Pantolactone_0_chai: Traceback (most recent call last):
  File "/nvme2/helen/EnzymeStructuralFiltering/filterzyme/PLACER/run_PLACER.py", line 282, in <module>
    main(args)
  File "/nvme2/helen/EnzymeStructuralFiltering/filterzyme/PLACER/run_PLACER.py", line 196, in main
    outputs = placer.run(placer_input_iter, args.nsamples)
  File "/nvme2/helen/EnzymeStructuralFiltering/filterzyme/PLACER/PLACER.py", line 405, in run
    Xs,Ds,plDDTs,pDEVs = self.net()(**{k:item[k] for k in input_keys}, recycles=recycles, save_recycling_data=save_recycling_data)
  File "/home/helen/miniconda3/envs/placer_env/lib/python3.10/site-packages/torch/nn/modules/module.py", line 1532, in _wrapped_call_impl
    return self._call_impl(*args, **kwargs)
  File "/home/helen/miniconda3/envs/placer_env/lib/python3.10/site-packages/torch/nn/modules/module.py", line 1541, in _call_impl
    return forward_call(*args, **kwargs)
  File "/nvme2/helen/EnzymeStructuralFiltering/filterzyme/PLACER/modules/model.py", line 281, in forward
    single = self.init_single(f1d)
  File "/home/helen/miniconda3/envs/placer_env/lib/python3.10/site-packages/torch/nn/modules/module.py", line 1532, in _wrapped_call_impl
    return self._call_impl(*args, **kwargs)
  File "/home/helen/miniconda3/envs/placer_env/lib/python3.10/site-packages/torch/nn/modules/module.py", line 1541, in _call_impl
    return forward_call(*args, **kwargs)
  File "/nvme2/helen/EnzymeStructuralFiltering/filterzyme/PLACER/modules/model.py", line 155, in forward
    return self.net(f1d)
  File "/home/helen/miniconda3/envs/placer_env/lib/python3.10/site-packages/torch/nn/modules/module.py", line 1532, in _wrapped_call_impl
    return self._call_impl(*args, **kwargs)
  File "/home/helen/miniconda3/envs/placer_env/lib/python3.10/site-packages/torch/nn/modules/module.py", line 1541, in _call_impl
    return forward_call(*args, **kwargs)
  File "/home/helen/miniconda3/envs/placer_env/lib/python3.10/site-packages/torch/nn/modules/container.py", line 217, in forward
    input = module(input)
  File "/home/helen/miniconda3/envs/placer_env/lib/python3.10/site-packages/torch/nn/modules/module.py", line 1532, in _wrapped_call_impl
    return self._call_impl(*args, **kwargs)
  File "/home/helen/miniconda3/envs/placer_env/lib/python3.10/site-packages/torch/nn/modules/module.py", line 1541, in _call_impl
    return forward_call(*args, **kwargs)
  File "/home/helen/miniconda3/envs/placer_env/lib/python3.10/site-packages/torch/nn/modules/linear.py", line 116, in forward
    return F.linear(input, self.weight, self.bias)
RuntimeError: CUDA error: CUBLAS_STATUS_NOT_INITIALIZED when calling `cublasCreate(handle)`

2025-12-15 21:18:21,588 | INFO |Entry EH83_Vinyl_propionate_0_chai: Single ligand detected. Running standard mode...
2025-12-15 21:18:42,925 | ERROR |PLACER failed for EH83_Vinyl_propionate_0_chai: Traceback (most recent call last):
  File "/nvme2/helen/EnzymeStructuralFiltering/filterzyme/PLACER/run_PLACER.py", line 282, in <module>
    main(args)
  File "/nvme2/helen/EnzymeStructuralFiltering/filterzyme/PLACER/run_PLACER.py", line 196, in main
    outputs = placer.run(placer_input_iter, args.nsamples)
  File "/nvme2/helen/EnzymeStructuralFiltering/filterzyme/PLACER/PLACER.py", line 405, in run
    Xs,Ds,plDDTs,pDEVs = self.net()(**{k:item[k] for k in input_keys}, recycles=recycles, save_recycling_data=save_recycling_data)
  File "/home/helen/miniconda3/envs/placer_env/lib/python3.10/site-packages/torch/nn/modules/module.py", line 1532, in _wrapped_call_impl
    return self._call_impl(*args, **kwargs)
  File "/home/helen/miniconda3/envs/placer_env/lib/python3.10/site-packages/torch/nn/modules/module.py", line 1541, in _call_impl
    return forward_call(*args, **kwargs)
  File "/nvme2/helen/EnzymeStructuralFiltering/filterzyme/PLACER/modules/model.py", line 281, in forward
    single = self.init_single(f1d)
  File "/home/helen/miniconda3/envs/placer_env/lib/python3.10/site-packages/torch/nn/modules/module.py", line 1532, in _wrapped_call_impl
    return self._call_impl(*args, **kwargs)
  File "/home/helen/miniconda3/envs/placer_env/lib/python3.10/site-packages/torch/nn/modules/module.py", line 1541, in _call_impl
    return forward_call(*args, **kwargs)
  File "/nvme2/helen/EnzymeStructuralFiltering/filterzyme/PLACER/modules/model.py", line 155, in forward
    return self.net(f1d)
  File "/home/helen/miniconda3/envs/placer_env/lib/python3.10/site-packages/torch/nn/modules/module.py", line 1532, in _wrapped_call_impl
    return self._call_impl(*args, **kwargs)
  File "/home/helen/miniconda3/envs/placer_env/lib/python3.10/site-packages/torch/nn/modules/module.py", line 1541, in _call_impl
    return forward_call(*args, **kwargs)
  File "/home/helen/miniconda3/envs/placer_env/lib/python3.10/site-packages/torch/nn/modules/container.py", line 217, in forward
    input = module(input)
  File "/home/helen/miniconda3/envs/placer_env/lib/python3.10/site-packages/torch/nn/modules/module.py", line 1532, in _wrapped_call_impl
    return self._call_impl(*args, **kwargs)
  File "/home/helen/miniconda3/envs/placer_env/lib/python3.10/site-packages/torch/nn/modules/module.py", line 1541, in _call_impl
    return forward_call(*args, **kwargs)
  File "/home/helen/miniconda3/envs/placer_env/lib/python3.10/site-packages/torch/nn/modules/linear.py", line 116, in forward
    return F.linear(input, self.weight, self.bias)
RuntimeError: CUDA error: CUBLAS_STATUS_NOT_INITIALIZED when calling `cublasCreate(handle)`

2025-12-15 21:18:42,930 | INFO |Entry EH84_1_Napthyl_acetate_0_chai: Single ligand detected. Running standard mode...
2025-12-15 21:19:04,490 | ERROR |PLACER failed for EH84_1_Napthyl_acetate_0_chai: Traceback (most recent call last):
  File "/nvme2/helen/EnzymeStructuralFiltering/filterzyme/PLACER/run_PLACER.py", line 282, in <module>
    main(args)
  File "/nvme2/helen/EnzymeStructuralFiltering/filterzyme/PLACER/run_PLACER.py", line 196, in main
    outputs = placer.run(placer_input_iter, args.nsamples)
  File "/nvme2/helen/EnzymeStructuralFiltering/filterzyme/PLACER/PLACER.py", line 405, in run
    Xs,Ds,plDDTs,pDEVs = self.net()(**{k:item[k] for k in input_keys}, recycles=recycles, save_recycling_data=save_recycling_data)
  File "/home/helen/miniconda3/envs/placer_env/lib/python3.10/site-packages/torch/nn/modules/module.py", line 1532, in _wrapped_call_impl
    return self._call_impl(*args, **kwargs)
  File "/home/helen/miniconda3/envs/placer_env/lib/python3.10/site-packages/torch/nn/modules/module.py", line 1541, in _call_impl
    return forward_call(*args, **kwargs)
  File "/nvme2/helen/EnzymeStructuralFiltering/filterzyme/PLACER/modules/model.py", line 281, in forward
    single = self.init_single(f1d)
  File "/home/helen/miniconda3/envs/placer_env/lib/python3.10/site-packages/torch/nn/modules/module.py", line 1532, in _wrapped_call_impl
    return self._call_impl(*args, **kwargs)
  File "/home/helen/miniconda3/envs/placer_env/lib/python3.10/site-packages/torch/nn/modules/module.py", line 1541, in _call_impl
    return forward_call(*args, **kwargs)
  File "/nvme2/helen/EnzymeStructuralFiltering/filterzyme/PLACER/modules/model.py", line 155, in forward
    return self.net(f1d)
  File "/home/helen/miniconda3/envs/placer_env/lib/python3.10/site-packages/torch/nn/modules/module.py", line 1532, in _wrapped_call_impl
    return self._call_impl(*args, **kwargs)
  File "/home/helen/miniconda3/envs/placer_env/lib/python3.10/site-packages/torch/nn/modules/module.py", line 1541, in _call_impl
    return forward_call(*args, **kwargs)
  File "/home/helen/miniconda3/envs/placer_env/lib/python3.10/site-packages/torch/nn/modules/container.py", line 217, in forward
    input = module(input)
  File "/home/helen/miniconda3/envs/placer_env/lib/python3.10/site-packages/torch/nn/modules/module.py", line 1532, in _wrapped_call_impl
    return self._call_impl(*args, **kwargs)
  File "/home/helen/miniconda3/envs/placer_env/lib/python3.10/site-packages/torch/nn/modules/module.py", line 1541, in _call_impl
    return forward_call(*args, **kwargs)
  File "/home/helen/miniconda3/envs/placer_env/lib/python3.10/site-packages/torch/nn/modules/linear.py", line 116, in forward
    return F.linear(input, self.weight, self.bias)
RuntimeError: CUDA error: CUBLAS_STATUS_NOT_INITIALIZED when calling `cublasCreate(handle)`

2025-12-15 21:19:04,496 | INFO |Entry EH84_Ethyl_3_oxohexanoate_0_chai: Single ligand detected. Running standard mode...
2025-12-15 21:19:26,250 | ERROR |PLACER failed for EH84_Ethyl_3_oxohexanoate_0_chai: Traceback (most recent call last):
  File "/nvme2/helen/EnzymeStructuralFiltering/filterzyme/PLACER/run_PLACER.py", line 282, in <module>
    main(args)
  File "/nvme2/helen/EnzymeStructuralFiltering/filterzyme/PLACER/run_PLACER.py", line 196, in main
    outputs = placer.run(placer_input_iter, args.nsamples)
  File "/nvme2/helen/EnzymeStructuralFiltering/filterzyme/PLACER/PLACER.py", line 405, in run
    Xs,Ds,plDDTs,pDEVs = self.net()(**{k:item[k] for k in input_keys}, recycles=recycles, save_recycling_data=save_recycling_data)
  File "/home/helen/miniconda3/envs/placer_env/lib/python3.10/site-packages/torch/nn/modules/module.py", line 1532, in _wrapped_call_impl
    return self._call_impl(*args, **kwargs)
  File "/home/helen/miniconda3/envs/placer_env/lib/python3.10/site-packages/torch/nn/modules/module.py", line 1541, in _call_impl
    return forward_call(*args, **kwargs)
  File "/nvme2/helen/EnzymeStructuralFiltering/filterzyme/PLACER/modules/model.py", line 281, in forward
    single = self.init_single(f1d)
  File "/home/helen/miniconda3/envs/placer_env/lib/python3.10/site-packages/torch/nn/modules/module.py", line 1532, in _wrapped_call_impl
    return self._call_impl(*args, **kwargs)
  File "/home/helen/miniconda3/envs/placer_env/lib/python3.10/site-packages/torch/nn/modules/module.py", line 1541, in _call_impl
    return forward_call(*args, **kwargs)
  File "/nvme2/helen/EnzymeStructuralFiltering/filterzyme/PLACER/modules/model.py", line 155, in forward
    return self.net(f1d)
  File "/home/helen/miniconda3/envs/placer_env/lib/python3.10/site-packages/torch/nn/modules/module.py", line 1532, in _wrapped_call_impl
    return self._call_impl(*args, **kwargs)
  File "/home/helen/miniconda3/envs/placer_env/lib/python3.10/site-packages/torch/nn/modules/module.py", line 1541, in _call_impl
    return forward_call(*args, **kwargs)
  File "/home/helen/miniconda3/envs/placer_env/lib/python3.10/site-packages/torch/nn/modules/container.py", line 217, in forward
    input = module(input)
  File "/home/helen/miniconda3/envs/placer_env/lib/python3.10/site-packages/torch/nn/modules/module.py", line 1532, in _wrapped_call_impl
    return self._call_impl(*args, **kwargs)
  File "/home/helen/miniconda3/envs/placer_env/lib/python3.10/site-packages/torch/nn/modules/module.py", line 1541, in _call_impl
    return forward_call(*args, **kwargs)
  File "/home/helen/miniconda3/envs/placer_env/lib/python3.10/site-packages/torch/nn/modules/linear.py", line 116, in forward
    return F.linear(input, self.weight, self.bias)
RuntimeError: CUDA error: CUBLAS_STATUS_NOT_INITIALIZED when calling `cublasCreate(handle)`

2025-12-15 21:19:26,256 | INFO |Entry EH84_Geranyl_acetate_0_chai: Single ligand detected. Running standard mode...
2025-12-15 21:22:42,761 | INFO |Entry EH84_L_Pantolactone_0_chai: Single ligand detected. Running standard mode...
2025-12-15 21:23:03,040 | ERROR |CUDA OOM on EH84_L_Pantolactone_0_chai.
2025-12-15 21:23:03,046 | INFO |Entry EH84_Vinyl_propionate_0_chai: Single ligand detected. Running standard mode...
2025-12-15 21:23:24,303 | ERROR |PLACER failed for EH84_Vinyl_propionate_0_chai: Traceback (most recent call last):
  File "/nvme2/helen/EnzymeStructuralFiltering/filterzyme/PLACER/run_PLACER.py", line 282, in <module>
    main(args)
  File "/nvme2/helen/EnzymeStructuralFiltering/filterzyme/PLACER/run_PLACER.py", line 196, in main
    outputs = placer.run(placer_input_iter, args.nsamples)
  File "/nvme2/helen/EnzymeStructuralFiltering/filterzyme/PLACER/PLACER.py", line 405, in run
    Xs,Ds,plDDTs,pDEVs = self.net()(**{k:item[k] for k in input_keys}, recycles=recycles, save_recycling_data=save_recycling_data)
  File "/home/helen/miniconda3/envs/placer_env/lib/python3.10/site-packages/torch/nn/modules/module.py", line 1532, in _wrapped_call_impl
    return self._call_impl(*args, **kwargs)
  File "/home/helen/miniconda3/envs/placer_env/lib/python3.10/site-packages/torch/nn/modules/module.py", line 1541, in _call_impl
    return forward_call(*args, **kwargs)
  File "/nvme2/helen/EnzymeStructuralFiltering/filterzyme/PLACER/modules/model.py", line 281, in forward
    single = self.init_single(f1d)
  File "/home/helen/miniconda3/envs/placer_env/lib/python3.10/site-packages/torch/nn/modules/module.py", line 1532, in _wrapped_call_impl
    return self._call_impl(*args, **kwargs)
  File "/home/helen/miniconda3/envs/placer_env/lib/python3.10/site-packages/torch/nn/modules/module.py", line 1541, in _call_impl
    return forward_call(*args, **kwargs)
  File "/nvme2/helen/EnzymeStructuralFiltering/filterzyme/PLACER/modules/model.py", line 155, in forward
    return self.net(f1d)
  File "/home/helen/miniconda3/envs/placer_env/lib/python3.10/site-packages/torch/nn/modules/module.py", line 1532, in _wrapped_call_impl
    return self._call_impl(*args, **kwargs)
  File "/home/helen/miniconda3/envs/placer_env/lib/python3.10/site-packages/torch/nn/modules/module.py", line 1541, in _call_impl
    return forward_call(*args, **kwargs)
  File "/home/helen/miniconda3/envs/placer_env/lib/python3.10/site-packages/torch/nn/modules/container.py", line 217, in forward
    input = module(input)
  File "/home/helen/miniconda3/envs/placer_env/lib/python3.10/site-packages/torch/nn/modules/module.py", line 1532, in _wrapped_call_impl
    return self._call_impl(*args, **kwargs)
  File "/home/helen/miniconda3/envs/placer_env/lib/python3.10/site-packages/torch/nn/modules/module.py", line 1541, in _call_impl
    return forward_call(*args, **kwargs)
  File "/home/helen/miniconda3/envs/placer_env/lib/python3.10/site-packages/torch/nn/modules/linear.py", line 116, in forward
    return F.linear(input, self.weight, self.bias)
RuntimeError: CUDA error: CUBLAS_STATUS_NOT_INITIALIZED when calling `cublasCreate(handle)`

2025-12-15 21:23:24,307 | INFO |Entry EH85_1_Napthyl_acetate_0_chai: Single ligand detected. Running standard mode...
2025-12-15 21:23:45,621 | ERROR |PLACER failed for EH85_1_Napthyl_acetate_0_chai: Traceback (most recent call last):
  File "/nvme2/helen/EnzymeStructuralFiltering/filterzyme/PLACER/run_PLACER.py", line 282, in <module>
    main(args)
  File "/nvme2/helen/EnzymeStructuralFiltering/filterzyme/PLACER/run_PLACER.py", line 196, in main
    outputs = placer.run(placer_input_iter, args.nsamples)
  File "/nvme2/helen/EnzymeStructuralFiltering/filterzyme/PLACER/PLACER.py", line 405, in run
    Xs,Ds,plDDTs,pDEVs = self.net()(**{k:item[k] for k in input_keys}, recycles=recycles, save_recycling_data=save_recycling_data)
  File "/home/helen/miniconda3/envs/placer_env/lib/python3.10/site-packages/torch/nn/modules/module.py", line 1532, in _wrapped_call_impl
    return self._call_impl(*args, **kwargs)
  File "/home/helen/miniconda3/envs/placer_env/lib/python3.10/site-packages/torch/nn/modules/module.py", line 1541, in _call_impl
    return forward_call(*args, **kwargs)
  File "/nvme2/helen/EnzymeStructuralFiltering/filterzyme/PLACER/modules/model.py", line 281, in forward
    single = self.init_single(f1d)
  File "/home/helen/miniconda3/envs/placer_env/lib/python3.10/site-packages/torch/nn/modules/module.py", line 1532, in _wrapped_call_impl
    return self._call_impl(*args, **kwargs)
  File "/home/helen/miniconda3/envs/placer_env/lib/python3.10/site-packages/torch/nn/modules/module.py", line 1541, in _call_impl
    return forward_call(*args, **kwargs)
  File "/nvme2/helen/EnzymeStructuralFiltering/filterzyme/PLACER/modules/model.py", line 155, in forward
    return self.net(f1d)
  File "/home/helen/miniconda3/envs/placer_env/lib/python3.10/site-packages/torch/nn/modules/module.py", line 1532, in _wrapped_call_impl
    return self._call_impl(*args, **kwargs)
  File "/home/helen/miniconda3/envs/placer_env/lib/python3.10/site-packages/torch/nn/modules/module.py", line 1541, in _call_impl
    return forward_call(*args, **kwargs)
  File "/home/helen/miniconda3/envs/placer_env/lib/python3.10/site-packages/torch/nn/modules/container.py", line 217, in forward
    input = module(input)
  File "/home/helen/miniconda3/envs/placer_env/lib/python3.10/site-packages/torch/nn/modules/module.py", line 1532, in _wrapped_call_impl
    return self._call_impl(*args, **kwargs)
  File "/home/helen/miniconda3/envs/placer_env/lib/python3.10/site-packages/torch/nn/modules/module.py", line 1541, in _call_impl
    return forward_call(*args, **kwargs)
  File "/home/helen/miniconda3/envs/placer_env/lib/python3.10/site-packages/torch/nn/modules/linear.py", line 116, in forward
    return F.linear(input, self.weight, self.bias)
RuntimeError: CUDA error: CUBLAS_STATUS_NOT_INITIALIZED when calling `cublasCreate(handle)`

2025-12-15 21:23:45,625 | INFO |Entry EH85_Ethyl_3_oxohexanoate_0_chai: Single ligand detected. Running standard mode...
2025-12-15 21:26:48,988 | INFO |Entry EH85_Geranyl_acetate_0_chai: Single ligand detected. Running standard mode...
2025-12-15 21:29:43,118 | INFO |Entry EH85_L_Pantolactone_0_chai: Single ligand detected. Running standard mode...
2025-12-15 21:30:02,435 | ERROR |PLACER failed for EH85_L_Pantolactone_0_chai: Traceback (most recent call last):
  File "/nvme2/helen/EnzymeStructuralFiltering/filterzyme/PLACER/run_PLACER.py", line 282, in <module>
    main(args)
  File "/nvme2/helen/EnzymeStructuralFiltering/filterzyme/PLACER/run_PLACER.py", line 196, in main
    outputs = placer.run(placer_input_iter, args.nsamples)
  File "/nvme2/helen/EnzymeStructuralFiltering/filterzyme/PLACER/PLACER.py", line 405, in run
    Xs,Ds,plDDTs,pDEVs = self.net()(**{k:item[k] for k in input_keys}, recycles=recycles, save_recycling_data=save_recycling_data)
  File "/home/helen/miniconda3/envs/placer_env/lib/python3.10/site-packages/torch/nn/modules/module.py", line 1532, in _wrapped_call_impl
    return self._call_impl(*args, **kwargs)
  File "/home/helen/miniconda3/envs/placer_env/lib/python3.10/site-packages/torch/nn/modules/module.py", line 1541, in _call_impl
    return forward_call(*args, **kwargs)
  File "/nvme2/helen/EnzymeStructuralFiltering/filterzyme/PLACER/modules/model.py", line 281, in forward
    single = self.init_single(f1d)
  File "/home/helen/miniconda3/envs/placer_env/lib/python3.10/site-packages/torch/nn/modules/module.py", line 1532, in _wrapped_call_impl
    return self._call_impl(*args, **kwargs)
  File "/home/helen/miniconda3/envs/placer_env/lib/python3.10/site-packages/torch/nn/modules/module.py", line 1541, in _call_impl
    return forward_call(*args, **kwargs)
  File "/nvme2/helen/EnzymeStructuralFiltering/filterzyme/PLACER/modules/model.py", line 155, in forward
    return self.net(f1d)
  File "/home/helen/miniconda3/envs/placer_env/lib/python3.10/site-packages/torch/nn/modules/module.py", line 1532, in _wrapped_call_impl
    return self._call_impl(*args, **kwargs)
  File "/home/helen/miniconda3/envs/placer_env/lib/python3.10/site-packages/torch/nn/modules/module.py", line 1541, in _call_impl
    return forward_call(*args, **kwargs)
  File "/home/helen/miniconda3/envs/placer_env/lib/python3.10/site-packages/torch/nn/modules/container.py", line 217, in forward
    input = module(input)
  File "/home/helen/miniconda3/envs/placer_env/lib/python3.10/site-packages/torch/nn/modules/module.py", line 1532, in _wrapped_call_impl
    return self._call_impl(*args, **kwargs)
  File "/home/helen/miniconda3/envs/placer_env/lib/python3.10/site-packages/torch/nn/modules/module.py", line 1541, in _call_impl
    return forward_call(*args, **kwargs)
  File "/home/helen/miniconda3/envs/placer_env/lib/python3.10/site-packages/torch/nn/modules/linear.py", line 116, in forward
    return F.linear(input, self.weight, self.bias)
RuntimeError: CUDA error: CUBLAS_STATUS_NOT_INITIALIZED when calling `cublasCreate(handle)`

2025-12-15 21:30:02,439 | INFO |Entry EH85_Vinyl_propionate_0_chai: Single ligand detected. Running standard mode...
2025-12-15 21:30:22,536 | ERROR |PLACER failed for EH85_Vinyl_propionate_0_chai: Traceback (most recent call last):
  File "/nvme2/helen/EnzymeStructuralFiltering/filterzyme/PLACER/run_PLACER.py", line 282, in <module>
    main(args)
  File "/nvme2/helen/EnzymeStructuralFiltering/filterzyme/PLACER/run_PLACER.py", line 196, in main
    outputs = placer.run(placer_input_iter, args.nsamples)
  File "/nvme2/helen/EnzymeStructuralFiltering/filterzyme/PLACER/PLACER.py", line 405, in run
    Xs,Ds,plDDTs,pDEVs = self.net()(**{k:item[k] for k in input_keys}, recycles=recycles, save_recycling_data=save_recycling_data)
  File "/home/helen/miniconda3/envs/placer_env/lib/python3.10/site-packages/torch/nn/modules/module.py", line 1532, in _wrapped_call_impl
    return self._call_impl(*args, **kwargs)
  File "/home/helen/miniconda3/envs/placer_env/lib/python3.10/site-packages/torch/nn/modules/module.py", line 1541, in _call_impl
    return forward_call(*args, **kwargs)
  File "/nvme2/helen/EnzymeStructuralFiltering/filterzyme/PLACER/modules/model.py", line 281, in forward
    single = self.init_single(f1d)
  File "/home/helen/miniconda3/envs/placer_env/lib/python3.10/site-packages/torch/nn/modules/module.py", line 1532, in _wrapped_call_impl
    return self._call_impl(*args, **kwargs)
  File "/home/helen/miniconda3/envs/placer_env/lib/python3.10/site-packages/torch/nn/modules/module.py", line 1541, in _call_impl
    return forward_call(*args, **kwargs)
  File "/nvme2/helen/EnzymeStructuralFiltering/filterzyme/PLACER/modules/model.py", line 155, in forward
    return self.net(f1d)
  File "/home/helen/miniconda3/envs/placer_env/lib/python3.10/site-packages/torch/nn/modules/module.py", line 1532, in _wrapped_call_impl
    return self._call_impl(*args, **kwargs)
  File "/home/helen/miniconda3/envs/placer_env/lib/python3.10/site-packages/torch/nn/modules/module.py", line 1541, in _call_impl
    return forward_call(*args, **kwargs)
  File "/home/helen/miniconda3/envs/placer_env/lib/python3.10/site-packages/torch/nn/modules/container.py", line 217, in forward
    input = module(input)
  File "/home/helen/miniconda3/envs/placer_env/lib/python3.10/site-packages/torch/nn/modules/module.py", line 1532, in _wrapped_call_impl
    return self._call_impl(*args, **kwargs)
  File "/home/helen/miniconda3/envs/placer_env/lib/python3.10/site-packages/torch/nn/modules/module.py", line 1541, in _call_impl
    return forward_call(*args, **kwargs)
  File "/home/helen/miniconda3/envs/placer_env/lib/python3.10/site-packages/torch/nn/modules/linear.py", line 116, in forward
    return F.linear(input, self.weight, self.bias)
RuntimeError: CUDA error: CUBLAS_STATUS_NOT_INITIALIZED when calling `cublasCreate(handle)`

2025-12-15 21:30:22,541 | INFO |Entry EH86_1_Napthyl_acetate_0_chai: Single ligand detected. Running standard mode...
2025-12-15 21:30:42,912 | ERROR |PLACER failed for EH86_1_Napthyl_acetate_0_chai: Traceback (most recent call last):
  File "/nvme2/helen/EnzymeStructuralFiltering/filterzyme/PLACER/run_PLACER.py", line 282, in <module>
    main(args)
  File "/nvme2/helen/EnzymeStructuralFiltering/filterzyme/PLACER/run_PLACER.py", line 196, in main
    outputs = placer.run(placer_input_iter, args.nsamples)
  File "/nvme2/helen/EnzymeStructuralFiltering/filterzyme/PLACER/PLACER.py", line 405, in run
    Xs,Ds,plDDTs,pDEVs = self.net()(**{k:item[k] for k in input_keys}, recycles=recycles, save_recycling_data=save_recycling_data)
  File "/home/helen/miniconda3/envs/placer_env/lib/python3.10/site-packages/torch/nn/modules/module.py", line 1532, in _wrapped_call_impl
    return self._call_impl(*args, **kwargs)
  File "/home/helen/miniconda3/envs/placer_env/lib/python3.10/site-packages/torch/nn/modules/module.py", line 1541, in _call_impl
    return forward_call(*args, **kwargs)
  File "/nvme2/helen/EnzymeStructuralFiltering/filterzyme/PLACER/modules/model.py", line 281, in forward
    single = self.init_single(f1d)
  File "/home/helen/miniconda3/envs/placer_env/lib/python3.10/site-packages/torch/nn/modules/module.py", line 1532, in _wrapped_call_impl
    return self._call_impl(*args, **kwargs)
  File "/home/helen/miniconda3/envs/placer_env/lib/python3.10/site-packages/torch/nn/modules/module.py", line 1541, in _call_impl
    return forward_call(*args, **kwargs)
  File "/nvme2/helen/EnzymeStructuralFiltering/filterzyme/PLACER/modules/model.py", line 155, in forward
    return self.net(f1d)
  File "/home/helen/miniconda3/envs/placer_env/lib/python3.10/site-packages/torch/nn/modules/module.py", line 1532, in _wrapped_call_impl
    return self._call_impl(*args, **kwargs)
  File "/home/helen/miniconda3/envs/placer_env/lib/python3.10/site-packages/torch/nn/modules/module.py", line 1541, in _call_impl
    return forward_call(*args, **kwargs)
  File "/home/helen/miniconda3/envs/placer_env/lib/python3.10/site-packages/torch/nn/modules/container.py", line 217, in forward
    input = module(input)
  File "/home/helen/miniconda3/envs/placer_env/lib/python3.10/site-packages/torch/nn/modules/module.py", line 1532, in _wrapped_call_impl
    return self._call_impl(*args, **kwargs)
  File "/home/helen/miniconda3/envs/placer_env/lib/python3.10/site-packages/torch/nn/modules/module.py", line 1541, in _call_impl
    return forward_call(*args, **kwargs)
  File "/home/helen/miniconda3/envs/placer_env/lib/python3.10/site-packages/torch/nn/modules/linear.py", line 116, in forward
    return F.linear(input, self.weight, self.bias)
RuntimeError: CUDA error: CUBLAS_STATUS_NOT_INITIALIZED when calling `cublasCreate(handle)`

2025-12-15 21:30:42,917 | INFO |Entry EH86_Ethyl_3_oxohexanoate_0_chai: Single ligand detected. Running standard mode...
2025-12-15 21:31:02,912 | ERROR |PLACER failed for EH86_Ethyl_3_oxohexanoate_0_chai: Traceback (most recent call last):
  File "/nvme2/helen/EnzymeStructuralFiltering/filterzyme/PLACER/run_PLACER.py", line 282, in <module>
    main(args)
  File "/nvme2/helen/EnzymeStructuralFiltering/filterzyme/PLACER/run_PLACER.py", line 196, in main
    outputs = placer.run(placer_input_iter, args.nsamples)
  File "/nvme2/helen/EnzymeStructuralFiltering/filterzyme/PLACER/PLACER.py", line 405, in run
    Xs,Ds,plDDTs,pDEVs = self.net()(**{k:item[k] for k in input_keys}, recycles=recycles, save_recycling_data=save_recycling_data)
  File "/home/helen/miniconda3/envs/placer_env/lib/python3.10/site-packages/torch/nn/modules/module.py", line 1532, in _wrapped_call_impl
    return self._call_impl(*args, **kwargs)
  File "/home/helen/miniconda3/envs/placer_env/lib/python3.10/site-packages/torch/nn/modules/module.py", line 1541, in _call_impl
    return forward_call(*args, **kwargs)
  File "/nvme2/helen/EnzymeStructuralFiltering/filterzyme/PLACER/modules/model.py", line 281, in forward
    single = self.init_single(f1d)
  File "/home/helen/miniconda3/envs/placer_env/lib/python3.10/site-packages/torch/nn/modules/module.py", line 1532, in _wrapped_call_impl
    return self._call_impl(*args, **kwargs)
  File "/home/helen/miniconda3/envs/placer_env/lib/python3.10/site-packages/torch/nn/modules/module.py", line 1541, in _call_impl
    return forward_call(*args, **kwargs)
  File "/nvme2/helen/EnzymeStructuralFiltering/filterzyme/PLACER/modules/model.py", line 155, in forward
    return self.net(f1d)
  File "/home/helen/miniconda3/envs/placer_env/lib/python3.10/site-packages/torch/nn/modules/module.py", line 1532, in _wrapped_call_impl
    return self._call_impl(*args, **kwargs)
  File "/home/helen/miniconda3/envs/placer_env/lib/python3.10/site-packages/torch/nn/modules/module.py", line 1541, in _call_impl
    return forward_call(*args, **kwargs)
  File "/home/helen/miniconda3/envs/placer_env/lib/python3.10/site-packages/torch/nn/modules/container.py", line 217, in forward
    input = module(input)
  File "/home/helen/miniconda3/envs/placer_env/lib/python3.10/site-packages/torch/nn/modules/module.py", line 1532, in _wrapped_call_impl
    return self._call_impl(*args, **kwargs)
  File "/home/helen/miniconda3/envs/placer_env/lib/python3.10/site-packages/torch/nn/modules/module.py", line 1541, in _call_impl
    return forward_call(*args, **kwargs)
  File "/home/helen/miniconda3/envs/placer_env/lib/python3.10/site-packages/torch/nn/modules/linear.py", line 116, in forward
    return F.linear(input, self.weight, self.bias)
RuntimeError: CUDA error: CUBLAS_STATUS_NOT_INITIALIZED when calling `cublasCreate(handle)`

2025-12-15 21:31:02,917 | INFO |Entry EH86_Geranyl_acetate_0_chai: Single ligand detected. Running standard mode...
2025-12-15 21:31:23,583 | ERROR |PLACER failed for EH86_Geranyl_acetate_0_chai: Traceback (most recent call last):
  File "/nvme2/helen/EnzymeStructuralFiltering/filterzyme/PLACER/run_PLACER.py", line 282, in <module>
    main(args)
  File "/nvme2/helen/EnzymeStructuralFiltering/filterzyme/PLACER/run_PLACER.py", line 196, in main
    outputs = placer.run(placer_input_iter, args.nsamples)
  File "/nvme2/helen/EnzymeStructuralFiltering/filterzyme/PLACER/PLACER.py", line 405, in run
    Xs,Ds,plDDTs,pDEVs = self.net()(**{k:item[k] for k in input_keys}, recycles=recycles, save_recycling_data=save_recycling_data)
  File "/home/helen/miniconda3/envs/placer_env/lib/python3.10/site-packages/torch/nn/modules/module.py", line 1532, in _wrapped_call_impl
    return self._call_impl(*args, **kwargs)
  File "/home/helen/miniconda3/envs/placer_env/lib/python3.10/site-packages/torch/nn/modules/module.py", line 1541, in _call_impl
    return forward_call(*args, **kwargs)
  File "/nvme2/helen/EnzymeStructuralFiltering/filterzyme/PLACER/modules/model.py", line 281, in forward
    single = self.init_single(f1d)
  File "/home/helen/miniconda3/envs/placer_env/lib/python3.10/site-packages/torch/nn/modules/module.py", line 1532, in _wrapped_call_impl
    return self._call_impl(*args, **kwargs)
  File "/home/helen/miniconda3/envs/placer_env/lib/python3.10/site-packages/torch/nn/modules/module.py", line 1541, in _call_impl
    return forward_call(*args, **kwargs)
  File "/nvme2/helen/EnzymeStructuralFiltering/filterzyme/PLACER/modules/model.py", line 155, in forward
    return self.net(f1d)
  File "/home/helen/miniconda3/envs/placer_env/lib/python3.10/site-packages/torch/nn/modules/module.py", line 1532, in _wrapped_call_impl
    return self._call_impl(*args, **kwargs)
  File "/home/helen/miniconda3/envs/placer_env/lib/python3.10/site-packages/torch/nn/modules/module.py", line 1541, in _call_impl
    return forward_call(*args, **kwargs)
  File "/home/helen/miniconda3/envs/placer_env/lib/python3.10/site-packages/torch/nn/modules/container.py", line 217, in forward
    input = module(input)
  File "/home/helen/miniconda3/envs/placer_env/lib/python3.10/site-packages/torch/nn/modules/module.py", line 1532, in _wrapped_call_impl
    return self._call_impl(*args, **kwargs)
  File "/home/helen/miniconda3/envs/placer_env/lib/python3.10/site-packages/torch/nn/modules/module.py", line 1541, in _call_impl
    return forward_call(*args, **kwargs)
  File "/home/helen/miniconda3/envs/placer_env/lib/python3.10/site-packages/torch/nn/modules/linear.py", line 116, in forward
    return F.linear(input, self.weight, self.bias)
RuntimeError: CUDA error: CUBLAS_STATUS_NOT_INITIALIZED when calling `cublasCreate(handle)`

2025-12-15 21:31:23,586 | INFO |Entry EH86_L_Pantolactone_0_chai: Single ligand detected. Running standard mode...
2025-12-15 21:31:43,119 | ERROR |PLACER failed for EH86_L_Pantolactone_0_chai: Traceback (most recent call last):
  File "/nvme2/helen/EnzymeStructuralFiltering/filterzyme/PLACER/run_PLACER.py", line 282, in <module>
    main(args)
  File "/nvme2/helen/EnzymeStructuralFiltering/filterzyme/PLACER/run_PLACER.py", line 196, in main
    outputs = placer.run(placer_input_iter, args.nsamples)
  File "/nvme2/helen/EnzymeStructuralFiltering/filterzyme/PLACER/PLACER.py", line 405, in run
    Xs,Ds,plDDTs,pDEVs = self.net()(**{k:item[k] for k in input_keys}, recycles=recycles, save_recycling_data=save_recycling_data)
  File "/home/helen/miniconda3/envs/placer_env/lib/python3.10/site-packages/torch/nn/modules/module.py", line 1532, in _wrapped_call_impl
    return self._call_impl(*args, **kwargs)
  File "/home/helen/miniconda3/envs/placer_env/lib/python3.10/site-packages/torch/nn/modules/module.py", line 1541, in _call_impl
    return forward_call(*args, **kwargs)
  File "/nvme2/helen/EnzymeStructuralFiltering/filterzyme/PLACER/modules/model.py", line 281, in forward
    single = self.init_single(f1d)
  File "/home/helen/miniconda3/envs/placer_env/lib/python3.10/site-packages/torch/nn/modules/module.py", line 1532, in _wrapped_call_impl
    return self._call_impl(*args, **kwargs)
  File "/home/helen/miniconda3/envs/placer_env/lib/python3.10/site-packages/torch/nn/modules/module.py", line 1541, in _call_impl
    return forward_call(*args, **kwargs)
  File "/nvme2/helen/EnzymeStructuralFiltering/filterzyme/PLACER/modules/model.py", line 155, in forward
    return self.net(f1d)
  File "/home/helen/miniconda3/envs/placer_env/lib/python3.10/site-packages/torch/nn/modules/module.py", line 1532, in _wrapped_call_impl
    return self._call_impl(*args, **kwargs)
  File "/home/helen/miniconda3/envs/placer_env/lib/python3.10/site-packages/torch/nn/modules/module.py", line 1541, in _call_impl
    return forward_call(*args, **kwargs)
  File "/home/helen/miniconda3/envs/placer_env/lib/python3.10/site-packages/torch/nn/modules/container.py", line 217, in forward
    input = module(input)
  File "/home/helen/miniconda3/envs/placer_env/lib/python3.10/site-packages/torch/nn/modules/module.py", line 1532, in _wrapped_call_impl
    return self._call_impl(*args, **kwargs)
  File "/home/helen/miniconda3/envs/placer_env/lib/python3.10/site-packages/torch/nn/modules/module.py", line 1541, in _call_impl
    return forward_call(*args, **kwargs)
  File "/home/helen/miniconda3/envs/placer_env/lib/python3.10/site-packages/torch/nn/modules/linear.py", line 116, in forward
    return F.linear(input, self.weight, self.bias)
RuntimeError: CUDA error: CUBLAS_STATUS_NOT_INITIALIZED when calling `cublasCreate(handle)`

2025-12-15 21:31:43,123 | INFO |Entry EH86_Vinyl_propionate_0_chai: Single ligand detected. Running standard mode...
2025-12-15 21:32:03,452 | ERROR |PLACER failed for EH86_Vinyl_propionate_0_chai: Traceback (most recent call last):
  File "/nvme2/helen/EnzymeStructuralFiltering/filterzyme/PLACER/run_PLACER.py", line 282, in <module>
    main(args)
  File "/nvme2/helen/EnzymeStructuralFiltering/filterzyme/PLACER/run_PLACER.py", line 196, in main
    outputs = placer.run(placer_input_iter, args.nsamples)
  File "/nvme2/helen/EnzymeStructuralFiltering/filterzyme/PLACER/PLACER.py", line 405, in run
    Xs,Ds,plDDTs,pDEVs = self.net()(**{k:item[k] for k in input_keys}, recycles=recycles, save_recycling_data=save_recycling_data)
  File "/home/helen/miniconda3/envs/placer_env/lib/python3.10/site-packages/torch/nn/modules/module.py", line 1532, in _wrapped_call_impl
    return self._call_impl(*args, **kwargs)
  File "/home/helen/miniconda3/envs/placer_env/lib/python3.10/site-packages/torch/nn/modules/module.py", line 1541, in _call_impl
    return forward_call(*args, **kwargs)
  File "/nvme2/helen/EnzymeStructuralFiltering/filterzyme/PLACER/modules/model.py", line 281, in forward
    single = self.init_single(f1d)
  File "/home/helen/miniconda3/envs/placer_env/lib/python3.10/site-packages/torch/nn/modules/module.py", line 1532, in _wrapped_call_impl
    return self._call_impl(*args, **kwargs)
  File "/home/helen/miniconda3/envs/placer_env/lib/python3.10/site-packages/torch/nn/modules/module.py", line 1541, in _call_impl
    return forward_call(*args, **kwargs)
  File "/nvme2/helen/EnzymeStructuralFiltering/filterzyme/PLACER/modules/model.py", line 155, in forward
    return self.net(f1d)
  File "/home/helen/miniconda3/envs/placer_env/lib/python3.10/site-packages/torch/nn/modules/module.py", line 1532, in _wrapped_call_impl
    return self._call_impl(*args, **kwargs)
  File "/home/helen/miniconda3/envs/placer_env/lib/python3.10/site-packages/torch/nn/modules/module.py", line 1541, in _call_impl
    return forward_call(*args, **kwargs)
  File "/home/helen/miniconda3/envs/placer_env/lib/python3.10/site-packages/torch/nn/modules/container.py", line 217, in forward
    input = module(input)
  File "/home/helen/miniconda3/envs/placer_env/lib/python3.10/site-packages/torch/nn/modules/module.py", line 1532, in _wrapped_call_impl
    return self._call_impl(*args, **kwargs)
  File "/home/helen/miniconda3/envs/placer_env/lib/python3.10/site-packages/torch/nn/modules/module.py", line 1541, in _call_impl
    return forward_call(*args, **kwargs)
  File "/home/helen/miniconda3/envs/placer_env/lib/python3.10/site-packages/torch/nn/modules/linear.py", line 116, in forward
    return F.linear(input, self.weight, self.bias)
RuntimeError: CUDA error: CUBLAS_STATUS_NOT_INITIALIZED when calling `cublasCreate(handle)`

2025-12-15 21:32:03,456 | INFO |Entry EH87_1_Napthyl_acetate_0_chai: Single ligand detected. Running standard mode...
2025-12-15 21:35:16,320 | INFO |Entry EH87_Ethyl_3_oxohexanoate_0_chai: Single ligand detected. Running standard mode...
2025-12-15 21:38:30,227 | INFO |Entry EH87_Geranyl_acetate_0_chai: Single ligand detected. Running standard mode...
2025-12-15 21:41:44,962 | INFO |Entry EH87_L_Pantolactone_0_chai: Single ligand detected. Running standard mode...
2025-12-15 21:44:54,166 | INFO |Entry EH87_Vinyl_propionate_0_chai: Single ligand detected. Running standard mode...
2025-12-15 21:48:05,848 | INFO |Entry EH88_1_Napthyl_acetate_0_chai: Single ligand detected. Running standard mode...
2025-12-15 21:48:23,406 | ERROR |PLACER failed for EH88_1_Napthyl_acetate_0_chai: Traceback (most recent call last):
  File "/nvme2/helen/EnzymeStructuralFiltering/filterzyme/PLACER/run_PLACER.py", line 282, in <module>
    main(args)
  File "/nvme2/helen/EnzymeStructuralFiltering/filterzyme/PLACER/run_PLACER.py", line 196, in main
    outputs = placer.run(placer_input_iter, args.nsamples)
  File "/nvme2/helen/EnzymeStructuralFiltering/filterzyme/PLACER/PLACER.py", line 405, in run
    Xs,Ds,plDDTs,pDEVs = self.net()(**{k:item[k] for k in input_keys}, recycles=recycles, save_recycling_data=save_recycling_data)
  File "/home/helen/miniconda3/envs/placer_env/lib/python3.10/site-packages/torch/nn/modules/module.py", line 1532, in _wrapped_call_impl
    return self._call_impl(*args, **kwargs)
  File "/home/helen/miniconda3/envs/placer_env/lib/python3.10/site-packages/torch/nn/modules/module.py", line 1541, in _call_impl
    return forward_call(*args, **kwargs)
  File "/nvme2/helen/EnzymeStructuralFiltering/filterzyme/PLACER/modules/model.py", line 281, in forward
    single = self.init_single(f1d)
  File "/home/helen/miniconda3/envs/placer_env/lib/python3.10/site-packages/torch/nn/modules/module.py", line 1532, in _wrapped_call_impl
    return self._call_impl(*args, **kwargs)
  File "/home/helen/miniconda3/envs/placer_env/lib/python3.10/site-packages/torch/nn/modules/module.py", line 1541, in _call_impl
    return forward_call(*args, **kwargs)
  File "/nvme2/helen/EnzymeStructuralFiltering/filterzyme/PLACER/modules/model.py", line 155, in forward
    return self.net(f1d)
  File "/home/helen/miniconda3/envs/placer_env/lib/python3.10/site-packages/torch/nn/modules/module.py", line 1532, in _wrapped_call_impl
    return self._call_impl(*args, **kwargs)
  File "/home/helen/miniconda3/envs/placer_env/lib/python3.10/site-packages/torch/nn/modules/module.py", line 1541, in _call_impl
    return forward_call(*args, **kwargs)
  File "/home/helen/miniconda3/envs/placer_env/lib/python3.10/site-packages/torch/nn/modules/container.py", line 217, in forward
    input = module(input)
  File "/home/helen/miniconda3/envs/placer_env/lib/python3.10/site-packages/torch/nn/modules/module.py", line 1532, in _wrapped_call_impl
    return self._call_impl(*args, **kwargs)
  File "/home/helen/miniconda3/envs/placer_env/lib/python3.10/site-packages/torch/nn/modules/module.py", line 1541, in _call_impl
    return forward_call(*args, **kwargs)
  File "/home/helen/miniconda3/envs/placer_env/lib/python3.10/site-packages/torch/nn/modules/linear.py", line 116, in forward
    return F.linear(input, self.weight, self.bias)
RuntimeError: CUDA error: CUBLAS_STATUS_NOT_INITIALIZED when calling `cublasCreate(handle)`

2025-12-15 21:48:23,409 | INFO |Skipping EH88_Ethyl_3_oxohexanoate_0_chai, output already exists: EH88_Ethyl_3_oxohexanoate_0_chai.csv
2025-12-15 21:48:23,413 | INFO |Entry EH88_Geranyl_acetate_0_chai: Single ligand detected. Running standard mode...
2025-12-15 21:48:47,941 | ERROR |PLACER failed for EH88_Geranyl_acetate_0_chai: Traceback (most recent call last):
  File "/nvme2/helen/EnzymeStructuralFiltering/filterzyme/PLACER/run_PLACER.py", line 282, in <module>
    main(args)
  File "/nvme2/helen/EnzymeStructuralFiltering/filterzyme/PLACER/run_PLACER.py", line 196, in main
    outputs = placer.run(placer_input_iter, args.nsamples)
  File "/nvme2/helen/EnzymeStructuralFiltering/filterzyme/PLACER/PLACER.py", line 405, in run
    Xs,Ds,plDDTs,pDEVs = self.net()(**{k:item[k] for k in input_keys}, recycles=recycles, save_recycling_data=save_recycling_data)
  File "/home/helen/miniconda3/envs/placer_env/lib/python3.10/site-packages/torch/nn/modules/module.py", line 1532, in _wrapped_call_impl
    return self._call_impl(*args, **kwargs)
  File "/home/helen/miniconda3/envs/placer_env/lib/python3.10/site-packages/torch/nn/modules/module.py", line 1541, in _call_impl
    return forward_call(*args, **kwargs)
  File "/nvme2/helen/EnzymeStructuralFiltering/filterzyme/PLACER/modules/model.py", line 281, in forward
    single = self.init_single(f1d)
  File "/home/helen/miniconda3/envs/placer_env/lib/python3.10/site-packages/torch/nn/modules/module.py", line 1532, in _wrapped_call_impl
    return self._call_impl(*args, **kwargs)
  File "/home/helen/miniconda3/envs/placer_env/lib/python3.10/site-packages/torch/nn/modules/module.py", line 1541, in _call_impl
    return forward_call(*args, **kwargs)
  File "/nvme2/helen/EnzymeStructuralFiltering/filterzyme/PLACER/modules/model.py", line 155, in forward
    return self.net(f1d)
  File "/home/helen/miniconda3/envs/placer_env/lib/python3.10/site-packages/torch/nn/modules/module.py", line 1532, in _wrapped_call_impl
    return self._call_impl(*args, **kwargs)
  File "/home/helen/miniconda3/envs/placer_env/lib/python3.10/site-packages/torch/nn/modules/module.py", line 1541, in _call_impl
    return forward_call(*args, **kwargs)
  File "/home/helen/miniconda3/envs/placer_env/lib/python3.10/site-packages/torch/nn/modules/container.py", line 217, in forward
    input = module(input)
  File "/home/helen/miniconda3/envs/placer_env/lib/python3.10/site-packages/torch/nn/modules/module.py", line 1532, in _wrapped_call_impl
    return self._call_impl(*args, **kwargs)
  File "/home/helen/miniconda3/envs/placer_env/lib/python3.10/site-packages/torch/nn/modules/module.py", line 1541, in _call_impl
    return forward_call(*args, **kwargs)
  File "/home/helen/miniconda3/envs/placer_env/lib/python3.10/site-packages/torch/nn/modules/linear.py", line 116, in forward
    return F.linear(input, self.weight, self.bias)
RuntimeError: CUDA error: CUBLAS_STATUS_NOT_INITIALIZED when calling `cublasCreate(handle)`

2025-12-15 21:48:47,944 | INFO |Skipping EH88_L_Pantolactone_0_chai, output already exists: EH88_L_Pantolactone_0_chai.csv
2025-12-15 21:48:47,948 | INFO |Entry EH88_Vinyl_propionate_0_chai: Single ligand detected. Running standard mode...
2025-12-15 21:49:11,642 | ERROR |PLACER failed for EH88_Vinyl_propionate_0_chai: Traceback (most recent call last):
  File "/nvme2/helen/EnzymeStructuralFiltering/filterzyme/PLACER/run_PLACER.py", line 282, in <module>
    main(args)
  File "/nvme2/helen/EnzymeStructuralFiltering/filterzyme/PLACER/run_PLACER.py", line 196, in main
    outputs = placer.run(placer_input_iter, args.nsamples)
  File "/nvme2/helen/EnzymeStructuralFiltering/filterzyme/PLACER/PLACER.py", line 405, in run
    Xs,Ds,plDDTs,pDEVs = self.net()(**{k:item[k] for k in input_keys}, recycles=recycles, save_recycling_data=save_recycling_data)
  File "/home/helen/miniconda3/envs/placer_env/lib/python3.10/site-packages/torch/nn/modules/module.py", line 1532, in _wrapped_call_impl
    return self._call_impl(*args, **kwargs)
  File "/home/helen/miniconda3/envs/placer_env/lib/python3.10/site-packages/torch/nn/modules/module.py", line 1541, in _call_impl
    return forward_call(*args, **kwargs)
  File "/nvme2/helen/EnzymeStructuralFiltering/filterzyme/PLACER/modules/model.py", line 281, in forward
    single = self.init_single(f1d)
  File "/home/helen/miniconda3/envs/placer_env/lib/python3.10/site-packages/torch/nn/modules/module.py", line 1532, in _wrapped_call_impl
    return self._call_impl(*args, **kwargs)
  File "/home/helen/miniconda3/envs/placer_env/lib/python3.10/site-packages/torch/nn/modules/module.py", line 1541, in _call_impl
    return forward_call(*args, **kwargs)
  File "/nvme2/helen/EnzymeStructuralFiltering/filterzyme/PLACER/modules/model.py", line 155, in forward
    return self.net(f1d)
  File "/home/helen/miniconda3/envs/placer_env/lib/python3.10/site-packages/torch/nn/modules/module.py", line 1532, in _wrapped_call_impl
    return self._call_impl(*args, **kwargs)
  File "/home/helen/miniconda3/envs/placer_env/lib/python3.10/site-packages/torch/nn/modules/module.py", line 1541, in _call_impl
    return forward_call(*args, **kwargs)
  File "/home/helen/miniconda3/envs/placer_env/lib/python3.10/site-packages/torch/nn/modules/container.py", line 217, in forward
    input = module(input)
  File "/home/helen/miniconda3/envs/placer_env/lib/python3.10/site-packages/torch/nn/modules/module.py", line 1532, in _wrapped_call_impl
    return self._call_impl(*args, **kwargs)
  File "/home/helen/miniconda3/envs/placer_env/lib/python3.10/site-packages/torch/nn/modules/module.py", line 1541, in _call_impl
    return forward_call(*args, **kwargs)
  File "/home/helen/miniconda3/envs/placer_env/lib/python3.10/site-packages/torch/nn/modules/linear.py", line 116, in forward
    return F.linear(input, self.weight, self.bias)
RuntimeError: CUDA error: CUBLAS_STATUS_NOT_INITIALIZED when calling `cublasCreate(handle)`

2025-12-15 21:49:11,648 | INFO |Entry EH89_1_Napthyl_acetate_0_chai: Single ligand detected. Running standard mode...
2025-12-15 21:49:35,577 | ERROR |PLACER failed for EH89_1_Napthyl_acetate_0_chai: Traceback (most recent call last):
  File "/nvme2/helen/EnzymeStructuralFiltering/filterzyme/PLACER/run_PLACER.py", line 282, in <module>
    main(args)
  File "/nvme2/helen/EnzymeStructuralFiltering/filterzyme/PLACER/run_PLACER.py", line 196, in main
    outputs = placer.run(placer_input_iter, args.nsamples)
  File "/nvme2/helen/EnzymeStructuralFiltering/filterzyme/PLACER/PLACER.py", line 405, in run
    Xs,Ds,plDDTs,pDEVs = self.net()(**{k:item[k] for k in input_keys}, recycles=recycles, save_recycling_data=save_recycling_data)
  File "/home/helen/miniconda3/envs/placer_env/lib/python3.10/site-packages/torch/nn/modules/module.py", line 1532, in _wrapped_call_impl
    return self._call_impl(*args, **kwargs)
  File "/home/helen/miniconda3/envs/placer_env/lib/python3.10/site-packages/torch/nn/modules/module.py", line 1541, in _call_impl
    return forward_call(*args, **kwargs)
  File "/nvme2/helen/EnzymeStructuralFiltering/filterzyme/PLACER/modules/model.py", line 281, in forward
    single = self.init_single(f1d)
  File "/home/helen/miniconda3/envs/placer_env/lib/python3.10/site-packages/torch/nn/modules/module.py", line 1532, in _wrapped_call_impl
    return self._call_impl(*args, **kwargs)
  File "/home/helen/miniconda3/envs/placer_env/lib/python3.10/site-packages/torch/nn/modules/module.py", line 1541, in _call_impl
    return forward_call(*args, **kwargs)
  File "/nvme2/helen/EnzymeStructuralFiltering/filterzyme/PLACER/modules/model.py", line 155, in forward
    return self.net(f1d)
  File "/home/helen/miniconda3/envs/placer_env/lib/python3.10/site-packages/torch/nn/modules/module.py", line 1532, in _wrapped_call_impl
    return self._call_impl(*args, **kwargs)
  File "/home/helen/miniconda3/envs/placer_env/lib/python3.10/site-packages/torch/nn/modules/module.py", line 1541, in _call_impl
    return forward_call(*args, **kwargs)
  File "/home/helen/miniconda3/envs/placer_env/lib/python3.10/site-packages/torch/nn/modules/container.py", line 217, in forward
    input = module(input)
  File "/home/helen/miniconda3/envs/placer_env/lib/python3.10/site-packages/torch/nn/modules/module.py", line 1532, in _wrapped_call_impl
    return self._call_impl(*args, **kwargs)
  File "/home/helen/miniconda3/envs/placer_env/lib/python3.10/site-packages/torch/nn/modules/module.py", line 1541, in _call_impl
    return forward_call(*args, **kwargs)
  File "/home/helen/miniconda3/envs/placer_env/lib/python3.10/site-packages/torch/nn/modules/linear.py", line 116, in forward
    return F.linear(input, self.weight, self.bias)
RuntimeError: CUDA error: CUBLAS_STATUS_NOT_INITIALIZED when calling `cublasCreate(handle)`

2025-12-15 21:49:35,582 | INFO |Entry EH89_Ethyl_3_oxohexanoate_0_chai: Single ligand detected. Running standard mode...
2025-12-15 21:49:59,210 | ERROR |PLACER failed for EH89_Ethyl_3_oxohexanoate_0_chai: Traceback (most recent call last):
  File "/nvme2/helen/EnzymeStructuralFiltering/filterzyme/PLACER/run_PLACER.py", line 282, in <module>
    main(args)
  File "/nvme2/helen/EnzymeStructuralFiltering/filterzyme/PLACER/run_PLACER.py", line 196, in main
    outputs = placer.run(placer_input_iter, args.nsamples)
  File "/nvme2/helen/EnzymeStructuralFiltering/filterzyme/PLACER/PLACER.py", line 405, in run
    Xs,Ds,plDDTs,pDEVs = self.net()(**{k:item[k] for k in input_keys}, recycles=recycles, save_recycling_data=save_recycling_data)
  File "/home/helen/miniconda3/envs/placer_env/lib/python3.10/site-packages/torch/nn/modules/module.py", line 1532, in _wrapped_call_impl
    return self._call_impl(*args, **kwargs)
  File "/home/helen/miniconda3/envs/placer_env/lib/python3.10/site-packages/torch/nn/modules/module.py", line 1541, in _call_impl
    return forward_call(*args, **kwargs)
  File "/nvme2/helen/EnzymeStructuralFiltering/filterzyme/PLACER/modules/model.py", line 281, in forward
    single = self.init_single(f1d)
  File "/home/helen/miniconda3/envs/placer_env/lib/python3.10/site-packages/torch/nn/modules/module.py", line 1532, in _wrapped_call_impl
    return self._call_impl(*args, **kwargs)
  File "/home/helen/miniconda3/envs/placer_env/lib/python3.10/site-packages/torch/nn/modules/module.py", line 1541, in _call_impl
    return forward_call(*args, **kwargs)
  File "/nvme2/helen/EnzymeStructuralFiltering/filterzyme/PLACER/modules/model.py", line 155, in forward
    return self.net(f1d)
  File "/home/helen/miniconda3/envs/placer_env/lib/python3.10/site-packages/torch/nn/modules/module.py", line 1532, in _wrapped_call_impl
    return self._call_impl(*args, **kwargs)
  File "/home/helen/miniconda3/envs/placer_env/lib/python3.10/site-packages/torch/nn/modules/module.py", line 1541, in _call_impl
    return forward_call(*args, **kwargs)
  File "/home/helen/miniconda3/envs/placer_env/lib/python3.10/site-packages/torch/nn/modules/container.py", line 217, in forward
    input = module(input)
  File "/home/helen/miniconda3/envs/placer_env/lib/python3.10/site-packages/torch/nn/modules/module.py", line 1532, in _wrapped_call_impl
    return self._call_impl(*args, **kwargs)
  File "/home/helen/miniconda3/envs/placer_env/lib/python3.10/site-packages/torch/nn/modules/module.py", line 1541, in _call_impl
    return forward_call(*args, **kwargs)
  File "/home/helen/miniconda3/envs/placer_env/lib/python3.10/site-packages/torch/nn/modules/linear.py", line 116, in forward
    return F.linear(input, self.weight, self.bias)
RuntimeError: CUDA error: CUBLAS_STATUS_NOT_INITIALIZED when calling `cublasCreate(handle)`

2025-12-15 21:49:59,216 | INFO |Entry EH89_Geranyl_acetate_0_chai: Single ligand detected. Running standard mode...
2025-12-15 21:50:22,029 | ERROR |PLACER failed for EH89_Geranyl_acetate_0_chai: Traceback (most recent call last):
  File "/nvme2/helen/EnzymeStructuralFiltering/filterzyme/PLACER/run_PLACER.py", line 282, in <module>
    main(args)
  File "/nvme2/helen/EnzymeStructuralFiltering/filterzyme/PLACER/run_PLACER.py", line 196, in main
    outputs = placer.run(placer_input_iter, args.nsamples)
  File "/nvme2/helen/EnzymeStructuralFiltering/filterzyme/PLACER/PLACER.py", line 405, in run
    Xs,Ds,plDDTs,pDEVs = self.net()(**{k:item[k] for k in input_keys}, recycles=recycles, save_recycling_data=save_recycling_data)
  File "/home/helen/miniconda3/envs/placer_env/lib/python3.10/site-packages/torch/nn/modules/module.py", line 1532, in _wrapped_call_impl
    return self._call_impl(*args, **kwargs)
  File "/home/helen/miniconda3/envs/placer_env/lib/python3.10/site-packages/torch/nn/modules/module.py", line 1541, in _call_impl
    return forward_call(*args, **kwargs)
  File "/nvme2/helen/EnzymeStructuralFiltering/filterzyme/PLACER/modules/model.py", line 281, in forward
    single = self.init_single(f1d)
  File "/home/helen/miniconda3/envs/placer_env/lib/python3.10/site-packages/torch/nn/modules/module.py", line 1532, in _wrapped_call_impl
    return self._call_impl(*args, **kwargs)
  File "/home/helen/miniconda3/envs/placer_env/lib/python3.10/site-packages/torch/nn/modules/module.py", line 1541, in _call_impl
    return forward_call(*args, **kwargs)
  File "/nvme2/helen/EnzymeStructuralFiltering/filterzyme/PLACER/modules/model.py", line 155, in forward
    return self.net(f1d)
  File "/home/helen/miniconda3/envs/placer_env/lib/python3.10/site-packages/torch/nn/modules/module.py", line 1532, in _wrapped_call_impl
    return self._call_impl(*args, **kwargs)
  File "/home/helen/miniconda3/envs/placer_env/lib/python3.10/site-packages/torch/nn/modules/module.py", line 1541, in _call_impl
    return forward_call(*args, **kwargs)
  File "/home/helen/miniconda3/envs/placer_env/lib/python3.10/site-packages/torch/nn/modules/container.py", line 217, in forward
    input = module(input)
  File "/home/helen/miniconda3/envs/placer_env/lib/python3.10/site-packages/torch/nn/modules/module.py", line 1532, in _wrapped_call_impl
    return self._call_impl(*args, **kwargs)
  File "/home/helen/miniconda3/envs/placer_env/lib/python3.10/site-packages/torch/nn/modules/module.py", line 1541, in _call_impl
    return forward_call(*args, **kwargs)
  File "/home/helen/miniconda3/envs/placer_env/lib/python3.10/site-packages/torch/nn/modules/linear.py", line 116, in forward
    return F.linear(input, self.weight, self.bias)
RuntimeError: CUDA error: CUBLAS_STATUS_NOT_INITIALIZED when calling `cublasCreate(handle)`

2025-12-15 21:50:22,035 | INFO |Entry EH89_L_Pantolactone_0_chai: Single ligand detected. Running standard mode...
2025-12-15 21:50:45,747 | ERROR |PLACER failed for EH89_L_Pantolactone_0_chai: Traceback (most recent call last):
  File "/nvme2/helen/EnzymeStructuralFiltering/filterzyme/PLACER/run_PLACER.py", line 282, in <module>
    main(args)
  File "/nvme2/helen/EnzymeStructuralFiltering/filterzyme/PLACER/run_PLACER.py", line 196, in main
    outputs = placer.run(placer_input_iter, args.nsamples)
  File "/nvme2/helen/EnzymeStructuralFiltering/filterzyme/PLACER/PLACER.py", line 405, in run
    Xs,Ds,plDDTs,pDEVs = self.net()(**{k:item[k] for k in input_keys}, recycles=recycles, save_recycling_data=save_recycling_data)
  File "/home/helen/miniconda3/envs/placer_env/lib/python3.10/site-packages/torch/nn/modules/module.py", line 1532, in _wrapped_call_impl
    return self._call_impl(*args, **kwargs)
  File "/home/helen/miniconda3/envs/placer_env/lib/python3.10/site-packages/torch/nn/modules/module.py", line 1541, in _call_impl
    return forward_call(*args, **kwargs)
  File "/nvme2/helen/EnzymeStructuralFiltering/filterzyme/PLACER/modules/model.py", line 281, in forward
    single = self.init_single(f1d)
  File "/home/helen/miniconda3/envs/placer_env/lib/python3.10/site-packages/torch/nn/modules/module.py", line 1532, in _wrapped_call_impl
    return self._call_impl(*args, **kwargs)
  File "/home/helen/miniconda3/envs/placer_env/lib/python3.10/site-packages/torch/nn/modules/module.py", line 1541, in _call_impl
    return forward_call(*args, **kwargs)
  File "/nvme2/helen/EnzymeStructuralFiltering/filterzyme/PLACER/modules/model.py", line 155, in forward
    return self.net(f1d)
  File "/home/helen/miniconda3/envs/placer_env/lib/python3.10/site-packages/torch/nn/modules/module.py", line 1532, in _wrapped_call_impl
    return self._call_impl(*args, **kwargs)
  File "/home/helen/miniconda3/envs/placer_env/lib/python3.10/site-packages/torch/nn/modules/module.py", line 1541, in _call_impl
    return forward_call(*args, **kwargs)
  File "/home/helen/miniconda3/envs/placer_env/lib/python3.10/site-packages/torch/nn/modules/container.py", line 217, in forward
    input = module(input)
  File "/home/helen/miniconda3/envs/placer_env/lib/python3.10/site-packages/torch/nn/modules/module.py", line 1532, in _wrapped_call_impl
    return self._call_impl(*args, **kwargs)
  File "/home/helen/miniconda3/envs/placer_env/lib/python3.10/site-packages/torch/nn/modules/module.py", line 1541, in _call_impl
    return forward_call(*args, **kwargs)
  File "/home/helen/miniconda3/envs/placer_env/lib/python3.10/site-packages/torch/nn/modules/linear.py", line 116, in forward
    return F.linear(input, self.weight, self.bias)
RuntimeError: CUDA error: CUBLAS_STATUS_NOT_INITIALIZED when calling `cublasCreate(handle)`

2025-12-15 21:50:45,753 | INFO |Entry EH89_Vinyl_propionate_0_chai: Single ligand detected. Running standard mode...
2025-12-15 21:53:57,287 | INFO |Entry EH8_1_Napthyl_acetate_0_chai: Single ligand detected. Running standard mode...
2025-12-15 21:57:06,568 | INFO |Skipping EH8_Ethyl_3_oxohexanoate_0_chai, output already exists: EH8_Ethyl_3_oxohexanoate_0_chai.csv
2025-12-15 21:57:06,569 | INFO |Skipping EH8_Geranyl_acetate_0_chai, output already exists: EH8_Geranyl_acetate_0_chai.csv
2025-12-15 21:57:06,572 | INFO |Entry EH8_L_Pantolactone_0_chai: Single ligand detected. Running standard mode...
2025-12-15 21:57:23,522 | ERROR |PLACER failed for EH8_L_Pantolactone_0_chai: Traceback (most recent call last):
  File "/nvme2/helen/EnzymeStructuralFiltering/filterzyme/PLACER/run_PLACER.py", line 282, in <module>
    main(args)
  File "/nvme2/helen/EnzymeStructuralFiltering/filterzyme/PLACER/run_PLACER.py", line 196, in main
    outputs = placer.run(placer_input_iter, args.nsamples)
  File "/nvme2/helen/EnzymeStructuralFiltering/filterzyme/PLACER/PLACER.py", line 405, in run
    Xs,Ds,plDDTs,pDEVs = self.net()(**{k:item[k] for k in input_keys}, recycles=recycles, save_recycling_data=save_recycling_data)
  File "/home/helen/miniconda3/envs/placer_env/lib/python3.10/site-packages/torch/nn/modules/module.py", line 1532, in _wrapped_call_impl
    return self._call_impl(*args, **kwargs)
  File "/home/helen/miniconda3/envs/placer_env/lib/python3.10/site-packages/torch/nn/modules/module.py", line 1541, in _call_impl
    return forward_call(*args, **kwargs)
  File "/nvme2/helen/EnzymeStructuralFiltering/filterzyme/PLACER/modules/model.py", line 281, in forward
    single = self.init_single(f1d)
  File "/home/helen/miniconda3/envs/placer_env/lib/python3.10/site-packages/torch/nn/modules/module.py", line 1532, in _wrapped_call_impl
    return self._call_impl(*args, **kwargs)
  File "/home/helen/miniconda3/envs/placer_env/lib/python3.10/site-packages/torch/nn/modules/module.py", line 1541, in _call_impl
    return forward_call(*args, **kwargs)
  File "/nvme2/helen/EnzymeStructuralFiltering/filterzyme/PLACER/modules/model.py", line 155, in forward
    return self.net(f1d)
  File "/home/helen/miniconda3/envs/placer_env/lib/python3.10/site-packages/torch/nn/modules/module.py", line 1532, in _wrapped_call_impl
    return self._call_impl(*args, **kwargs)
  File "/home/helen/miniconda3/envs/placer_env/lib/python3.10/site-packages/torch/nn/modules/module.py", line 1541, in _call_impl
    return forward_call(*args, **kwargs)
  File "/home/helen/miniconda3/envs/placer_env/lib/python3.10/site-packages/torch/nn/modules/container.py", line 217, in forward
    input = module(input)
  File "/home/helen/miniconda3/envs/placer_env/lib/python3.10/site-packages/torch/nn/modules/module.py", line 1532, in _wrapped_call_impl
    return self._call_impl(*args, **kwargs)
  File "/home/helen/miniconda3/envs/placer_env/lib/python3.10/site-packages/torch/nn/modules/module.py", line 1541, in _call_impl
    return forward_call(*args, **kwargs)
  File "/home/helen/miniconda3/envs/placer_env/lib/python3.10/site-packages/torch/nn/modules/linear.py", line 116, in forward
    return F.linear(input, self.weight, self.bias)
RuntimeError: CUDA error: CUBLAS_STATUS_NOT_INITIALIZED when calling `cublasCreate(handle)`

2025-12-15 21:57:23,527 | INFO |Entry EH8_Vinyl_propionate_0_chai: Single ligand detected. Running standard mode...
2025-12-15 21:57:45,469 | ERROR |CUDA OOM on EH8_Vinyl_propionate_0_chai.
2025-12-15 21:57:45,473 | INFO |Entry EH90_1_Napthyl_acetate_0_chai: Single ligand detected. Running standard mode...
2025-12-15 21:58:05,692 | ERROR |PLACER failed for EH90_1_Napthyl_acetate_0_chai: Traceback (most recent call last):
  File "/nvme2/helen/EnzymeStructuralFiltering/filterzyme/PLACER/run_PLACER.py", line 282, in <module>
    main(args)
  File "/nvme2/helen/EnzymeStructuralFiltering/filterzyme/PLACER/run_PLACER.py", line 196, in main
    outputs = placer.run(placer_input_iter, args.nsamples)
  File "/nvme2/helen/EnzymeStructuralFiltering/filterzyme/PLACER/PLACER.py", line 405, in run
    Xs,Ds,plDDTs,pDEVs = self.net()(**{k:item[k] for k in input_keys}, recycles=recycles, save_recycling_data=save_recycling_data)
  File "/home/helen/miniconda3/envs/placer_env/lib/python3.10/site-packages/torch/nn/modules/module.py", line 1532, in _wrapped_call_impl
    return self._call_impl(*args, **kwargs)
  File "/home/helen/miniconda3/envs/placer_env/lib/python3.10/site-packages/torch/nn/modules/module.py", line 1541, in _call_impl
    return forward_call(*args, **kwargs)
  File "/nvme2/helen/EnzymeStructuralFiltering/filterzyme/PLACER/modules/model.py", line 281, in forward
    single = self.init_single(f1d)
  File "/home/helen/miniconda3/envs/placer_env/lib/python3.10/site-packages/torch/nn/modules/module.py", line 1532, in _wrapped_call_impl
    return self._call_impl(*args, **kwargs)
  File "/home/helen/miniconda3/envs/placer_env/lib/python3.10/site-packages/torch/nn/modules/module.py", line 1541, in _call_impl
    return forward_call(*args, **kwargs)
  File "/nvme2/helen/EnzymeStructuralFiltering/filterzyme/PLACER/modules/model.py", line 155, in forward
    return self.net(f1d)
  File "/home/helen/miniconda3/envs/placer_env/lib/python3.10/site-packages/torch/nn/modules/module.py", line 1532, in _wrapped_call_impl
    return self._call_impl(*args, **kwargs)
  File "/home/helen/miniconda3/envs/placer_env/lib/python3.10/site-packages/torch/nn/modules/module.py", line 1541, in _call_impl
    return forward_call(*args, **kwargs)
  File "/home/helen/miniconda3/envs/placer_env/lib/python3.10/site-packages/torch/nn/modules/container.py", line 217, in forward
    input = module(input)
  File "/home/helen/miniconda3/envs/placer_env/lib/python3.10/site-packages/torch/nn/modules/module.py", line 1532, in _wrapped_call_impl
    return self._call_impl(*args, **kwargs)
  File "/home/helen/miniconda3/envs/placer_env/lib/python3.10/site-packages/torch/nn/modules/module.py", line 1541, in _call_impl
    return forward_call(*args, **kwargs)
  File "/home/helen/miniconda3/envs/placer_env/lib/python3.10/site-packages/torch/nn/modules/linear.py", line 116, in forward
    return F.linear(input, self.weight, self.bias)
RuntimeError: CUDA error: CUBLAS_STATUS_NOT_INITIALIZED when calling `cublasCreate(handle)`

2025-12-15 21:58:05,696 | INFO |Entry EH90_Ethyl_3_oxohexanoate_0_chai: Single ligand detected. Running standard mode...
2025-12-15 21:58:25,912 | ERROR |PLACER failed for EH90_Ethyl_3_oxohexanoate_0_chai: Traceback (most recent call last):
  File "/nvme2/helen/EnzymeStructuralFiltering/filterzyme/PLACER/run_PLACER.py", line 282, in <module>
    main(args)
  File "/nvme2/helen/EnzymeStructuralFiltering/filterzyme/PLACER/run_PLACER.py", line 196, in main
    outputs = placer.run(placer_input_iter, args.nsamples)
  File "/nvme2/helen/EnzymeStructuralFiltering/filterzyme/PLACER/PLACER.py", line 405, in run
    Xs,Ds,plDDTs,pDEVs = self.net()(**{k:item[k] for k in input_keys}, recycles=recycles, save_recycling_data=save_recycling_data)
  File "/home/helen/miniconda3/envs/placer_env/lib/python3.10/site-packages/torch/nn/modules/module.py", line 1532, in _wrapped_call_impl
    return self._call_impl(*args, **kwargs)
  File "/home/helen/miniconda3/envs/placer_env/lib/python3.10/site-packages/torch/nn/modules/module.py", line 1541, in _call_impl
    return forward_call(*args, **kwargs)
  File "/nvme2/helen/EnzymeStructuralFiltering/filterzyme/PLACER/modules/model.py", line 281, in forward
    single = self.init_single(f1d)
  File "/home/helen/miniconda3/envs/placer_env/lib/python3.10/site-packages/torch/nn/modules/module.py", line 1532, in _wrapped_call_impl
    return self._call_impl(*args, **kwargs)
  File "/home/helen/miniconda3/envs/placer_env/lib/python3.10/site-packages/torch/nn/modules/module.py", line 1541, in _call_impl
    return forward_call(*args, **kwargs)
  File "/nvme2/helen/EnzymeStructuralFiltering/filterzyme/PLACER/modules/model.py", line 155, in forward
    return self.net(f1d)
  File "/home/helen/miniconda3/envs/placer_env/lib/python3.10/site-packages/torch/nn/modules/module.py", line 1532, in _wrapped_call_impl
    return self._call_impl(*args, **kwargs)
  File "/home/helen/miniconda3/envs/placer_env/lib/python3.10/site-packages/torch/nn/modules/module.py", line 1541, in _call_impl
    return forward_call(*args, **kwargs)
  File "/home/helen/miniconda3/envs/placer_env/lib/python3.10/site-packages/torch/nn/modules/container.py", line 217, in forward
    input = module(input)
  File "/home/helen/miniconda3/envs/placer_env/lib/python3.10/site-packages/torch/nn/modules/module.py", line 1532, in _wrapped_call_impl
    return self._call_impl(*args, **kwargs)
  File "/home/helen/miniconda3/envs/placer_env/lib/python3.10/site-packages/torch/nn/modules/module.py", line 1541, in _call_impl
    return forward_call(*args, **kwargs)
  File "/home/helen/miniconda3/envs/placer_env/lib/python3.10/site-packages/torch/nn/modules/linear.py", line 116, in forward
    return F.linear(input, self.weight, self.bias)
RuntimeError: CUDA error: CUBLAS_STATUS_NOT_INITIALIZED when calling `cublasCreate(handle)`

2025-12-15 21:58:25,917 | INFO |Entry EH90_Geranyl_acetate_0_chai: Single ligand detected. Running standard mode...
2025-12-15 21:58:45,949 | ERROR |PLACER failed for EH90_Geranyl_acetate_0_chai: Traceback (most recent call last):
  File "/nvme2/helen/EnzymeStructuralFiltering/filterzyme/PLACER/run_PLACER.py", line 282, in <module>
    main(args)
  File "/nvme2/helen/EnzymeStructuralFiltering/filterzyme/PLACER/run_PLACER.py", line 196, in main
    outputs = placer.run(placer_input_iter, args.nsamples)
  File "/nvme2/helen/EnzymeStructuralFiltering/filterzyme/PLACER/PLACER.py", line 405, in run
    Xs,Ds,plDDTs,pDEVs = self.net()(**{k:item[k] for k in input_keys}, recycles=recycles, save_recycling_data=save_recycling_data)
  File "/home/helen/miniconda3/envs/placer_env/lib/python3.10/site-packages/torch/nn/modules/module.py", line 1532, in _wrapped_call_impl
    return self._call_impl(*args, **kwargs)
  File "/home/helen/miniconda3/envs/placer_env/lib/python3.10/site-packages/torch/nn/modules/module.py", line 1541, in _call_impl
    return forward_call(*args, **kwargs)
  File "/nvme2/helen/EnzymeStructuralFiltering/filterzyme/PLACER/modules/model.py", line 281, in forward
    single = self.init_single(f1d)
  File "/home/helen/miniconda3/envs/placer_env/lib/python3.10/site-packages/torch/nn/modules/module.py", line 1532, in _wrapped_call_impl
    return self._call_impl(*args, **kwargs)
  File "/home/helen/miniconda3/envs/placer_env/lib/python3.10/site-packages/torch/nn/modules/module.py", line 1541, in _call_impl
    return forward_call(*args, **kwargs)
  File "/nvme2/helen/EnzymeStructuralFiltering/filterzyme/PLACER/modules/model.py", line 155, in forward
    return self.net(f1d)
  File "/home/helen/miniconda3/envs/placer_env/lib/python3.10/site-packages/torch/nn/modules/module.py", line 1532, in _wrapped_call_impl
    return self._call_impl(*args, **kwargs)
  File "/home/helen/miniconda3/envs/placer_env/lib/python3.10/site-packages/torch/nn/modules/module.py", line 1541, in _call_impl
    return forward_call(*args, **kwargs)
  File "/home/helen/miniconda3/envs/placer_env/lib/python3.10/site-packages/torch/nn/modules/container.py", line 217, in forward
    input = module(input)
  File "/home/helen/miniconda3/envs/placer_env/lib/python3.10/site-packages/torch/nn/modules/module.py", line 1532, in _wrapped_call_impl
    return self._call_impl(*args, **kwargs)
  File "/home/helen/miniconda3/envs/placer_env/lib/python3.10/site-packages/torch/nn/modules/module.py", line 1541, in _call_impl
    return forward_call(*args, **kwargs)
  File "/home/helen/miniconda3/envs/placer_env/lib/python3.10/site-packages/torch/nn/modules/linear.py", line 116, in forward
    return F.linear(input, self.weight, self.bias)
RuntimeError: CUDA error: CUBLAS_STATUS_NOT_INITIALIZED when calling `cublasCreate(handle)`

2025-12-15 21:58:45,954 | INFO |Entry EH90_L_Pantolactone_0_chai: Single ligand detected. Running standard mode...
2025-12-15 21:59:06,148 | ERROR |PLACER failed for EH90_L_Pantolactone_0_chai: Traceback (most recent call last):
  File "/nvme2/helen/EnzymeStructuralFiltering/filterzyme/PLACER/run_PLACER.py", line 282, in <module>
    main(args)
  File "/nvme2/helen/EnzymeStructuralFiltering/filterzyme/PLACER/run_PLACER.py", line 196, in main
    outputs = placer.run(placer_input_iter, args.nsamples)
  File "/nvme2/helen/EnzymeStructuralFiltering/filterzyme/PLACER/PLACER.py", line 405, in run
    Xs,Ds,plDDTs,pDEVs = self.net()(**{k:item[k] for k in input_keys}, recycles=recycles, save_recycling_data=save_recycling_data)
  File "/home/helen/miniconda3/envs/placer_env/lib/python3.10/site-packages/torch/nn/modules/module.py", line 1532, in _wrapped_call_impl
    return self._call_impl(*args, **kwargs)
  File "/home/helen/miniconda3/envs/placer_env/lib/python3.10/site-packages/torch/nn/modules/module.py", line 1541, in _call_impl
    return forward_call(*args, **kwargs)
  File "/nvme2/helen/EnzymeStructuralFiltering/filterzyme/PLACER/modules/model.py", line 281, in forward
    single = self.init_single(f1d)
  File "/home/helen/miniconda3/envs/placer_env/lib/python3.10/site-packages/torch/nn/modules/module.py", line 1532, in _wrapped_call_impl
    return self._call_impl(*args, **kwargs)
  File "/home/helen/miniconda3/envs/placer_env/lib/python3.10/site-packages/torch/nn/modules/module.py", line 1541, in _call_impl
    return forward_call(*args, **kwargs)
  File "/nvme2/helen/EnzymeStructuralFiltering/filterzyme/PLACER/modules/model.py", line 155, in forward
    return self.net(f1d)
  File "/home/helen/miniconda3/envs/placer_env/lib/python3.10/site-packages/torch/nn/modules/module.py", line 1532, in _wrapped_call_impl
    return self._call_impl(*args, **kwargs)
  File "/home/helen/miniconda3/envs/placer_env/lib/python3.10/site-packages/torch/nn/modules/module.py", line 1541, in _call_impl
    return forward_call(*args, **kwargs)
  File "/home/helen/miniconda3/envs/placer_env/lib/python3.10/site-packages/torch/nn/modules/container.py", line 217, in forward
    input = module(input)
  File "/home/helen/miniconda3/envs/placer_env/lib/python3.10/site-packages/torch/nn/modules/module.py", line 1532, in _wrapped_call_impl
    return self._call_impl(*args, **kwargs)
  File "/home/helen/miniconda3/envs/placer_env/lib/python3.10/site-packages/torch/nn/modules/module.py", line 1541, in _call_impl
    return forward_call(*args, **kwargs)
  File "/home/helen/miniconda3/envs/placer_env/lib/python3.10/site-packages/torch/nn/modules/linear.py", line 116, in forward
    return F.linear(input, self.weight, self.bias)
RuntimeError: CUDA error: CUBLAS_STATUS_NOT_INITIALIZED when calling `cublasCreate(handle)`

2025-12-15 21:59:06,153 | INFO |Entry EH90_Vinyl_propionate_0_chai: Single ligand detected. Running standard mode...
2025-12-15 21:59:26,564 | ERROR |PLACER failed for EH90_Vinyl_propionate_0_chai: Traceback (most recent call last):
  File "/nvme2/helen/EnzymeStructuralFiltering/filterzyme/PLACER/run_PLACER.py", line 282, in <module>
    main(args)
  File "/nvme2/helen/EnzymeStructuralFiltering/filterzyme/PLACER/run_PLACER.py", line 196, in main
    outputs = placer.run(placer_input_iter, args.nsamples)
  File "/nvme2/helen/EnzymeStructuralFiltering/filterzyme/PLACER/PLACER.py", line 405, in run
    Xs,Ds,plDDTs,pDEVs = self.net()(**{k:item[k] for k in input_keys}, recycles=recycles, save_recycling_data=save_recycling_data)
  File "/home/helen/miniconda3/envs/placer_env/lib/python3.10/site-packages/torch/nn/modules/module.py", line 1532, in _wrapped_call_impl
    return self._call_impl(*args, **kwargs)
  File "/home/helen/miniconda3/envs/placer_env/lib/python3.10/site-packages/torch/nn/modules/module.py", line 1541, in _call_impl
    return forward_call(*args, **kwargs)
  File "/nvme2/helen/EnzymeStructuralFiltering/filterzyme/PLACER/modules/model.py", line 281, in forward
    single = self.init_single(f1d)
  File "/home/helen/miniconda3/envs/placer_env/lib/python3.10/site-packages/torch/nn/modules/module.py", line 1532, in _wrapped_call_impl
    return self._call_impl(*args, **kwargs)
  File "/home/helen/miniconda3/envs/placer_env/lib/python3.10/site-packages/torch/nn/modules/module.py", line 1541, in _call_impl
    return forward_call(*args, **kwargs)
  File "/nvme2/helen/EnzymeStructuralFiltering/filterzyme/PLACER/modules/model.py", line 155, in forward
    return self.net(f1d)
  File "/home/helen/miniconda3/envs/placer_env/lib/python3.10/site-packages/torch/nn/modules/module.py", line 1532, in _wrapped_call_impl
    return self._call_impl(*args, **kwargs)
  File "/home/helen/miniconda3/envs/placer_env/lib/python3.10/site-packages/torch/nn/modules/module.py", line 1541, in _call_impl
    return forward_call(*args, **kwargs)
  File "/home/helen/miniconda3/envs/placer_env/lib/python3.10/site-packages/torch/nn/modules/container.py", line 217, in forward
    input = module(input)
  File "/home/helen/miniconda3/envs/placer_env/lib/python3.10/site-packages/torch/nn/modules/module.py", line 1532, in _wrapped_call_impl
    return self._call_impl(*args, **kwargs)
  File "/home/helen/miniconda3/envs/placer_env/lib/python3.10/site-packages/torch/nn/modules/module.py", line 1541, in _call_impl
    return forward_call(*args, **kwargs)
  File "/home/helen/miniconda3/envs/placer_env/lib/python3.10/site-packages/torch/nn/modules/linear.py", line 116, in forward
    return F.linear(input, self.weight, self.bias)
RuntimeError: CUDA error: CUBLAS_STATUS_NOT_INITIALIZED when calling `cublasCreate(handle)`

2025-12-15 21:59:26,567 | INFO |Skipping EH91_1_Napthyl_acetate_0_chai, output already exists: EH91_1_Napthyl_acetate_0_chai.csv
2025-12-15 21:59:26,571 | INFO |Entry EH91_Ethyl_3_oxohexanoate_0_chai: Single ligand detected. Running standard mode...
2025-12-15 21:59:46,229 | ERROR |PLACER failed for EH91_Ethyl_3_oxohexanoate_0_chai: Traceback (most recent call last):
  File "/nvme2/helen/EnzymeStructuralFiltering/filterzyme/PLACER/run_PLACER.py", line 282, in <module>
    main(args)
  File "/nvme2/helen/EnzymeStructuralFiltering/filterzyme/PLACER/run_PLACER.py", line 196, in main
    outputs = placer.run(placer_input_iter, args.nsamples)
  File "/nvme2/helen/EnzymeStructuralFiltering/filterzyme/PLACER/PLACER.py", line 405, in run
    Xs,Ds,plDDTs,pDEVs = self.net()(**{k:item[k] for k in input_keys}, recycles=recycles, save_recycling_data=save_recycling_data)
  File "/home/helen/miniconda3/envs/placer_env/lib/python3.10/site-packages/torch/nn/modules/module.py", line 1532, in _wrapped_call_impl
    return self._call_impl(*args, **kwargs)
  File "/home/helen/miniconda3/envs/placer_env/lib/python3.10/site-packages/torch/nn/modules/module.py", line 1541, in _call_impl
    return forward_call(*args, **kwargs)
  File "/nvme2/helen/EnzymeStructuralFiltering/filterzyme/PLACER/modules/model.py", line 281, in forward
    single = self.init_single(f1d)
  File "/home/helen/miniconda3/envs/placer_env/lib/python3.10/site-packages/torch/nn/modules/module.py", line 1532, in _wrapped_call_impl
    return self._call_impl(*args, **kwargs)
  File "/home/helen/miniconda3/envs/placer_env/lib/python3.10/site-packages/torch/nn/modules/module.py", line 1541, in _call_impl
    return forward_call(*args, **kwargs)
  File "/nvme2/helen/EnzymeStructuralFiltering/filterzyme/PLACER/modules/model.py", line 155, in forward
    return self.net(f1d)
  File "/home/helen/miniconda3/envs/placer_env/lib/python3.10/site-packages/torch/nn/modules/module.py", line 1532, in _wrapped_call_impl
    return self._call_impl(*args, **kwargs)
  File "/home/helen/miniconda3/envs/placer_env/lib/python3.10/site-packages/torch/nn/modules/module.py", line 1541, in _call_impl
    return forward_call(*args, **kwargs)
  File "/home/helen/miniconda3/envs/placer_env/lib/python3.10/site-packages/torch/nn/modules/container.py", line 217, in forward
    input = module(input)
  File "/home/helen/miniconda3/envs/placer_env/lib/python3.10/site-packages/torch/nn/modules/module.py", line 1532, in _wrapped_call_impl
    return self._call_impl(*args, **kwargs)
  File "/home/helen/miniconda3/envs/placer_env/lib/python3.10/site-packages/torch/nn/modules/module.py", line 1541, in _call_impl
    return forward_call(*args, **kwargs)
  File "/home/helen/miniconda3/envs/placer_env/lib/python3.10/site-packages/torch/nn/modules/linear.py", line 116, in forward
    return F.linear(input, self.weight, self.bias)
RuntimeError: CUDA error: CUBLAS_STATUS_NOT_INITIALIZED when calling `cublasCreate(handle)`

2025-12-15 21:59:46,238 | INFO |Entry EH91_Geranyl_acetate_0_chai: Single ligand detected. Running standard mode...
2025-12-15 22:00:06,969 | ERROR |PLACER failed for EH91_Geranyl_acetate_0_chai: Traceback (most recent call last):
  File "/nvme2/helen/EnzymeStructuralFiltering/filterzyme/PLACER/run_PLACER.py", line 282, in <module>
    main(args)
  File "/nvme2/helen/EnzymeStructuralFiltering/filterzyme/PLACER/run_PLACER.py", line 196, in main
    outputs = placer.run(placer_input_iter, args.nsamples)
  File "/nvme2/helen/EnzymeStructuralFiltering/filterzyme/PLACER/PLACER.py", line 405, in run
    Xs,Ds,plDDTs,pDEVs = self.net()(**{k:item[k] for k in input_keys}, recycles=recycles, save_recycling_data=save_recycling_data)
  File "/home/helen/miniconda3/envs/placer_env/lib/python3.10/site-packages/torch/nn/modules/module.py", line 1532, in _wrapped_call_impl
    return self._call_impl(*args, **kwargs)
  File "/home/helen/miniconda3/envs/placer_env/lib/python3.10/site-packages/torch/nn/modules/module.py", line 1541, in _call_impl
    return forward_call(*args, **kwargs)
  File "/nvme2/helen/EnzymeStructuralFiltering/filterzyme/PLACER/modules/model.py", line 281, in forward
    single = self.init_single(f1d)
  File "/home/helen/miniconda3/envs/placer_env/lib/python3.10/site-packages/torch/nn/modules/module.py", line 1532, in _wrapped_call_impl
    return self._call_impl(*args, **kwargs)
  File "/home/helen/miniconda3/envs/placer_env/lib/python3.10/site-packages/torch/nn/modules/module.py", line 1541, in _call_impl
    return forward_call(*args, **kwargs)
  File "/nvme2/helen/EnzymeStructuralFiltering/filterzyme/PLACER/modules/model.py", line 155, in forward
    return self.net(f1d)
  File "/home/helen/miniconda3/envs/placer_env/lib/python3.10/site-packages/torch/nn/modules/module.py", line 1532, in _wrapped_call_impl
    return self._call_impl(*args, **kwargs)
  File "/home/helen/miniconda3/envs/placer_env/lib/python3.10/site-packages/torch/nn/modules/module.py", line 1541, in _call_impl
    return forward_call(*args, **kwargs)
  File "/home/helen/miniconda3/envs/placer_env/lib/python3.10/site-packages/torch/nn/modules/container.py", line 217, in forward
    input = module(input)
  File "/home/helen/miniconda3/envs/placer_env/lib/python3.10/site-packages/torch/nn/modules/module.py", line 1532, in _wrapped_call_impl
    return self._call_impl(*args, **kwargs)
  File "/home/helen/miniconda3/envs/placer_env/lib/python3.10/site-packages/torch/nn/modules/module.py", line 1541, in _call_impl
    return forward_call(*args, **kwargs)
  File "/home/helen/miniconda3/envs/placer_env/lib/python3.10/site-packages/torch/nn/modules/linear.py", line 116, in forward
    return F.linear(input, self.weight, self.bias)
RuntimeError: CUDA error: CUBLAS_STATUS_NOT_INITIALIZED when calling `cublasCreate(handle)`

2025-12-15 22:00:06,974 | INFO |Entry EH91_L_Pantolactone_0_chai: Single ligand detected. Running standard mode...
2025-12-15 22:03:20,143 | INFO |Entry EH91_Vinyl_propionate_0_chai: Single ligand detected. Running standard mode...
2025-12-15 22:05:49,541 | INFO |Entry EH92_1_Napthyl_acetate_0_chai: Single ligand detected. Running standard mode...
2025-12-15 22:08:54,835 | INFO |Entry EH92_Ethyl_3_oxohexanoate_0_chai: Single ligand detected. Running standard mode...
2025-12-15 22:09:13,194 | ERROR |PLACER failed for EH92_Ethyl_3_oxohexanoate_0_chai: Traceback (most recent call last):
  File "/nvme2/helen/EnzymeStructuralFiltering/filterzyme/PLACER/run_PLACER.py", line 282, in <module>
    main(args)
  File "/nvme2/helen/EnzymeStructuralFiltering/filterzyme/PLACER/run_PLACER.py", line 196, in main
    outputs = placer.run(placer_input_iter, args.nsamples)
  File "/nvme2/helen/EnzymeStructuralFiltering/filterzyme/PLACER/PLACER.py", line 405, in run
    Xs,Ds,plDDTs,pDEVs = self.net()(**{k:item[k] for k in input_keys}, recycles=recycles, save_recycling_data=save_recycling_data)
  File "/home/helen/miniconda3/envs/placer_env/lib/python3.10/site-packages/torch/nn/modules/module.py", line 1532, in _wrapped_call_impl
    return self._call_impl(*args, **kwargs)
  File "/home/helen/miniconda3/envs/placer_env/lib/python3.10/site-packages/torch/nn/modules/module.py", line 1541, in _call_impl
    return forward_call(*args, **kwargs)
  File "/nvme2/helen/EnzymeStructuralFiltering/filterzyme/PLACER/modules/model.py", line 281, in forward
    single = self.init_single(f1d)
  File "/home/helen/miniconda3/envs/placer_env/lib/python3.10/site-packages/torch/nn/modules/module.py", line 1532, in _wrapped_call_impl
    return self._call_impl(*args, **kwargs)
  File "/home/helen/miniconda3/envs/placer_env/lib/python3.10/site-packages/torch/nn/modules/module.py", line 1541, in _call_impl
    return forward_call(*args, **kwargs)
  File "/nvme2/helen/EnzymeStructuralFiltering/filterzyme/PLACER/modules/model.py", line 155, in forward
    return self.net(f1d)
  File "/home/helen/miniconda3/envs/placer_env/lib/python3.10/site-packages/torch/nn/modules/module.py", line 1532, in _wrapped_call_impl
    return self._call_impl(*args, **kwargs)
  File "/home/helen/miniconda3/envs/placer_env/lib/python3.10/site-packages/torch/nn/modules/module.py", line 1541, in _call_impl
    return forward_call(*args, **kwargs)
  File "/home/helen/miniconda3/envs/placer_env/lib/python3.10/site-packages/torch/nn/modules/container.py", line 217, in forward
    input = module(input)
  File "/home/helen/miniconda3/envs/placer_env/lib/python3.10/site-packages/torch/nn/modules/module.py", line 1532, in _wrapped_call_impl
    return self._call_impl(*args, **kwargs)
  File "/home/helen/miniconda3/envs/placer_env/lib/python3.10/site-packages/torch/nn/modules/module.py", line 1541, in _call_impl
    return forward_call(*args, **kwargs)
  File "/home/helen/miniconda3/envs/placer_env/lib/python3.10/site-packages/torch/nn/modules/linear.py", line 116, in forward
    return F.linear(input, self.weight, self.bias)
RuntimeError: CUDA error: CUBLAS_STATUS_NOT_INITIALIZED when calling `cublasCreate(handle)`

2025-12-15 22:09:13,199 | INFO |Entry EH92_Geranyl_acetate_0_chai: Single ligand detected. Running standard mode...
2025-12-15 22:09:34,935 | ERROR |PLACER failed for EH92_Geranyl_acetate_0_chai: Traceback (most recent call last):
  File "/nvme2/helen/EnzymeStructuralFiltering/filterzyme/PLACER/run_PLACER.py", line 282, in <module>
    main(args)
  File "/nvme2/helen/EnzymeStructuralFiltering/filterzyme/PLACER/run_PLACER.py", line 196, in main
    outputs = placer.run(placer_input_iter, args.nsamples)
  File "/nvme2/helen/EnzymeStructuralFiltering/filterzyme/PLACER/PLACER.py", line 405, in run
    Xs,Ds,plDDTs,pDEVs = self.net()(**{k:item[k] for k in input_keys}, recycles=recycles, save_recycling_data=save_recycling_data)
  File "/home/helen/miniconda3/envs/placer_env/lib/python3.10/site-packages/torch/nn/modules/module.py", line 1532, in _wrapped_call_impl
    return self._call_impl(*args, **kwargs)
  File "/home/helen/miniconda3/envs/placer_env/lib/python3.10/site-packages/torch/nn/modules/module.py", line 1541, in _call_impl
    return forward_call(*args, **kwargs)
  File "/nvme2/helen/EnzymeStructuralFiltering/filterzyme/PLACER/modules/model.py", line 281, in forward
    single = self.init_single(f1d)
  File "/home/helen/miniconda3/envs/placer_env/lib/python3.10/site-packages/torch/nn/modules/module.py", line 1532, in _wrapped_call_impl
    return self._call_impl(*args, **kwargs)
  File "/home/helen/miniconda3/envs/placer_env/lib/python3.10/site-packages/torch/nn/modules/module.py", line 1541, in _call_impl
    return forward_call(*args, **kwargs)
  File "/nvme2/helen/EnzymeStructuralFiltering/filterzyme/PLACER/modules/model.py", line 155, in forward
    return self.net(f1d)
  File "/home/helen/miniconda3/envs/placer_env/lib/python3.10/site-packages/torch/nn/modules/module.py", line 1532, in _wrapped_call_impl
    return self._call_impl(*args, **kwargs)
  File "/home/helen/miniconda3/envs/placer_env/lib/python3.10/site-packages/torch/nn/modules/module.py", line 1541, in _call_impl
    return forward_call(*args, **kwargs)
  File "/home/helen/miniconda3/envs/placer_env/lib/python3.10/site-packages/torch/nn/modules/container.py", line 217, in forward
    input = module(input)
  File "/home/helen/miniconda3/envs/placer_env/lib/python3.10/site-packages/torch/nn/modules/module.py", line 1532, in _wrapped_call_impl
    return self._call_impl(*args, **kwargs)
  File "/home/helen/miniconda3/envs/placer_env/lib/python3.10/site-packages/torch/nn/modules/module.py", line 1541, in _call_impl
    return forward_call(*args, **kwargs)
  File "/home/helen/miniconda3/envs/placer_env/lib/python3.10/site-packages/torch/nn/modules/linear.py", line 116, in forward
    return F.linear(input, self.weight, self.bias)
RuntimeError: CUDA error: CUBLAS_STATUS_NOT_INITIALIZED when calling `cublasCreate(handle)`

2025-12-15 22:09:34,937 | INFO |Skipping EH92_L_Pantolactone_0_chai, output already exists: EH92_L_Pantolactone_0_chai.csv
2025-12-15 22:09:34,941 | INFO |Entry EH92_Vinyl_propionate_0_chai: Single ligand detected. Running standard mode...
2025-12-15 22:09:57,191 | ERROR |PLACER failed for EH92_Vinyl_propionate_0_chai: Traceback (most recent call last):
  File "/nvme2/helen/EnzymeStructuralFiltering/filterzyme/PLACER/run_PLACER.py", line 282, in <module>
    main(args)
  File "/nvme2/helen/EnzymeStructuralFiltering/filterzyme/PLACER/run_PLACER.py", line 196, in main
    outputs = placer.run(placer_input_iter, args.nsamples)
  File "/nvme2/helen/EnzymeStructuralFiltering/filterzyme/PLACER/PLACER.py", line 405, in run
    Xs,Ds,plDDTs,pDEVs = self.net()(**{k:item[k] for k in input_keys}, recycles=recycles, save_recycling_data=save_recycling_data)
  File "/home/helen/miniconda3/envs/placer_env/lib/python3.10/site-packages/torch/nn/modules/module.py", line 1532, in _wrapped_call_impl
    return self._call_impl(*args, **kwargs)
  File "/home/helen/miniconda3/envs/placer_env/lib/python3.10/site-packages/torch/nn/modules/module.py", line 1541, in _call_impl
    return forward_call(*args, **kwargs)
  File "/nvme2/helen/EnzymeStructuralFiltering/filterzyme/PLACER/modules/model.py", line 281, in forward
    single = self.init_single(f1d)
  File "/home/helen/miniconda3/envs/placer_env/lib/python3.10/site-packages/torch/nn/modules/module.py", line 1532, in _wrapped_call_impl
    return self._call_impl(*args, **kwargs)
  File "/home/helen/miniconda3/envs/placer_env/lib/python3.10/site-packages/torch/nn/modules/module.py", line 1541, in _call_impl
    return forward_call(*args, **kwargs)
  File "/nvme2/helen/EnzymeStructuralFiltering/filterzyme/PLACER/modules/model.py", line 155, in forward
    return self.net(f1d)
  File "/home/helen/miniconda3/envs/placer_env/lib/python3.10/site-packages/torch/nn/modules/module.py", line 1532, in _wrapped_call_impl
    return self._call_impl(*args, **kwargs)
  File "/home/helen/miniconda3/envs/placer_env/lib/python3.10/site-packages/torch/nn/modules/module.py", line 1541, in _call_impl
    return forward_call(*args, **kwargs)
  File "/home/helen/miniconda3/envs/placer_env/lib/python3.10/site-packages/torch/nn/modules/container.py", line 217, in forward
    input = module(input)
  File "/home/helen/miniconda3/envs/placer_env/lib/python3.10/site-packages/torch/nn/modules/module.py", line 1532, in _wrapped_call_impl
    return self._call_impl(*args, **kwargs)
  File "/home/helen/miniconda3/envs/placer_env/lib/python3.10/site-packages/torch/nn/modules/module.py", line 1541, in _call_impl
    return forward_call(*args, **kwargs)
  File "/home/helen/miniconda3/envs/placer_env/lib/python3.10/site-packages/torch/nn/modules/linear.py", line 116, in forward
    return F.linear(input, self.weight, self.bias)
RuntimeError: CUDA error: CUBLAS_STATUS_NOT_INITIALIZED when calling `cublasCreate(handle)`

2025-12-15 22:09:57,197 | INFO |Entry EH93_1_Napthyl_acetate_0_chai: Single ligand detected. Running standard mode...
2025-12-15 22:10:19,316 | ERROR |PLACER failed for EH93_1_Napthyl_acetate_0_chai: Traceback (most recent call last):
  File "/nvme2/helen/EnzymeStructuralFiltering/filterzyme/PLACER/run_PLACER.py", line 282, in <module>
    main(args)
  File "/nvme2/helen/EnzymeStructuralFiltering/filterzyme/PLACER/run_PLACER.py", line 196, in main
    outputs = placer.run(placer_input_iter, args.nsamples)
  File "/nvme2/helen/EnzymeStructuralFiltering/filterzyme/PLACER/PLACER.py", line 405, in run
    Xs,Ds,plDDTs,pDEVs = self.net()(**{k:item[k] for k in input_keys}, recycles=recycles, save_recycling_data=save_recycling_data)
  File "/home/helen/miniconda3/envs/placer_env/lib/python3.10/site-packages/torch/nn/modules/module.py", line 1532, in _wrapped_call_impl
    return self._call_impl(*args, **kwargs)
  File "/home/helen/miniconda3/envs/placer_env/lib/python3.10/site-packages/torch/nn/modules/module.py", line 1541, in _call_impl
    return forward_call(*args, **kwargs)
  File "/nvme2/helen/EnzymeStructuralFiltering/filterzyme/PLACER/modules/model.py", line 281, in forward
    single = self.init_single(f1d)
  File "/home/helen/miniconda3/envs/placer_env/lib/python3.10/site-packages/torch/nn/modules/module.py", line 1532, in _wrapped_call_impl
    return self._call_impl(*args, **kwargs)
  File "/home/helen/miniconda3/envs/placer_env/lib/python3.10/site-packages/torch/nn/modules/module.py", line 1541, in _call_impl
    return forward_call(*args, **kwargs)
  File "/nvme2/helen/EnzymeStructuralFiltering/filterzyme/PLACER/modules/model.py", line 155, in forward
    return self.net(f1d)
  File "/home/helen/miniconda3/envs/placer_env/lib/python3.10/site-packages/torch/nn/modules/module.py", line 1532, in _wrapped_call_impl
    return self._call_impl(*args, **kwargs)
  File "/home/helen/miniconda3/envs/placer_env/lib/python3.10/site-packages/torch/nn/modules/module.py", line 1541, in _call_impl
    return forward_call(*args, **kwargs)
  File "/home/helen/miniconda3/envs/placer_env/lib/python3.10/site-packages/torch/nn/modules/container.py", line 217, in forward
    input = module(input)
  File "/home/helen/miniconda3/envs/placer_env/lib/python3.10/site-packages/torch/nn/modules/module.py", line 1532, in _wrapped_call_impl
    return self._call_impl(*args, **kwargs)
  File "/home/helen/miniconda3/envs/placer_env/lib/python3.10/site-packages/torch/nn/modules/module.py", line 1541, in _call_impl
    return forward_call(*args, **kwargs)
  File "/home/helen/miniconda3/envs/placer_env/lib/python3.10/site-packages/torch/nn/modules/linear.py", line 116, in forward
    return F.linear(input, self.weight, self.bias)
RuntimeError: CUDA error: CUBLAS_STATUS_NOT_INITIALIZED when calling `cublasCreate(handle)`

2025-12-15 22:10:19,319 | INFO |Entry EH93_Ethyl_3_oxohexanoate_0_chai: Single ligand detected. Running standard mode...
2025-12-15 22:10:41,924 | ERROR |PLACER failed for EH93_Ethyl_3_oxohexanoate_0_chai: Traceback (most recent call last):
  File "/nvme2/helen/EnzymeStructuralFiltering/filterzyme/PLACER/run_PLACER.py", line 282, in <module>
    main(args)
  File "/nvme2/helen/EnzymeStructuralFiltering/filterzyme/PLACER/run_PLACER.py", line 196, in main
    outputs = placer.run(placer_input_iter, args.nsamples)
  File "/nvme2/helen/EnzymeStructuralFiltering/filterzyme/PLACER/PLACER.py", line 405, in run
    Xs,Ds,plDDTs,pDEVs = self.net()(**{k:item[k] for k in input_keys}, recycles=recycles, save_recycling_data=save_recycling_data)
  File "/home/helen/miniconda3/envs/placer_env/lib/python3.10/site-packages/torch/nn/modules/module.py", line 1532, in _wrapped_call_impl
    return self._call_impl(*args, **kwargs)
  File "/home/helen/miniconda3/envs/placer_env/lib/python3.10/site-packages/torch/nn/modules/module.py", line 1541, in _call_impl
    return forward_call(*args, **kwargs)
  File "/nvme2/helen/EnzymeStructuralFiltering/filterzyme/PLACER/modules/model.py", line 281, in forward
    single = self.init_single(f1d)
  File "/home/helen/miniconda3/envs/placer_env/lib/python3.10/site-packages/torch/nn/modules/module.py", line 1532, in _wrapped_call_impl
    return self._call_impl(*args, **kwargs)
  File "/home/helen/miniconda3/envs/placer_env/lib/python3.10/site-packages/torch/nn/modules/module.py", line 1541, in _call_impl
    return forward_call(*args, **kwargs)
  File "/nvme2/helen/EnzymeStructuralFiltering/filterzyme/PLACER/modules/model.py", line 155, in forward
    return self.net(f1d)
  File "/home/helen/miniconda3/envs/placer_env/lib/python3.10/site-packages/torch/nn/modules/module.py", line 1532, in _wrapped_call_impl
    return self._call_impl(*args, **kwargs)
  File "/home/helen/miniconda3/envs/placer_env/lib/python3.10/site-packages/torch/nn/modules/module.py", line 1541, in _call_impl
    return forward_call(*args, **kwargs)
  File "/home/helen/miniconda3/envs/placer_env/lib/python3.10/site-packages/torch/nn/modules/container.py", line 217, in forward
    input = module(input)
  File "/home/helen/miniconda3/envs/placer_env/lib/python3.10/site-packages/torch/nn/modules/module.py", line 1532, in _wrapped_call_impl
    return self._call_impl(*args, **kwargs)
  File "/home/helen/miniconda3/envs/placer_env/lib/python3.10/site-packages/torch/nn/modules/module.py", line 1541, in _call_impl
    return forward_call(*args, **kwargs)
  File "/home/helen/miniconda3/envs/placer_env/lib/python3.10/site-packages/torch/nn/modules/linear.py", line 116, in forward
    return F.linear(input, self.weight, self.bias)
RuntimeError: CUDA error: CUBLAS_STATUS_NOT_INITIALIZED when calling `cublasCreate(handle)`

2025-12-15 22:10:41,930 | INFO |Entry EH93_Geranyl_acetate_0_chai: Single ligand detected. Running standard mode...
2025-12-15 22:11:03,238 | ERROR |PLACER failed for EH93_Geranyl_acetate_0_chai: Traceback (most recent call last):
  File "/nvme2/helen/EnzymeStructuralFiltering/filterzyme/PLACER/run_PLACER.py", line 282, in <module>
    main(args)
  File "/nvme2/helen/EnzymeStructuralFiltering/filterzyme/PLACER/run_PLACER.py", line 196, in main
    outputs = placer.run(placer_input_iter, args.nsamples)
  File "/nvme2/helen/EnzymeStructuralFiltering/filterzyme/PLACER/PLACER.py", line 405, in run
    Xs,Ds,plDDTs,pDEVs = self.net()(**{k:item[k] for k in input_keys}, recycles=recycles, save_recycling_data=save_recycling_data)
  File "/home/helen/miniconda3/envs/placer_env/lib/python3.10/site-packages/torch/nn/modules/module.py", line 1532, in _wrapped_call_impl
    return self._call_impl(*args, **kwargs)
  File "/home/helen/miniconda3/envs/placer_env/lib/python3.10/site-packages/torch/nn/modules/module.py", line 1541, in _call_impl
    return forward_call(*args, **kwargs)
  File "/nvme2/helen/EnzymeStructuralFiltering/filterzyme/PLACER/modules/model.py", line 281, in forward
    single = self.init_single(f1d)
  File "/home/helen/miniconda3/envs/placer_env/lib/python3.10/site-packages/torch/nn/modules/module.py", line 1532, in _wrapped_call_impl
    return self._call_impl(*args, **kwargs)
  File "/home/helen/miniconda3/envs/placer_env/lib/python3.10/site-packages/torch/nn/modules/module.py", line 1541, in _call_impl
    return forward_call(*args, **kwargs)
  File "/nvme2/helen/EnzymeStructuralFiltering/filterzyme/PLACER/modules/model.py", line 155, in forward
    return self.net(f1d)
  File "/home/helen/miniconda3/envs/placer_env/lib/python3.10/site-packages/torch/nn/modules/module.py", line 1532, in _wrapped_call_impl
    return self._call_impl(*args, **kwargs)
  File "/home/helen/miniconda3/envs/placer_env/lib/python3.10/site-packages/torch/nn/modules/module.py", line 1541, in _call_impl
    return forward_call(*args, **kwargs)
  File "/home/helen/miniconda3/envs/placer_env/lib/python3.10/site-packages/torch/nn/modules/container.py", line 217, in forward
    input = module(input)
  File "/home/helen/miniconda3/envs/placer_env/lib/python3.10/site-packages/torch/nn/modules/module.py", line 1532, in _wrapped_call_impl
    return self._call_impl(*args, **kwargs)
  File "/home/helen/miniconda3/envs/placer_env/lib/python3.10/site-packages/torch/nn/modules/module.py", line 1541, in _call_impl
    return forward_call(*args, **kwargs)
  File "/home/helen/miniconda3/envs/placer_env/lib/python3.10/site-packages/torch/nn/modules/linear.py", line 116, in forward
    return F.linear(input, self.weight, self.bias)
RuntimeError: CUDA error: CUBLAS_STATUS_NOT_INITIALIZED when calling `cublasCreate(handle)`

2025-12-15 22:11:03,244 | INFO |Entry EH93_L_Pantolactone_0_chai: Single ligand detected. Running standard mode...
2025-12-15 22:11:25,491 | ERROR |PLACER failed for EH93_L_Pantolactone_0_chai: Traceback (most recent call last):
  File "/nvme2/helen/EnzymeStructuralFiltering/filterzyme/PLACER/run_PLACER.py", line 282, in <module>
    main(args)
  File "/nvme2/helen/EnzymeStructuralFiltering/filterzyme/PLACER/run_PLACER.py", line 196, in main
    outputs = placer.run(placer_input_iter, args.nsamples)
  File "/nvme2/helen/EnzymeStructuralFiltering/filterzyme/PLACER/PLACER.py", line 405, in run
    Xs,Ds,plDDTs,pDEVs = self.net()(**{k:item[k] for k in input_keys}, recycles=recycles, save_recycling_data=save_recycling_data)
  File "/home/helen/miniconda3/envs/placer_env/lib/python3.10/site-packages/torch/nn/modules/module.py", line 1532, in _wrapped_call_impl
    return self._call_impl(*args, **kwargs)
  File "/home/helen/miniconda3/envs/placer_env/lib/python3.10/site-packages/torch/nn/modules/module.py", line 1541, in _call_impl
    return forward_call(*args, **kwargs)
  File "/nvme2/helen/EnzymeStructuralFiltering/filterzyme/PLACER/modules/model.py", line 281, in forward
    single = self.init_single(f1d)
  File "/home/helen/miniconda3/envs/placer_env/lib/python3.10/site-packages/torch/nn/modules/module.py", line 1532, in _wrapped_call_impl
    return self._call_impl(*args, **kwargs)
  File "/home/helen/miniconda3/envs/placer_env/lib/python3.10/site-packages/torch/nn/modules/module.py", line 1541, in _call_impl
    return forward_call(*args, **kwargs)
  File "/nvme2/helen/EnzymeStructuralFiltering/filterzyme/PLACER/modules/model.py", line 155, in forward
    return self.net(f1d)
  File "/home/helen/miniconda3/envs/placer_env/lib/python3.10/site-packages/torch/nn/modules/module.py", line 1532, in _wrapped_call_impl
    return self._call_impl(*args, **kwargs)
  File "/home/helen/miniconda3/envs/placer_env/lib/python3.10/site-packages/torch/nn/modules/module.py", line 1541, in _call_impl
    return forward_call(*args, **kwargs)
  File "/home/helen/miniconda3/envs/placer_env/lib/python3.10/site-packages/torch/nn/modules/container.py", line 217, in forward
    input = module(input)
  File "/home/helen/miniconda3/envs/placer_env/lib/python3.10/site-packages/torch/nn/modules/module.py", line 1532, in _wrapped_call_impl
    return self._call_impl(*args, **kwargs)
  File "/home/helen/miniconda3/envs/placer_env/lib/python3.10/site-packages/torch/nn/modules/module.py", line 1541, in _call_impl
    return forward_call(*args, **kwargs)
  File "/home/helen/miniconda3/envs/placer_env/lib/python3.10/site-packages/torch/nn/modules/linear.py", line 116, in forward
    return F.linear(input, self.weight, self.bias)
RuntimeError: CUDA error: CUBLAS_STATUS_NOT_INITIALIZED when calling `cublasCreate(handle)`

2025-12-15 22:11:25,497 | INFO |Entry EH93_Vinyl_propionate_0_chai: Single ligand detected. Running standard mode...
2025-12-15 22:14:44,017 | INFO |Entry EH94_1_Napthyl_acetate_0_chai: Single ligand detected. Running standard mode...
2025-12-15 22:17:54,794 | INFO |Entry EH94_Ethyl_3_oxohexanoate_0_chai: Single ligand detected. Running standard mode...
2025-12-15 22:21:03,493 | INFO |Entry EH94_Geranyl_acetate_0_chai: Single ligand detected. Running standard mode...
2025-12-15 22:21:21,743 | ERROR |PLACER failed for EH94_Geranyl_acetate_0_chai: Traceback (most recent call last):
  File "/nvme2/helen/EnzymeStructuralFiltering/filterzyme/PLACER/run_PLACER.py", line 282, in <module>
    main(args)
  File "/nvme2/helen/EnzymeStructuralFiltering/filterzyme/PLACER/run_PLACER.py", line 196, in main
    outputs = placer.run(placer_input_iter, args.nsamples)
  File "/nvme2/helen/EnzymeStructuralFiltering/filterzyme/PLACER/PLACER.py", line 405, in run
    Xs,Ds,plDDTs,pDEVs = self.net()(**{k:item[k] for k in input_keys}, recycles=recycles, save_recycling_data=save_recycling_data)
  File "/home/helen/miniconda3/envs/placer_env/lib/python3.10/site-packages/torch/nn/modules/module.py", line 1532, in _wrapped_call_impl
    return self._call_impl(*args, **kwargs)
  File "/home/helen/miniconda3/envs/placer_env/lib/python3.10/site-packages/torch/nn/modules/module.py", line 1541, in _call_impl
    return forward_call(*args, **kwargs)
  File "/nvme2/helen/EnzymeStructuralFiltering/filterzyme/PLACER/modules/model.py", line 281, in forward
    single = self.init_single(f1d)
  File "/home/helen/miniconda3/envs/placer_env/lib/python3.10/site-packages/torch/nn/modules/module.py", line 1532, in _wrapped_call_impl
    return self._call_impl(*args, **kwargs)
  File "/home/helen/miniconda3/envs/placer_env/lib/python3.10/site-packages/torch/nn/modules/module.py", line 1541, in _call_impl
    return forward_call(*args, **kwargs)
  File "/nvme2/helen/EnzymeStructuralFiltering/filterzyme/PLACER/modules/model.py", line 155, in forward
    return self.net(f1d)
  File "/home/helen/miniconda3/envs/placer_env/lib/python3.10/site-packages/torch/nn/modules/module.py", line 1532, in _wrapped_call_impl
    return self._call_impl(*args, **kwargs)
  File "/home/helen/miniconda3/envs/placer_env/lib/python3.10/site-packages/torch/nn/modules/module.py", line 1541, in _call_impl
    return forward_call(*args, **kwargs)
  File "/home/helen/miniconda3/envs/placer_env/lib/python3.10/site-packages/torch/nn/modules/container.py", line 217, in forward
    input = module(input)
  File "/home/helen/miniconda3/envs/placer_env/lib/python3.10/site-packages/torch/nn/modules/module.py", line 1532, in _wrapped_call_impl
    return self._call_impl(*args, **kwargs)
  File "/home/helen/miniconda3/envs/placer_env/lib/python3.10/site-packages/torch/nn/modules/module.py", line 1541, in _call_impl
    return forward_call(*args, **kwargs)
  File "/home/helen/miniconda3/envs/placer_env/lib/python3.10/site-packages/torch/nn/modules/linear.py", line 116, in forward
    return F.linear(input, self.weight, self.bias)
RuntimeError: CUDA error: CUBLAS_STATUS_NOT_INITIALIZED when calling `cublasCreate(handle)`

2025-12-15 22:21:21,748 | INFO |Entry EH94_L_Pantolactone_0_chai: Single ligand detected. Running standard mode...
2025-12-15 22:21:42,857 | ERROR |PLACER failed for EH94_L_Pantolactone_0_chai: Traceback (most recent call last):
  File "/nvme2/helen/EnzymeStructuralFiltering/filterzyme/PLACER/run_PLACER.py", line 282, in <module>
    main(args)
  File "/nvme2/helen/EnzymeStructuralFiltering/filterzyme/PLACER/run_PLACER.py", line 196, in main
    outputs = placer.run(placer_input_iter, args.nsamples)
  File "/nvme2/helen/EnzymeStructuralFiltering/filterzyme/PLACER/PLACER.py", line 405, in run
    Xs,Ds,plDDTs,pDEVs = self.net()(**{k:item[k] for k in input_keys}, recycles=recycles, save_recycling_data=save_recycling_data)
  File "/home/helen/miniconda3/envs/placer_env/lib/python3.10/site-packages/torch/nn/modules/module.py", line 1532, in _wrapped_call_impl
    return self._call_impl(*args, **kwargs)
  File "/home/helen/miniconda3/envs/placer_env/lib/python3.10/site-packages/torch/nn/modules/module.py", line 1541, in _call_impl
    return forward_call(*args, **kwargs)
  File "/nvme2/helen/EnzymeStructuralFiltering/filterzyme/PLACER/modules/model.py", line 281, in forward
    single = self.init_single(f1d)
  File "/home/helen/miniconda3/envs/placer_env/lib/python3.10/site-packages/torch/nn/modules/module.py", line 1532, in _wrapped_call_impl
    return self._call_impl(*args, **kwargs)
  File "/home/helen/miniconda3/envs/placer_env/lib/python3.10/site-packages/torch/nn/modules/module.py", line 1541, in _call_impl
    return forward_call(*args, **kwargs)
  File "/nvme2/helen/EnzymeStructuralFiltering/filterzyme/PLACER/modules/model.py", line 155, in forward
    return self.net(f1d)
  File "/home/helen/miniconda3/envs/placer_env/lib/python3.10/site-packages/torch/nn/modules/module.py", line 1532, in _wrapped_call_impl
    return self._call_impl(*args, **kwargs)
  File "/home/helen/miniconda3/envs/placer_env/lib/python3.10/site-packages/torch/nn/modules/module.py", line 1541, in _call_impl
    return forward_call(*args, **kwargs)
  File "/home/helen/miniconda3/envs/placer_env/lib/python3.10/site-packages/torch/nn/modules/container.py", line 217, in forward
    input = module(input)
  File "/home/helen/miniconda3/envs/placer_env/lib/python3.10/site-packages/torch/nn/modules/module.py", line 1532, in _wrapped_call_impl
    return self._call_impl(*args, **kwargs)
  File "/home/helen/miniconda3/envs/placer_env/lib/python3.10/site-packages/torch/nn/modules/module.py", line 1541, in _call_impl
    return forward_call(*args, **kwargs)
  File "/home/helen/miniconda3/envs/placer_env/lib/python3.10/site-packages/torch/nn/modules/linear.py", line 116, in forward
    return F.linear(input, self.weight, self.bias)
RuntimeError: CUDA error: CUBLAS_STATUS_NOT_INITIALIZED when calling `cublasCreate(handle)`

2025-12-15 22:21:42,862 | INFO |Entry EH94_Vinyl_propionate_0_chai: Single ligand detected. Running standard mode...
2025-12-15 22:22:04,357 | ERROR |PLACER failed for EH94_Vinyl_propionate_0_chai: Traceback (most recent call last):
  File "/nvme2/helen/EnzymeStructuralFiltering/filterzyme/PLACER/run_PLACER.py", line 282, in <module>
    main(args)
  File "/nvme2/helen/EnzymeStructuralFiltering/filterzyme/PLACER/run_PLACER.py", line 196, in main
    outputs = placer.run(placer_input_iter, args.nsamples)
  File "/nvme2/helen/EnzymeStructuralFiltering/filterzyme/PLACER/PLACER.py", line 405, in run
    Xs,Ds,plDDTs,pDEVs = self.net()(**{k:item[k] for k in input_keys}, recycles=recycles, save_recycling_data=save_recycling_data)
  File "/home/helen/miniconda3/envs/placer_env/lib/python3.10/site-packages/torch/nn/modules/module.py", line 1532, in _wrapped_call_impl
    return self._call_impl(*args, **kwargs)
  File "/home/helen/miniconda3/envs/placer_env/lib/python3.10/site-packages/torch/nn/modules/module.py", line 1541, in _call_impl
    return forward_call(*args, **kwargs)
  File "/nvme2/helen/EnzymeStructuralFiltering/filterzyme/PLACER/modules/model.py", line 281, in forward
    single = self.init_single(f1d)
  File "/home/helen/miniconda3/envs/placer_env/lib/python3.10/site-packages/torch/nn/modules/module.py", line 1532, in _wrapped_call_impl
    return self._call_impl(*args, **kwargs)
  File "/home/helen/miniconda3/envs/placer_env/lib/python3.10/site-packages/torch/nn/modules/module.py", line 1541, in _call_impl
    return forward_call(*args, **kwargs)
  File "/nvme2/helen/EnzymeStructuralFiltering/filterzyme/PLACER/modules/model.py", line 155, in forward
    return self.net(f1d)
  File "/home/helen/miniconda3/envs/placer_env/lib/python3.10/site-packages/torch/nn/modules/module.py", line 1532, in _wrapped_call_impl
    return self._call_impl(*args, **kwargs)
  File "/home/helen/miniconda3/envs/placer_env/lib/python3.10/site-packages/torch/nn/modules/module.py", line 1541, in _call_impl
    return forward_call(*args, **kwargs)
  File "/home/helen/miniconda3/envs/placer_env/lib/python3.10/site-packages/torch/nn/modules/container.py", line 217, in forward
    input = module(input)
  File "/home/helen/miniconda3/envs/placer_env/lib/python3.10/site-packages/torch/nn/modules/module.py", line 1532, in _wrapped_call_impl
    return self._call_impl(*args, **kwargs)
  File "/home/helen/miniconda3/envs/placer_env/lib/python3.10/site-packages/torch/nn/modules/module.py", line 1541, in _call_impl
    return forward_call(*args, **kwargs)
  File "/home/helen/miniconda3/envs/placer_env/lib/python3.10/site-packages/torch/nn/modules/linear.py", line 116, in forward
    return F.linear(input, self.weight, self.bias)
RuntimeError: CUDA error: CUBLAS_STATUS_NOT_INITIALIZED when calling `cublasCreate(handle)`

2025-12-15 22:22:04,363 | INFO |Entry EH95_1_Napthyl_acetate_0_chai: Single ligand detected. Running standard mode...
2025-12-15 22:22:25,917 | ERROR |PLACER failed for EH95_1_Napthyl_acetate_0_chai: Traceback (most recent call last):
  File "/nvme2/helen/EnzymeStructuralFiltering/filterzyme/PLACER/run_PLACER.py", line 282, in <module>
    main(args)
  File "/nvme2/helen/EnzymeStructuralFiltering/filterzyme/PLACER/run_PLACER.py", line 196, in main
    outputs = placer.run(placer_input_iter, args.nsamples)
  File "/nvme2/helen/EnzymeStructuralFiltering/filterzyme/PLACER/PLACER.py", line 405, in run
    Xs,Ds,plDDTs,pDEVs = self.net()(**{k:item[k] for k in input_keys}, recycles=recycles, save_recycling_data=save_recycling_data)
  File "/home/helen/miniconda3/envs/placer_env/lib/python3.10/site-packages/torch/nn/modules/module.py", line 1532, in _wrapped_call_impl
    return self._call_impl(*args, **kwargs)
  File "/home/helen/miniconda3/envs/placer_env/lib/python3.10/site-packages/torch/nn/modules/module.py", line 1541, in _call_impl
    return forward_call(*args, **kwargs)
  File "/nvme2/helen/EnzymeStructuralFiltering/filterzyme/PLACER/modules/model.py", line 281, in forward
    single = self.init_single(f1d)
  File "/home/helen/miniconda3/envs/placer_env/lib/python3.10/site-packages/torch/nn/modules/module.py", line 1532, in _wrapped_call_impl
    return self._call_impl(*args, **kwargs)
  File "/home/helen/miniconda3/envs/placer_env/lib/python3.10/site-packages/torch/nn/modules/module.py", line 1541, in _call_impl
    return forward_call(*args, **kwargs)
  File "/nvme2/helen/EnzymeStructuralFiltering/filterzyme/PLACER/modules/model.py", line 155, in forward
    return self.net(f1d)
  File "/home/helen/miniconda3/envs/placer_env/lib/python3.10/site-packages/torch/nn/modules/module.py", line 1532, in _wrapped_call_impl
    return self._call_impl(*args, **kwargs)
  File "/home/helen/miniconda3/envs/placer_env/lib/python3.10/site-packages/torch/nn/modules/module.py", line 1541, in _call_impl
    return forward_call(*args, **kwargs)
  File "/home/helen/miniconda3/envs/placer_env/lib/python3.10/site-packages/torch/nn/modules/container.py", line 217, in forward
    input = module(input)
  File "/home/helen/miniconda3/envs/placer_env/lib/python3.10/site-packages/torch/nn/modules/module.py", line 1532, in _wrapped_call_impl
    return self._call_impl(*args, **kwargs)
  File "/home/helen/miniconda3/envs/placer_env/lib/python3.10/site-packages/torch/nn/modules/module.py", line 1541, in _call_impl
    return forward_call(*args, **kwargs)
  File "/home/helen/miniconda3/envs/placer_env/lib/python3.10/site-packages/torch/nn/modules/linear.py", line 116, in forward
    return F.linear(input, self.weight, self.bias)
RuntimeError: CUDA error: CUBLAS_STATUS_NOT_INITIALIZED when calling `cublasCreate(handle)`

2025-12-15 22:22:25,922 | INFO |Entry EH95_Ethyl_3_oxohexanoate_0_chai: Single ligand detected. Running standard mode...
2025-12-15 22:22:47,154 | ERROR |PLACER failed for EH95_Ethyl_3_oxohexanoate_0_chai: Traceback (most recent call last):
  File "/nvme2/helen/EnzymeStructuralFiltering/filterzyme/PLACER/run_PLACER.py", line 282, in <module>
    main(args)
  File "/nvme2/helen/EnzymeStructuralFiltering/filterzyme/PLACER/run_PLACER.py", line 196, in main
    outputs = placer.run(placer_input_iter, args.nsamples)
  File "/nvme2/helen/EnzymeStructuralFiltering/filterzyme/PLACER/PLACER.py", line 405, in run
    Xs,Ds,plDDTs,pDEVs = self.net()(**{k:item[k] for k in input_keys}, recycles=recycles, save_recycling_data=save_recycling_data)
  File "/home/helen/miniconda3/envs/placer_env/lib/python3.10/site-packages/torch/nn/modules/module.py", line 1532, in _wrapped_call_impl
    return self._call_impl(*args, **kwargs)
  File "/home/helen/miniconda3/envs/placer_env/lib/python3.10/site-packages/torch/nn/modules/module.py", line 1541, in _call_impl
    return forward_call(*args, **kwargs)
  File "/nvme2/helen/EnzymeStructuralFiltering/filterzyme/PLACER/modules/model.py", line 281, in forward
    single = self.init_single(f1d)
  File "/home/helen/miniconda3/envs/placer_env/lib/python3.10/site-packages/torch/nn/modules/module.py", line 1532, in _wrapped_call_impl
    return self._call_impl(*args, **kwargs)
  File "/home/helen/miniconda3/envs/placer_env/lib/python3.10/site-packages/torch/nn/modules/module.py", line 1541, in _call_impl
    return forward_call(*args, **kwargs)
  File "/nvme2/helen/EnzymeStructuralFiltering/filterzyme/PLACER/modules/model.py", line 155, in forward
    return self.net(f1d)
  File "/home/helen/miniconda3/envs/placer_env/lib/python3.10/site-packages/torch/nn/modules/module.py", line 1532, in _wrapped_call_impl
    return self._call_impl(*args, **kwargs)
  File "/home/helen/miniconda3/envs/placer_env/lib/python3.10/site-packages/torch/nn/modules/module.py", line 1541, in _call_impl
    return forward_call(*args, **kwargs)
  File "/home/helen/miniconda3/envs/placer_env/lib/python3.10/site-packages/torch/nn/modules/container.py", line 217, in forward
    input = module(input)
  File "/home/helen/miniconda3/envs/placer_env/lib/python3.10/site-packages/torch/nn/modules/module.py", line 1532, in _wrapped_call_impl
    return self._call_impl(*args, **kwargs)
  File "/home/helen/miniconda3/envs/placer_env/lib/python3.10/site-packages/torch/nn/modules/module.py", line 1541, in _call_impl
    return forward_call(*args, **kwargs)
  File "/home/helen/miniconda3/envs/placer_env/lib/python3.10/site-packages/torch/nn/modules/linear.py", line 116, in forward
    return F.linear(input, self.weight, self.bias)
RuntimeError: CUDA error: CUBLAS_STATUS_NOT_INITIALIZED when calling `cublasCreate(handle)`

2025-12-15 22:22:47,159 | INFO |Entry EH95_Geranyl_acetate_0_chai: Single ligand detected. Running standard mode...
2025-12-15 22:23:08,620 | ERROR |PLACER failed for EH95_Geranyl_acetate_0_chai: Traceback (most recent call last):
  File "/nvme2/helen/EnzymeStructuralFiltering/filterzyme/PLACER/run_PLACER.py", line 282, in <module>
    main(args)
  File "/nvme2/helen/EnzymeStructuralFiltering/filterzyme/PLACER/run_PLACER.py", line 196, in main
    outputs = placer.run(placer_input_iter, args.nsamples)
  File "/nvme2/helen/EnzymeStructuralFiltering/filterzyme/PLACER/PLACER.py", line 405, in run
    Xs,Ds,plDDTs,pDEVs = self.net()(**{k:item[k] for k in input_keys}, recycles=recycles, save_recycling_data=save_recycling_data)
  File "/home/helen/miniconda3/envs/placer_env/lib/python3.10/site-packages/torch/nn/modules/module.py", line 1532, in _wrapped_call_impl
    return self._call_impl(*args, **kwargs)
  File "/home/helen/miniconda3/envs/placer_env/lib/python3.10/site-packages/torch/nn/modules/module.py", line 1541, in _call_impl
    return forward_call(*args, **kwargs)
  File "/nvme2/helen/EnzymeStructuralFiltering/filterzyme/PLACER/modules/model.py", line 281, in forward
    single = self.init_single(f1d)
  File "/home/helen/miniconda3/envs/placer_env/lib/python3.10/site-packages/torch/nn/modules/module.py", line 1532, in _wrapped_call_impl
    return self._call_impl(*args, **kwargs)
  File "/home/helen/miniconda3/envs/placer_env/lib/python3.10/site-packages/torch/nn/modules/module.py", line 1541, in _call_impl
    return forward_call(*args, **kwargs)
  File "/nvme2/helen/EnzymeStructuralFiltering/filterzyme/PLACER/modules/model.py", line 155, in forward
    return self.net(f1d)
  File "/home/helen/miniconda3/envs/placer_env/lib/python3.10/site-packages/torch/nn/modules/module.py", line 1532, in _wrapped_call_impl
    return self._call_impl(*args, **kwargs)
  File "/home/helen/miniconda3/envs/placer_env/lib/python3.10/site-packages/torch/nn/modules/module.py", line 1541, in _call_impl
    return forward_call(*args, **kwargs)
  File "/home/helen/miniconda3/envs/placer_env/lib/python3.10/site-packages/torch/nn/modules/container.py", line 217, in forward
    input = module(input)
  File "/home/helen/miniconda3/envs/placer_env/lib/python3.10/site-packages/torch/nn/modules/module.py", line 1532, in _wrapped_call_impl
    return self._call_impl(*args, **kwargs)
  File "/home/helen/miniconda3/envs/placer_env/lib/python3.10/site-packages/torch/nn/modules/module.py", line 1541, in _call_impl
    return forward_call(*args, **kwargs)
  File "/home/helen/miniconda3/envs/placer_env/lib/python3.10/site-packages/torch/nn/modules/linear.py", line 116, in forward
    return F.linear(input, self.weight, self.bias)
RuntimeError: CUDA error: CUBLAS_STATUS_NOT_INITIALIZED when calling `cublasCreate(handle)`

2025-12-15 22:23:08,626 | INFO |Entry EH95_L_Pantolactone_0_chai: Single ligand detected. Running standard mode...
2025-12-15 22:23:30,567 | ERROR |PLACER failed for EH95_L_Pantolactone_0_chai: Traceback (most recent call last):
  File "/nvme2/helen/EnzymeStructuralFiltering/filterzyme/PLACER/run_PLACER.py", line 282, in <module>
    main(args)
  File "/nvme2/helen/EnzymeStructuralFiltering/filterzyme/PLACER/run_PLACER.py", line 196, in main
    outputs = placer.run(placer_input_iter, args.nsamples)
  File "/nvme2/helen/EnzymeStructuralFiltering/filterzyme/PLACER/PLACER.py", line 405, in run
    Xs,Ds,plDDTs,pDEVs = self.net()(**{k:item[k] for k in input_keys}, recycles=recycles, save_recycling_data=save_recycling_data)
  File "/home/helen/miniconda3/envs/placer_env/lib/python3.10/site-packages/torch/nn/modules/module.py", line 1532, in _wrapped_call_impl
    return self._call_impl(*args, **kwargs)
  File "/home/helen/miniconda3/envs/placer_env/lib/python3.10/site-packages/torch/nn/modules/module.py", line 1541, in _call_impl
    return forward_call(*args, **kwargs)
  File "/nvme2/helen/EnzymeStructuralFiltering/filterzyme/PLACER/modules/model.py", line 281, in forward
    single = self.init_single(f1d)
  File "/home/helen/miniconda3/envs/placer_env/lib/python3.10/site-packages/torch/nn/modules/module.py", line 1532, in _wrapped_call_impl
    return self._call_impl(*args, **kwargs)
  File "/home/helen/miniconda3/envs/placer_env/lib/python3.10/site-packages/torch/nn/modules/module.py", line 1541, in _call_impl
    return forward_call(*args, **kwargs)
  File "/nvme2/helen/EnzymeStructuralFiltering/filterzyme/PLACER/modules/model.py", line 155, in forward
    return self.net(f1d)
  File "/home/helen/miniconda3/envs/placer_env/lib/python3.10/site-packages/torch/nn/modules/module.py", line 1532, in _wrapped_call_impl
    return self._call_impl(*args, **kwargs)
  File "/home/helen/miniconda3/envs/placer_env/lib/python3.10/site-packages/torch/nn/modules/module.py", line 1541, in _call_impl
    return forward_call(*args, **kwargs)
  File "/home/helen/miniconda3/envs/placer_env/lib/python3.10/site-packages/torch/nn/modules/container.py", line 217, in forward
    input = module(input)
  File "/home/helen/miniconda3/envs/placer_env/lib/python3.10/site-packages/torch/nn/modules/module.py", line 1532, in _wrapped_call_impl
    return self._call_impl(*args, **kwargs)
  File "/home/helen/miniconda3/envs/placer_env/lib/python3.10/site-packages/torch/nn/modules/module.py", line 1541, in _call_impl
    return forward_call(*args, **kwargs)
  File "/home/helen/miniconda3/envs/placer_env/lib/python3.10/site-packages/torch/nn/modules/linear.py", line 116, in forward
    return F.linear(input, self.weight, self.bias)
RuntimeError: CUDA error: CUBLAS_STATUS_NOT_INITIALIZED when calling `cublasCreate(handle)`

2025-12-15 22:23:30,573 | INFO |Entry EH95_Vinyl_propionate_0_chai: Single ligand detected. Running standard mode...
2025-12-15 22:26:48,062 | INFO |Entry EH96_1_Napthyl_acetate_0_chai: Single ligand detected. Running standard mode...
2025-12-15 22:30:05,413 | INFO |Entry EH96_Ethyl_3_oxohexanoate_0_chai: Single ligand detected. Running standard mode...
2025-12-15 22:33:21,280 | INFO |Entry EH96_Geranyl_acetate_0_chai: Single ligand detected. Running standard mode...
2025-12-15 22:36:36,511 | INFO |Entry EH96_L_Pantolactone_0_chai: Single ligand detected. Running standard mode...
2025-12-15 22:39:48,587 | INFO |Entry EH96_Vinyl_propionate_0_chai: Single ligand detected. Running standard mode...
2025-12-15 22:40:08,149 | ERROR |PLACER failed for EH96_Vinyl_propionate_0_chai: Traceback (most recent call last):
  File "/nvme2/helen/EnzymeStructuralFiltering/filterzyme/PLACER/run_PLACER.py", line 282, in <module>
    main(args)
  File "/nvme2/helen/EnzymeStructuralFiltering/filterzyme/PLACER/run_PLACER.py", line 196, in main
    outputs = placer.run(placer_input_iter, args.nsamples)
  File "/nvme2/helen/EnzymeStructuralFiltering/filterzyme/PLACER/PLACER.py", line 405, in run
    Xs,Ds,plDDTs,pDEVs = self.net()(**{k:item[k] for k in input_keys}, recycles=recycles, save_recycling_data=save_recycling_data)
  File "/home/helen/miniconda3/envs/placer_env/lib/python3.10/site-packages/torch/nn/modules/module.py", line 1532, in _wrapped_call_impl
    return self._call_impl(*args, **kwargs)
  File "/home/helen/miniconda3/envs/placer_env/lib/python3.10/site-packages/torch/nn/modules/module.py", line 1541, in _call_impl
    return forward_call(*args, **kwargs)
  File "/nvme2/helen/EnzymeStructuralFiltering/filterzyme/PLACER/modules/model.py", line 281, in forward
    single = self.init_single(f1d)
  File "/home/helen/miniconda3/envs/placer_env/lib/python3.10/site-packages/torch/nn/modules/module.py", line 1532, in _wrapped_call_impl
    return self._call_impl(*args, **kwargs)
  File "/home/helen/miniconda3/envs/placer_env/lib/python3.10/site-packages/torch/nn/modules/module.py", line 1541, in _call_impl
    return forward_call(*args, **kwargs)
  File "/nvme2/helen/EnzymeStructuralFiltering/filterzyme/PLACER/modules/model.py", line 155, in forward
    return self.net(f1d)
  File "/home/helen/miniconda3/envs/placer_env/lib/python3.10/site-packages/torch/nn/modules/module.py", line 1532, in _wrapped_call_impl
    return self._call_impl(*args, **kwargs)
  File "/home/helen/miniconda3/envs/placer_env/lib/python3.10/site-packages/torch/nn/modules/module.py", line 1541, in _call_impl
    return forward_call(*args, **kwargs)
  File "/home/helen/miniconda3/envs/placer_env/lib/python3.10/site-packages/torch/nn/modules/container.py", line 217, in forward
    input = module(input)
  File "/home/helen/miniconda3/envs/placer_env/lib/python3.10/site-packages/torch/nn/modules/module.py", line 1532, in _wrapped_call_impl
    return self._call_impl(*args, **kwargs)
  File "/home/helen/miniconda3/envs/placer_env/lib/python3.10/site-packages/torch/nn/modules/module.py", line 1541, in _call_impl
    return forward_call(*args, **kwargs)
  File "/home/helen/miniconda3/envs/placer_env/lib/python3.10/site-packages/torch/nn/modules/linear.py", line 116, in forward
    return F.linear(input, self.weight, self.bias)
RuntimeError: CUDA error: CUBLAS_STATUS_NOT_INITIALIZED when calling `cublasCreate(handle)`

2025-12-15 22:40:08,154 | INFO |Entry EH97_1_Napthyl_acetate_0_chai: Single ligand detected. Running standard mode...
2025-12-15 22:40:29,924 | ERROR |PLACER failed for EH97_1_Napthyl_acetate_0_chai: Traceback (most recent call last):
  File "/nvme2/helen/EnzymeStructuralFiltering/filterzyme/PLACER/run_PLACER.py", line 282, in <module>
    main(args)
  File "/nvme2/helen/EnzymeStructuralFiltering/filterzyme/PLACER/run_PLACER.py", line 196, in main
    outputs = placer.run(placer_input_iter, args.nsamples)
  File "/nvme2/helen/EnzymeStructuralFiltering/filterzyme/PLACER/PLACER.py", line 405, in run
    Xs,Ds,plDDTs,pDEVs = self.net()(**{k:item[k] for k in input_keys}, recycles=recycles, save_recycling_data=save_recycling_data)
  File "/home/helen/miniconda3/envs/placer_env/lib/python3.10/site-packages/torch/nn/modules/module.py", line 1532, in _wrapped_call_impl
    return self._call_impl(*args, **kwargs)
  File "/home/helen/miniconda3/envs/placer_env/lib/python3.10/site-packages/torch/nn/modules/module.py", line 1541, in _call_impl
    return forward_call(*args, **kwargs)
  File "/nvme2/helen/EnzymeStructuralFiltering/filterzyme/PLACER/modules/model.py", line 281, in forward
    single = self.init_single(f1d)
  File "/home/helen/miniconda3/envs/placer_env/lib/python3.10/site-packages/torch/nn/modules/module.py", line 1532, in _wrapped_call_impl
    return self._call_impl(*args, **kwargs)
  File "/home/helen/miniconda3/envs/placer_env/lib/python3.10/site-packages/torch/nn/modules/module.py", line 1541, in _call_impl
    return forward_call(*args, **kwargs)
  File "/nvme2/helen/EnzymeStructuralFiltering/filterzyme/PLACER/modules/model.py", line 155, in forward
    return self.net(f1d)
  File "/home/helen/miniconda3/envs/placer_env/lib/python3.10/site-packages/torch/nn/modules/module.py", line 1532, in _wrapped_call_impl
    return self._call_impl(*args, **kwargs)
  File "/home/helen/miniconda3/envs/placer_env/lib/python3.10/site-packages/torch/nn/modules/module.py", line 1541, in _call_impl
    return forward_call(*args, **kwargs)
  File "/home/helen/miniconda3/envs/placer_env/lib/python3.10/site-packages/torch/nn/modules/container.py", line 217, in forward
    input = module(input)
  File "/home/helen/miniconda3/envs/placer_env/lib/python3.10/site-packages/torch/nn/modules/module.py", line 1532, in _wrapped_call_impl
    return self._call_impl(*args, **kwargs)
  File "/home/helen/miniconda3/envs/placer_env/lib/python3.10/site-packages/torch/nn/modules/module.py", line 1541, in _call_impl
    return forward_call(*args, **kwargs)
  File "/home/helen/miniconda3/envs/placer_env/lib/python3.10/site-packages/torch/nn/modules/linear.py", line 116, in forward
    return F.linear(input, self.weight, self.bias)
RuntimeError: CUDA error: CUBLAS_STATUS_NOT_INITIALIZED when calling `cublasCreate(handle)`

2025-12-15 22:40:29,930 | INFO |Entry EH97_Ethyl_3_oxohexanoate_0_chai: Single ligand detected. Running standard mode...
2025-12-15 22:40:51,833 | ERROR |PLACER failed for EH97_Ethyl_3_oxohexanoate_0_chai: Traceback (most recent call last):
  File "/nvme2/helen/EnzymeStructuralFiltering/filterzyme/PLACER/run_PLACER.py", line 282, in <module>
    main(args)
  File "/nvme2/helen/EnzymeStructuralFiltering/filterzyme/PLACER/run_PLACER.py", line 196, in main
    outputs = placer.run(placer_input_iter, args.nsamples)
  File "/nvme2/helen/EnzymeStructuralFiltering/filterzyme/PLACER/PLACER.py", line 405, in run
    Xs,Ds,plDDTs,pDEVs = self.net()(**{k:item[k] for k in input_keys}, recycles=recycles, save_recycling_data=save_recycling_data)
  File "/home/helen/miniconda3/envs/placer_env/lib/python3.10/site-packages/torch/nn/modules/module.py", line 1532, in _wrapped_call_impl
    return self._call_impl(*args, **kwargs)
  File "/home/helen/miniconda3/envs/placer_env/lib/python3.10/site-packages/torch/nn/modules/module.py", line 1541, in _call_impl
    return forward_call(*args, **kwargs)
  File "/nvme2/helen/EnzymeStructuralFiltering/filterzyme/PLACER/modules/model.py", line 281, in forward
    single = self.init_single(f1d)
  File "/home/helen/miniconda3/envs/placer_env/lib/python3.10/site-packages/torch/nn/modules/module.py", line 1532, in _wrapped_call_impl
    return self._call_impl(*args, **kwargs)
  File "/home/helen/miniconda3/envs/placer_env/lib/python3.10/site-packages/torch/nn/modules/module.py", line 1541, in _call_impl
    return forward_call(*args, **kwargs)
  File "/nvme2/helen/EnzymeStructuralFiltering/filterzyme/PLACER/modules/model.py", line 155, in forward
    return self.net(f1d)
  File "/home/helen/miniconda3/envs/placer_env/lib/python3.10/site-packages/torch/nn/modules/module.py", line 1532, in _wrapped_call_impl
    return self._call_impl(*args, **kwargs)
  File "/home/helen/miniconda3/envs/placer_env/lib/python3.10/site-packages/torch/nn/modules/module.py", line 1541, in _call_impl
    return forward_call(*args, **kwargs)
  File "/home/helen/miniconda3/envs/placer_env/lib/python3.10/site-packages/torch/nn/modules/container.py", line 217, in forward
    input = module(input)
  File "/home/helen/miniconda3/envs/placer_env/lib/python3.10/site-packages/torch/nn/modules/module.py", line 1532, in _wrapped_call_impl
    return self._call_impl(*args, **kwargs)
  File "/home/helen/miniconda3/envs/placer_env/lib/python3.10/site-packages/torch/nn/modules/module.py", line 1541, in _call_impl
    return forward_call(*args, **kwargs)
  File "/home/helen/miniconda3/envs/placer_env/lib/python3.10/site-packages/torch/nn/modules/linear.py", line 116, in forward
    return F.linear(input, self.weight, self.bias)
RuntimeError: CUDA error: CUBLAS_STATUS_NOT_INITIALIZED when calling `cublasCreate(handle)`

2025-12-15 22:40:51,839 | INFO |Entry EH97_Geranyl_acetate_0_chai: Single ligand detected. Running standard mode...
2025-12-15 22:41:13,370 | ERROR |PLACER failed for EH97_Geranyl_acetate_0_chai: Traceback (most recent call last):
  File "/nvme2/helen/EnzymeStructuralFiltering/filterzyme/PLACER/run_PLACER.py", line 282, in <module>
    main(args)
  File "/nvme2/helen/EnzymeStructuralFiltering/filterzyme/PLACER/run_PLACER.py", line 196, in main
    outputs = placer.run(placer_input_iter, args.nsamples)
  File "/nvme2/helen/EnzymeStructuralFiltering/filterzyme/PLACER/PLACER.py", line 405, in run
    Xs,Ds,plDDTs,pDEVs = self.net()(**{k:item[k] for k in input_keys}, recycles=recycles, save_recycling_data=save_recycling_data)
  File "/home/helen/miniconda3/envs/placer_env/lib/python3.10/site-packages/torch/nn/modules/module.py", line 1532, in _wrapped_call_impl
    return self._call_impl(*args, **kwargs)
  File "/home/helen/miniconda3/envs/placer_env/lib/python3.10/site-packages/torch/nn/modules/module.py", line 1541, in _call_impl
    return forward_call(*args, **kwargs)
  File "/nvme2/helen/EnzymeStructuralFiltering/filterzyme/PLACER/modules/model.py", line 281, in forward
    single = self.init_single(f1d)
  File "/home/helen/miniconda3/envs/placer_env/lib/python3.10/site-packages/torch/nn/modules/module.py", line 1532, in _wrapped_call_impl
    return self._call_impl(*args, **kwargs)
  File "/home/helen/miniconda3/envs/placer_env/lib/python3.10/site-packages/torch/nn/modules/module.py", line 1541, in _call_impl
    return forward_call(*args, **kwargs)
  File "/nvme2/helen/EnzymeStructuralFiltering/filterzyme/PLACER/modules/model.py", line 155, in forward
    return self.net(f1d)
  File "/home/helen/miniconda3/envs/placer_env/lib/python3.10/site-packages/torch/nn/modules/module.py", line 1532, in _wrapped_call_impl
    return self._call_impl(*args, **kwargs)
  File "/home/helen/miniconda3/envs/placer_env/lib/python3.10/site-packages/torch/nn/modules/module.py", line 1541, in _call_impl
    return forward_call(*args, **kwargs)
  File "/home/helen/miniconda3/envs/placer_env/lib/python3.10/site-packages/torch/nn/modules/container.py", line 217, in forward
    input = module(input)
  File "/home/helen/miniconda3/envs/placer_env/lib/python3.10/site-packages/torch/nn/modules/module.py", line 1532, in _wrapped_call_impl
    return self._call_impl(*args, **kwargs)
  File "/home/helen/miniconda3/envs/placer_env/lib/python3.10/site-packages/torch/nn/modules/module.py", line 1541, in _call_impl
    return forward_call(*args, **kwargs)
  File "/home/helen/miniconda3/envs/placer_env/lib/python3.10/site-packages/torch/nn/modules/linear.py", line 116, in forward
    return F.linear(input, self.weight, self.bias)
RuntimeError: CUDA error: CUBLAS_STATUS_NOT_INITIALIZED when calling `cublasCreate(handle)`

2025-12-15 22:41:13,376 | INFO |Entry EH97_L_Pantolactone_0_chai: Single ligand detected. Running standard mode...
2025-12-15 22:41:35,086 | ERROR |PLACER failed for EH97_L_Pantolactone_0_chai: Traceback (most recent call last):
  File "/nvme2/helen/EnzymeStructuralFiltering/filterzyme/PLACER/run_PLACER.py", line 282, in <module>
    main(args)
  File "/nvme2/helen/EnzymeStructuralFiltering/filterzyme/PLACER/run_PLACER.py", line 196, in main
    outputs = placer.run(placer_input_iter, args.nsamples)
  File "/nvme2/helen/EnzymeStructuralFiltering/filterzyme/PLACER/PLACER.py", line 405, in run
    Xs,Ds,plDDTs,pDEVs = self.net()(**{k:item[k] for k in input_keys}, recycles=recycles, save_recycling_data=save_recycling_data)
  File "/home/helen/miniconda3/envs/placer_env/lib/python3.10/site-packages/torch/nn/modules/module.py", line 1532, in _wrapped_call_impl
    return self._call_impl(*args, **kwargs)
  File "/home/helen/miniconda3/envs/placer_env/lib/python3.10/site-packages/torch/nn/modules/module.py", line 1541, in _call_impl
    return forward_call(*args, **kwargs)
  File "/nvme2/helen/EnzymeStructuralFiltering/filterzyme/PLACER/modules/model.py", line 281, in forward
    single = self.init_single(f1d)
  File "/home/helen/miniconda3/envs/placer_env/lib/python3.10/site-packages/torch/nn/modules/module.py", line 1532, in _wrapped_call_impl
    return self._call_impl(*args, **kwargs)
  File "/home/helen/miniconda3/envs/placer_env/lib/python3.10/site-packages/torch/nn/modules/module.py", line 1541, in _call_impl
    return forward_call(*args, **kwargs)
  File "/nvme2/helen/EnzymeStructuralFiltering/filterzyme/PLACER/modules/model.py", line 155, in forward
    return self.net(f1d)
  File "/home/helen/miniconda3/envs/placer_env/lib/python3.10/site-packages/torch/nn/modules/module.py", line 1532, in _wrapped_call_impl
    return self._call_impl(*args, **kwargs)
  File "/home/helen/miniconda3/envs/placer_env/lib/python3.10/site-packages/torch/nn/modules/module.py", line 1541, in _call_impl
    return forward_call(*args, **kwargs)
  File "/home/helen/miniconda3/envs/placer_env/lib/python3.10/site-packages/torch/nn/modules/container.py", line 217, in forward
    input = module(input)
  File "/home/helen/miniconda3/envs/placer_env/lib/python3.10/site-packages/torch/nn/modules/module.py", line 1532, in _wrapped_call_impl
    return self._call_impl(*args, **kwargs)
  File "/home/helen/miniconda3/envs/placer_env/lib/python3.10/site-packages/torch/nn/modules/module.py", line 1541, in _call_impl
    return forward_call(*args, **kwargs)
  File "/home/helen/miniconda3/envs/placer_env/lib/python3.10/site-packages/torch/nn/modules/linear.py", line 116, in forward
    return F.linear(input, self.weight, self.bias)
RuntimeError: CUDA error: CUBLAS_STATUS_NOT_INITIALIZED when calling `cublasCreate(handle)`

2025-12-15 22:41:35,091 | INFO |Entry EH97_Vinyl_propionate_0_chai: Single ligand detected. Running standard mode...
2025-12-15 22:41:56,774 | ERROR |PLACER failed for EH97_Vinyl_propionate_0_chai: Traceback (most recent call last):
  File "/nvme2/helen/EnzymeStructuralFiltering/filterzyme/PLACER/run_PLACER.py", line 282, in <module>
    main(args)
  File "/nvme2/helen/EnzymeStructuralFiltering/filterzyme/PLACER/run_PLACER.py", line 196, in main
    outputs = placer.run(placer_input_iter, args.nsamples)
  File "/nvme2/helen/EnzymeStructuralFiltering/filterzyme/PLACER/PLACER.py", line 405, in run
    Xs,Ds,plDDTs,pDEVs = self.net()(**{k:item[k] for k in input_keys}, recycles=recycles, save_recycling_data=save_recycling_data)
  File "/home/helen/miniconda3/envs/placer_env/lib/python3.10/site-packages/torch/nn/modules/module.py", line 1532, in _wrapped_call_impl
    return self._call_impl(*args, **kwargs)
  File "/home/helen/miniconda3/envs/placer_env/lib/python3.10/site-packages/torch/nn/modules/module.py", line 1541, in _call_impl
    return forward_call(*args, **kwargs)
  File "/nvme2/helen/EnzymeStructuralFiltering/filterzyme/PLACER/modules/model.py", line 281, in forward
    single = self.init_single(f1d)
  File "/home/helen/miniconda3/envs/placer_env/lib/python3.10/site-packages/torch/nn/modules/module.py", line 1532, in _wrapped_call_impl
    return self._call_impl(*args, **kwargs)
  File "/home/helen/miniconda3/envs/placer_env/lib/python3.10/site-packages/torch/nn/modules/module.py", line 1541, in _call_impl
    return forward_call(*args, **kwargs)
  File "/nvme2/helen/EnzymeStructuralFiltering/filterzyme/PLACER/modules/model.py", line 155, in forward
    return self.net(f1d)
  File "/home/helen/miniconda3/envs/placer_env/lib/python3.10/site-packages/torch/nn/modules/module.py", line 1532, in _wrapped_call_impl
    return self._call_impl(*args, **kwargs)
  File "/home/helen/miniconda3/envs/placer_env/lib/python3.10/site-packages/torch/nn/modules/module.py", line 1541, in _call_impl
    return forward_call(*args, **kwargs)
  File "/home/helen/miniconda3/envs/placer_env/lib/python3.10/site-packages/torch/nn/modules/container.py", line 217, in forward
    input = module(input)
  File "/home/helen/miniconda3/envs/placer_env/lib/python3.10/site-packages/torch/nn/modules/module.py", line 1532, in _wrapped_call_impl
    return self._call_impl(*args, **kwargs)
  File "/home/helen/miniconda3/envs/placer_env/lib/python3.10/site-packages/torch/nn/modules/module.py", line 1541, in _call_impl
    return forward_call(*args, **kwargs)
  File "/home/helen/miniconda3/envs/placer_env/lib/python3.10/site-packages/torch/nn/modules/linear.py", line 116, in forward
    return F.linear(input, self.weight, self.bias)
RuntimeError: CUDA error: CUBLAS_STATUS_NOT_INITIALIZED when calling `cublasCreate(handle)`

2025-12-15 22:41:56,777 | INFO |Skipping EH98_1_Napthyl_acetate_0_chai, output already exists: EH98_1_Napthyl_acetate_0_chai.csv
2025-12-15 22:41:56,779 | INFO |Skipping EH98_Ethyl_3_oxohexanoate_0_chai, output already exists: EH98_Ethyl_3_oxohexanoate_0_chai.csv
2025-12-15 22:41:56,783 | INFO |Entry EH98_Geranyl_acetate_0_chai: Single ligand detected. Running standard mode...
2025-12-15 22:42:18,359 | ERROR |PLACER failed for EH98_Geranyl_acetate_0_chai: Traceback (most recent call last):
  File "/nvme2/helen/EnzymeStructuralFiltering/filterzyme/PLACER/run_PLACER.py", line 282, in <module>
    main(args)
  File "/nvme2/helen/EnzymeStructuralFiltering/filterzyme/PLACER/run_PLACER.py", line 196, in main
    outputs = placer.run(placer_input_iter, args.nsamples)
  File "/nvme2/helen/EnzymeStructuralFiltering/filterzyme/PLACER/PLACER.py", line 405, in run
    Xs,Ds,plDDTs,pDEVs = self.net()(**{k:item[k] for k in input_keys}, recycles=recycles, save_recycling_data=save_recycling_data)
  File "/home/helen/miniconda3/envs/placer_env/lib/python3.10/site-packages/torch/nn/modules/module.py", line 1532, in _wrapped_call_impl
    return self._call_impl(*args, **kwargs)
  File "/home/helen/miniconda3/envs/placer_env/lib/python3.10/site-packages/torch/nn/modules/module.py", line 1541, in _call_impl
    return forward_call(*args, **kwargs)
  File "/nvme2/helen/EnzymeStructuralFiltering/filterzyme/PLACER/modules/model.py", line 281, in forward
    single = self.init_single(f1d)
  File "/home/helen/miniconda3/envs/placer_env/lib/python3.10/site-packages/torch/nn/modules/module.py", line 1532, in _wrapped_call_impl
    return self._call_impl(*args, **kwargs)
  File "/home/helen/miniconda3/envs/placer_env/lib/python3.10/site-packages/torch/nn/modules/module.py", line 1541, in _call_impl
    return forward_call(*args, **kwargs)
  File "/nvme2/helen/EnzymeStructuralFiltering/filterzyme/PLACER/modules/model.py", line 155, in forward
    return self.net(f1d)
  File "/home/helen/miniconda3/envs/placer_env/lib/python3.10/site-packages/torch/nn/modules/module.py", line 1532, in _wrapped_call_impl
    return self._call_impl(*args, **kwargs)
  File "/home/helen/miniconda3/envs/placer_env/lib/python3.10/site-packages/torch/nn/modules/module.py", line 1541, in _call_impl
    return forward_call(*args, **kwargs)
  File "/home/helen/miniconda3/envs/placer_env/lib/python3.10/site-packages/torch/nn/modules/container.py", line 217, in forward
    input = module(input)
  File "/home/helen/miniconda3/envs/placer_env/lib/python3.10/site-packages/torch/nn/modules/module.py", line 1532, in _wrapped_call_impl
    return self._call_impl(*args, **kwargs)
  File "/home/helen/miniconda3/envs/placer_env/lib/python3.10/site-packages/torch/nn/modules/module.py", line 1541, in _call_impl
    return forward_call(*args, **kwargs)
  File "/home/helen/miniconda3/envs/placer_env/lib/python3.10/site-packages/torch/nn/modules/linear.py", line 116, in forward
    return F.linear(input, self.weight, self.bias)
RuntimeError: CUDA error: CUBLAS_STATUS_NOT_INITIALIZED when calling `cublasCreate(handle)`

2025-12-15 22:42:18,363 | INFO |Entry EH98_L_Pantolactone_0_chai: Single ligand detected. Running standard mode...
2025-12-15 22:45:30,361 | INFO |Entry EH98_Vinyl_propionate_0_chai: Single ligand detected. Running standard mode...
2025-12-15 22:48:47,017 | INFO |Entry EH99_1_Napthyl_acetate_0_chai: Single ligand detected. Running standard mode...
2025-12-15 22:52:04,279 | INFO |Entry EH99_Ethyl_3_oxohexanoate_0_chai: Single ligand detected. Running standard mode...
2025-12-15 22:52:24,184 | ERROR |CUDA OOM on EH99_Ethyl_3_oxohexanoate_0_chai.
2025-12-15 22:52:24,189 | INFO |Entry EH99_Geranyl_acetate_0_chai: Single ligand detected. Running standard mode...
2025-12-15 22:52:48,425 | ERROR |CUDA OOM on EH99_Geranyl_acetate_0_chai.
2025-12-15 22:52:48,430 | INFO |Entry EH99_L_Pantolactone_0_chai: Single ligand detected. Running standard mode...
2025-12-15 22:53:12,216 | ERROR |CUDA OOM on EH99_L_Pantolactone_0_chai.
2025-12-15 22:53:12,218 | INFO |Entry EH99_Vinyl_propionate_0_chai: Single ligand detected. Running standard mode...
2025-12-15 22:53:35,965 | ERROR |CUDA OOM on EH99_Vinyl_propionate_0_chai.
2025-12-15 22:53:35,967 | INFO |Skipping EH9_1_Napthyl_acetate_0_chai, output already exists: EH9_1_Napthyl_acetate_0_chai.csv
2025-12-15 22:53:35,970 | INFO |Skipping EH9_Ethyl_3_oxohexanoate_0_chai, output already exists: EH9_Ethyl_3_oxohexanoate_0_chai.csv
2025-12-15 22:53:35,975 | INFO |Entry EH9_Geranyl_acetate_0_chai: Single ligand detected. Running standard mode...
2025-12-15 22:53:59,452 | ERROR |CUDA OOM on EH9_Geranyl_acetate_0_chai.
2025-12-15 22:53:59,457 | INFO |Entry EH9_L_Pantolactone_0_chai: Single ligand detected. Running standard mode...
2025-12-15 22:54:22,436 | ERROR |CUDA OOM on EH9_L_Pantolactone_0_chai.
2025-12-15 22:54:22,441 | INFO |Entry EH9_Vinyl_propionate_0_chai: Single ligand detected. Running standard mode...
2025-12-15 22:54:46,443 | ERROR |CUDA OOM on EH9_Vinyl_propionate_0_chai.
2025-12-15 22:54:47,085 | INFO |Combined summary CSV saved to: placer_output/placer_results.csv
