{
    "affinity_pred_value": 1.83753502368927,
    "affinity_probability_binary": 0.286404013633728,
    "affinity_pred_value1": 1.9484349489212036,
    "affinity_probability_binary1": 0.22432288527488708,
    "affinity_pred_value2": 1.7266350984573364,
    "affinity_probability_binary2": 0.34848517179489136
}