{
    "confidence_score": 0.8959879279136658,
    "ptm": 0.8811670541763306,
    "iptm": 0.9524198770523071,
    "ligand_iptm": 0.9524198770523071,
    "protein_iptm": 0.0,
    "complex_plddt": 0.8818799257278442,
    "complex_iplddt": 0.8788488507270813,
    "complex_pde": 0.9723803400993347,
    "complex_ipde": 2.3672971725463867,
    "chains_ptm": {
        "0": 0.8750292062759399,
        "1": 0.9374991655349731,
        "2": 0.9354574084281921
    },
    "pair_chains_iptm": {
        "0": {
            "0": 0.8750292062759399,
            "1": 0.3341957628726959,
            "2": 0.6528382897377014
        },
        "1": {
            "0": 0.853951632976532,
            "1": 0.9374991655349731,
            "2": 0.6392293572425842
        },
        "2": {
            "0": 0.9867028594017029,
            "1": 0.5103404521942139,
            "2": 0.9354574084281921
        }
    }
}