{
    "confidence_score": 0.904181957244873,
    "ptm": 0.8423994779586792,
    "iptm": 0.9812862873077393,
    "ligand_iptm": 0.9812862873077393,
    "protein_iptm": 0.0,
    "complex_plddt": 0.8849058747291565,
    "complex_iplddt": 0.9021768569946289,
    "complex_pde": 0.7469609379768372,
    "complex_ipde": 1.0087922811508179,
    "chains_ptm": {
        "0": 0.830082356929779,
        "1": 0.9493956565856934,
        "2": 0.9562575221061707
    },
    "pair_chains_iptm": {
        "0": {
            "0": 0.830082356929779,
            "1": 0.4512624740600586,
            "2": 0.6319648623466492
        },
        "1": {
            "0": 0.9608151316642761,
            "1": 0.9493956565856934,
            "2": 0.8514083027839661
        },
        "2": {
            "0": 0.9905316829681396,
            "1": 0.7418025135993958,
            "2": 0.9562575221061707
        }
    }
}