{
    "confidence_score": 0.8987392783164978,
    "ptm": 0.8330387473106384,
    "iptm": 0.95475172996521,
    "ligand_iptm": 0.95475172996521,
    "protein_iptm": 0.0,
    "complex_plddt": 0.8847360610961914,
    "complex_iplddt": 0.8963427543640137,
    "complex_pde": 0.9870720505714417,
    "complex_ipde": 2.3450183868408203,
    "chains_ptm": {
        "0": 0.8220068216323853,
        "1": 0.9422701597213745,
        "2": 0.9451649188995361
    },
    "pair_chains_iptm": {
        "0": {
            "0": 0.8220068216323853,
            "1": 0.34634214639663696,
            "2": 0.613097071647644
        },
        "1": {
            "0": 0.8623078465461731,
            "1": 0.9422701597213745,
            "2": 0.655856728553772
        },
        "2": {
            "0": 0.9868296980857849,
            "1": 0.5215561389923096,
            "2": 0.9451649188995361
        }
    }
}