{
    "confidence_score": 0.900859534740448,
    "ptm": 0.8337052464485168,
    "iptm": 0.9830548167228699,
    "ligand_iptm": 0.9830548167228699,
    "protein_iptm": 0.0,
    "complex_plddt": 0.8803107142448425,
    "complex_iplddt": 0.8961501121520996,
    "complex_pde": 0.7382609248161316,
    "complex_ipde": 0.9614341259002686,
    "chains_ptm": {
        "0": 0.8200581073760986,
        "1": 0.955228328704834,
        "2": 0.9570363759994507
    },
    "pair_chains_iptm": {
        "0": {
            "0": 0.8200581073760986,
            "1": 0.4642283618450165,
            "2": 0.621947169303894
        },
        "1": {
            "0": 0.9650120735168457,
            "1": 0.955228328704834,
            "2": 0.8697732090950012
        },
        "2": {
            "0": 0.9908421635627747,
            "1": 0.7358070015907288,
            "2": 0.9570363759994507
        }
    }
}