{
    "affinity_pred_value": 1.7974001169204712,
    "affinity_probability_binary": 0.34794187545776367,
    "affinity_pred_value1": 2.00040864944458,
    "affinity_probability_binary1": 0.3219975233078003,
    "affinity_pred_value2": 1.5943915843963623,
    "affinity_probability_binary2": 0.37388625741004944
}