{
    "confidence_score": 0.8960478901863098,
    "ptm": 0.8551242351531982,
    "iptm": 0.9520936608314514,
    "ligand_iptm": 0.9520936608314514,
    "protein_iptm": 0.0,
    "complex_plddt": 0.8820364475250244,
    "complex_iplddt": 0.8842261433601379,
    "complex_pde": 0.9930638670921326,
    "complex_ipde": 2.3503916263580322,
    "chains_ptm": {
        "0": 0.8463700413703918,
        "1": 0.9368857741355896,
        "2": 0.9425029754638672
    },
    "pair_chains_iptm": {
        "0": {
            "0": 0.8463700413703918,
            "1": 0.3116615414619446,
            "2": 0.6309069395065308
        },
        "1": {
            "0": 0.8514660000801086,
            "1": 0.9368857741355896,
            "2": 0.6502386331558228
        },
        "2": {
            "0": 0.9873915314674377,
            "1": 0.4902413487434387,
            "2": 0.9425029754638672
        }
    }
}