{
    "confidence_score": 0.908050537109375,
    "ptm": 0.8685072660446167,
    "iptm": 0.9833377599716187,
    "ligand_iptm": 0.9833377599716187,
    "protein_iptm": 0.0,
    "complex_plddt": 0.8892287611961365,
    "complex_iplddt": 0.915874183177948,
    "complex_pde": 0.64151930809021,
    "complex_ipde": 0.8613868951797485,
    "chains_ptm": {
        "0": 0.8585150241851807,
        "1": 0.9592821002006531,
        "2": 0.9489037394523621
    },
    "pair_chains_iptm": {
        "0": {
            "0": 0.8585150241851807,
            "1": 0.5268316268920898,
            "2": 0.6074713468551636
        },
        "1": {
            "0": 0.9772336483001709,
            "1": 0.9592821002006531,
            "2": 0.8600769639015198
        },
        "2": {
            "0": 0.9860979318618774,
            "1": 0.7876513600349426,
            "2": 0.9489037394523621
        }
    }
}