{
    "confidence_score": 0.8999983668327332,
    "ptm": 0.8375826478004456,
    "iptm": 0.9575377106666565,
    "ligand_iptm": 0.9575377106666565,
    "protein_iptm": 0.0,
    "complex_plddt": 0.8856135010719299,
    "complex_iplddt": 0.9028245806694031,
    "complex_pde": 0.962291419506073,
    "complex_ipde": 2.17647123336792,
    "chains_ptm": {
        "0": 0.8267949819564819,
        "1": 0.9426194429397583,
        "2": 0.9485065937042236
    },
    "pair_chains_iptm": {
        "0": {
            "0": 0.8267949819564819,
            "1": 0.3447510600090027,
            "2": 0.62404865026474
        },
        "1": {
            "0": 0.8742174506187439,
            "1": 0.9426194429397583,
            "2": 0.6770569682121277
        },
        "2": {
            "0": 0.986492931842804,
            "1": 0.555111289024353,
            "2": 0.9485065937042236
        }
    }
}