{
    "confidence_score": 0.8973302245140076,
    "ptm": 0.9613877534866333,
    "iptm": 0.9682918190956116,
    "ligand_iptm": 0.9682918190956116,
    "protein_iptm": 0.0,
    "complex_plddt": 0.8795897364616394,
    "complex_iplddt": 0.8914855122566223,
    "complex_pde": 0.6007893085479736,
    "complex_ipde": 1.6706764698028564,
    "chains_ptm": {
        "0": 0.9609730839729309,
        "1": 0.9448744058609009,
        "2": 0.9576292634010315
    },
    "pair_chains_iptm": {
        "0": {
            "0": 0.9609730839729309,
            "1": 0.4170131981372833,
            "2": 0.7324559688568115
        },
        "1": {
            "0": 0.903624415397644,
            "1": 0.9448744058609009,
            "2": 0.7520257234573364
        },
        "2": {
            "0": 0.9905522465705872,
            "1": 0.6457222104072571,
            "2": 0.9576292634010315
        }
    }
}